{
	"Version": 3,
	"Meta": {
		"Duration": 8,
		"Fps": 30.0,
		"FadeInTime": 0.2,
		"Loop": true,
		"AreBeziersRestricted": true,
		"CurveCount": 73,
		"TotalSegmentCount": 343,
		"TotalPointCount": 1060,
		"UserDataCount": 0,
		"TotalUserDataSize": 0
	},
	"Curves": [
		{
			"Target": "Model",
			"Id": "Opacity",
			"Segments": [
				0,
				1,
				0,
				8,
				1
			]
		},
		{
			"Target": "Parameter",
			"Id": "Param2",
			"Segments": [
				0,
				0,
				1,
				0.267,
				0,
				0.533,
				14,
				0.8,
				14,
				1,
				1.122,
				14,
				1.444,
				11.5,
				1.767,
				-2,
				1,
				2.078,
				-15.034,
				2.389,
				-30,
				2.7,
				-30,
				1,
				3.133,
				-30,
				3.567,
				-18.963,
				4,
				0,
				1,
				4.233,
				10.211,
				4.467,
				14,
				4.7,
				14,
				1,
				5.022,
				14,
				5.344,
				11.5,
				5.667,
				-2,
				1,
				5.978,
				-15.034,
				6.289,
				-30,
				6.6,
				-30,
				1,
				7.067,
				-30,
				7.533,
				0,
				8,
				0
			]
		},
		{
			"Target": "Parameter",
			"Id": "Param3",
			"Segments": [
				0,
				0,
				1,
				0.3,
				0,
				0.6,
				-12,
				0.9,
				-12,
				1,
				1.233,
				-12,
				1.567,
				-9.427,
				1.9,
				1,
				1,
				2.211,
				10.732,
				2.522,
				20,
				2.833,
				20,
				1,
				3.222,
				20,
				3.611,
				12.593,
				4,
				0,
				1,
				4.267,
				-8.635,
				4.533,
				-12,
				4.8,
				-12,
				1,
				5.133,
				-12,
				5.467,
				-9.427,
				5.8,
				1,
				1,
				6.111,
				10.732,
				6.422,
				20,
				6.733,
				20,
				1,
				7.156,
				20,
				7.578,
				0,
				8,
				0
			]
		},
		{
			"Target": "Parameter",
			"Id": "Param4",
			"Segments": [
				0,
				0,
				1,
				0.278,
				0,
				0.556,
				-30,
				0.833,
				-30,
				1,
				1.167,
				-30,
				1.5,
				-1,
				1.833,
				-1,
				1,
				2.144,
				-1,
				2.456,
				-30,
				2.767,
				-30,
				1,
				3.178,
				-30,
				3.589,
				0,
				4,
				0,
				1,
				4.244,
				0,
				4.489,
				-30,
				4.733,
				-30,
				1,
				5.067,
				-30,
				5.4,
				-1,
				5.733,
				-1,
				1,
				6.044,
				-1,
				6.356,
				-30,
				6.667,
				-30,
				1,
				7.111,
				-30,
				7.556,
				0,
				8,
				0
			]
		},
		{
			"Target": "Parameter",
			"Id": "ParamAngleX",
			"Segments": [
				0,
				-18,
				1,
				0.444,
				-18,
				0.889,
				-12.792,
				1.333,
				0,
				1,
				1.811,
				13.751,
				2.289,
				22,
				2.767,
				22,
				1,
				3.178,
				22,
				3.589,
				-18,
				4,
				-18,
				1,
				4.411,
				-18,
				4.822,
				-12.324,
				5.233,
				0,
				1,
				5.711,
				14.323,
				6.189,
				22,
				6.667,
				22,
				1,
				7.111,
				22,
				7.556,
				-18,
				8,
				-18
			]
		},
		{
			"Target": "Parameter",
			"Id": "ParamAngleY",
			"Segments": [
				0,
				-12,
				1,
				0.444,
				-12,
				0.889,
				-8.883,
				1.333,
				0,
				1,
				1.811,
				9.549,
				2.289,
				16,
				2.767,
				16,
				1,
				3.178,
				16,
				3.589,
				-12,
				4,
				-12,
				1,
				4.411,
				-12,
				4.822,
				-8.589,
				5.233,
				0,
				1,
				5.711,
				9.982,
				6.189,
				16,
				6.667,
				16,
				1,
				7.111,
				16,
				7.556,
				-12,
				8,
				-12
			]
		},
		{
			"Target": "Parameter",
			"Id": "ParamAngleZ",
			"Segments": [
				0,
				0,
				1,
				1.333,
				0,
				2.667,
				0,
				4,
				0,
				1,
				5.333,
				0,
				6.667,
				0,
				8,
				0
			]
		},
		{
			"Target": "Parameter",
			"Id": "ParamEyeLOpen",
			"Segments": [
				0,
				1,
				1,
				0.4,
				0.519,
				0.8,
				0,
				1.2,
				0,
				1,
				1.689,
				0,
				2.178,
				0.564,
				2.667,
				0.8,
				1,
				3.111,
				1.015,
				3.556,
				1,
				4,
				1,
				1,
				4.367,
				1,
				4.733,
				0,
				5.1,
				0,
				1,
				5.589,
				0,
				6.078,
				0.581,
				6.567,
				0.8,
				1,
				7.044,
				1.014,
				7.522,
				1,
				8,
				1
			]
		},
		{
			"Target": "Parameter",
			"Id": "ParamEyeLSmile",
			"Segments": [
				0,
				0,
				1,
				1.333,
				0,
				2.667,
				0,
				4,
				0,
				1,
				5.333,
				0,
				6.667,
				0,
				8,
				0
			]
		},
		{
			"Target": "Parameter",
			"Id": "Param23",
			"Segments": [
				0,
				0,
				1,
				1.333,
				0,
				2.667,
				0,
				4,
				0,
				1,
				5.333,
				0,
				6.667,
				0,
				8,
				0
			]
		},
		{
			"Target": "Parameter",
			"Id": "Param24",
			"Segments": [
				0,
				0,
				1,
				1.333,
				0,
				2.667,
				0,
				4,
				0,
				1,
				5.333,
				0,
				6.667,
				0,
				8,
				0
			]
		},
		{
			"Target": "Parameter",
			"Id": "Param25",
			"Segments": [
				0,
				0,
				1,
				1.333,
				0,
				2.667,
				0,
				4,
				0,
				1,
				5.333,
				0,
				6.667,
				0,
				8,
				0
			]
		},
		{
			"Target": "Parameter",
			"Id": "ParamBodyAngleX",
			"Segments": [
				0,
				-10,
				1,
				0.667,
				-3.077,
				1.333,
				4,
				2,
				4,
				1,
				2.667,
				4,
				3.333,
				-10,
				4,
				-10,
				1,
				4.633,
				-10,
				5.267,
				4,
				5.9,
				4,
				1,
				6.6,
				4,
				7.3,
				-10,
				8,
				-10
			]
		},
		{
			"Target": "Parameter",
			"Id": "ParamBodyAngleY",
			"Segments": [
				0,
				-2,
				1,
				0.667,
				-2,
				1.333,
				2,
				2,
				2,
				1,
				2.667,
				2,
				3.333,
				-2,
				4,
				-2,
				1,
				4.633,
				-2,
				5.267,
				2,
				5.9,
				2,
				1,
				6.6,
				2,
				7.3,
				-2,
				8,
				-2
			]
		},
		{
			"Target": "Parameter",
			"Id": "ParamBodyAngleZ",
			"Segments": [
				0,
				0,
				1,
				1.333,
				0,
				2.667,
				0,
				4,
				0,
				1,
				5.333,
				0,
				6.667,
				0,
				8,
				0
			]
		},
		{
			"Target": "Parameter",
			"Id": "ParamBreath",
			"Segments": [
				0,
				0,
				1,
				0.333,
				0,
				0.667,
				1,
				1,
				1,
				1,
				1.333,
				1,
				1.667,
				0,
				2,
				0,
				1,
				2.333,
				0,
				2.667,
				1,
				3,
				1,
				1,
				3.333,
				1,
				3.667,
				0,
				4,
				0,
				1,
				4.3,
				0,
				4.6,
				1,
				4.9,
				1,
				1,
				5.233,
				1,
				5.567,
				0,
				5.9,
				0,
				1,
				6.344,
				0,
				6.789,
				1,
				7.233,
				1,
				1,
				7.489,
				1,
				7.744,
				0,
				8,
				0
			]
		},
		{
			"Target": "Parameter",
			"Id": "ParamEyeBallX",
			"Segments": [
				0,
				0,
				1,
				1.333,
				0,
				2.667,
				0,
				4,
				0,
				1,
				5.333,
				0,
				6.667,
				0,
				8,
				0
			]
		},
		{
			"Target": "Parameter",
			"Id": "ParamEyeBallY",
			"Segments": [
				0,
				0,
				1,
				1.333,
				0,
				2.667,
				0,
				4,
				0,
				1,
				5.333,
				0,
				6.667,
				0,
				8,
				0
			]
		},
		{
			"Target": "Parameter",
			"Id": "ParamHairFront",
			"Segments": [
				0,
				0,
				1,
				0.344,
				-0.462,
				0.689,
				-1,
				1.033,
				-1,
				1,
				1.356,
				-1,
				1.678,
				-0.644,
				2,
				0,
				1,
				2.344,
				0.688,
				2.689,
				1,
				3.033,
				1,
				1,
				3.356,
				1,
				3.678,
				0.678,
				4,
				0,
				1,
				4.311,
				-0.655,
				4.622,
				-1,
				4.933,
				-1,
				1,
				5.256,
				-1,
				5.578,
				-0.537,
				5.9,
				0,
				1,
				6.356,
				0.759,
				6.811,
				1,
				7.267,
				1,
				1,
				7.511,
				1,
				7.756,
				0,
				8,
				0
			]
		},
		{
			"Target": "Parameter",
			"Id": "ParamHairSide",
			"Segments": [
				0,
				0,
				1,
				0.356,
				0,
				1.044,
				-0.6,
				1.4,
				-0.6,
				1,
				1.844,
				-0.6,
				2.289,
				0.7,
				2.733,
				0.7,
				1,
				3.156,
				0.7,
				3.578,
				0.387,
				4,
				0,
				1,
				4.5,
				-0.458,
				5,
				-0.6,
				5.5,
				-0.6,
				1,
				5.944,
				-0.6,
				6.389,
				0.7,
				6.833,
				0.7,
				1,
				7.222,
				0.7,
				7.611,
				0,
				8,
				0
			]
		},
		{
			"Target": "Parameter",
			"Id": "Param36",
			"Segments": [
				0,
				0,
				1,
				0.467,
				0,
				0.933,
				-30,
				1.4,
				-30,
				1,
				1.844,
				-30,
				2.289,
				30,
				2.733,
				30,
				1,
				3.156,
				30,
				3.578,
				18.164,
				4,
				0,
				1,
				4.5,
				-21.509,
				5,
				-30,
				5.5,
				-30,
				1,
				5.944,
				-30,
				6.389,
				30,
				6.833,
				30,
				1,
				7.222,
				30,
				7.611,
				0,
				8,
				0
			]
		},
		{
			"Target": "Parameter",
			"Id": "Param",
			"Segments": [
				0,
				11,
				1,
				0.367,
				11,
				0.733,
				7.936,
				1.1,
				-2,
				1,
				1.4,
				-10.13,
				1.7,
				-17,
				2,
				-17,
				1,
				2.367,
				-17,
				2.733,
				-15.451,
				3.1,
				-2,
				1,
				3.4,
				9.006,
				3.7,
				30,
				4,
				30,
				1,
				4.333,
				30,
				4.667,
				12.619,
				5,
				-2,
				1,
				5.3,
				-15.157,
				5.6,
				-17,
				5.9,
				-17,
				1,
				6.267,
				-17,
				6.633,
				-11.772,
				7,
				-2,
				1,
				7.333,
				6.883,
				7.667,
				11,
				8,
				11
			]
		},
		{
			"Target": "Parameter",
			"Id": "Param37",
			"Segments": [
				0,
				1,
				1,
				0.367,
				1,
				0.733,
				-7.406,
				1.1,
				-15,
				1,
				1.4,
				-21.213,
				1.7,
				-22,
				2,
				-22,
				1,
				2.367,
				-22,
				2.733,
				-21.88,
				3.1,
				-15,
				1,
				3.4,
				-9.371,
				3.7,
				10,
				4,
				10,
				1,
				4.333,
				10,
				4.667,
				-7.139,
				5,
				-15,
				1,
				5.3,
				-22.075,
				5.6,
				-22,
				5.9,
				-22,
				1,
				6.267,
				-22,
				6.633,
				-21.44,
				7,
				-15,
				1,
				7.333,
				-9.145,
				7.667,
				1,
				8,
				1
			]
		},
		{
			"Target": "Parameter",
			"Id": "ParamHairBack",
			"Segments": [
				0,
				0,
				1,
				1.333,
				0,
				0.889,
				-0.8,
				1.333,
				-0.8,
				1,
				1.711,
				-0.8,
				2.222,
				1,
				2.667,
				1,
				1,
				3.111,
				1,
				3.556,
				0,
				4,
				0,
				1,
				4.444,
				-0.593,
				4.889,
				-0.8,
				5.333,
				-0.8,
				1,
				5.711,
				-0.8,
				6.222,
				1,
				6.667,
				1,
				1,
				7.111,
				1,
				7.556,
				0,
				8,
				0
			]
		},
		{
			"Target": "Parameter",
			"Id": "Param35",
			"Segments": [
				0,
				0,
				1,
				0.444,
				0,
				0.889,
				20,
				1.333,
				20,
				1,
				1.778,
				20,
				2.222,
				-12,
				2.667,
				-12,
				1,
				3.111,
				-12,
				3.556,
				-11.038,
				4,
				-2,
				1,
				4.444,
				7.038,
				4.889,
				20,
				5.333,
				20,
				1,
				5.778,
				20,
				6.222,
				-12,
				6.667,
				-12,
				1,
				7.111,
				-12,
				7.556,
				0,
				8,
				0
			]
		},
		{
			"Target": "Parameter",
			"Id": "Param29",
			"Segments": [
				0,
				-18,
				1,
				0.5,
				-13.621,
				1,
				-8.335,
				1.5,
				0,
				1,
				1.889,
				10.518,
				2.278,
				19,
				2.667,
				19,
				1,
				3,
				19,
				3.333,
				14.242,
				3.667,
				1,
				1,
				3.944,
				-10.035,
				4.222,
				-18,
				4.5,
				-18,
				1,
				5,
				-18,
				5.5,
				-13.523,
				6,
				0,
				1,
				6.389,
				10.518,
				6.778,
				19,
				7.167,
				19,
				1,
				7.444,
				19,
				7.722,
				-8.132,
				8,
				-18
			]
		},
		{
			"Target": "Parameter",
			"Id": "Param30",
			"Segments": [
				0,
				2,
				1,
				0.5,
				2,
				1,
				1.444,
				1.5,
				-1,
				1,
				1.889,
				-2.901,
				2.278,
				-5,
				2.667,
				-5,
				1,
				3,
				-5,
				3.333,
				-2.229,
				3.667,
				0,
				1,
				3.944,
				1.857,
				4.222,
				2,
				4.5,
				2,
				1,
				5,
				2,
				5.5,
				1.444,
				6,
				-1,
				1,
				6.389,
				-2.901,
				6.778,
				-5,
				7.167,
				-5,
				1,
				7.444,
				-5,
				7.722,
				2,
				8,
				2
			]
		},
		{
			"Target": "Parameter",
			"Id": "Param31",
			"Segments": [
				0,
				-14,
				1,
				0.5,
				-14,
				1,
				-10.579,
				1.5,
				0,
				1,
				1.889,
				8.228,
				2.278,
				15,
				2.667,
				15,
				1,
				3,
				15,
				3.333,
				10.507,
				3.667,
				0,
				1,
				3.944,
				-8.756,
				4.222,
				-14,
				4.5,
				-14,
				1,
				5,
				-14,
				5.5,
				-10.579,
				6,
				0,
				1,
				6.389,
				8.228,
				6.778,
				15,
				7.167,
				15,
				1,
				7.444,
				15,
				7.722,
				-14,
				8,
				-14
			]
		},
		{
			"Target": "Parameter",
			"Id": "Param32",
			"Segments": [
				0,
				4,
				1,
				0.5,
				4,
				1,
				-1,
				1.5,
				-1,
				1,
				1.889,
				-1,
				2.278,
				4,
				2.667,
				4,
				1,
				3,
				4,
				3.333,
				-2,
				3.667,
				-2,
				1,
				3.944,
				-2,
				4.222,
				4,
				4.5,
				4,
				1,
				5,
				4,
				5.5,
				-1,
				6,
				-1,
				1,
				6.389,
				-1,
				6.778,
				4,
				7.167,
				4,
				1,
				7.444,
				4,
				7.722,
				4,
				8,
				4
			]
		},
		{
			"Target": "Parameter",
			"Id": "Param7",
			"Segments": [
				0,
				0,
				1,
				0.344,
				5.637,
				0.689,
				10.591,
				1.033,
				10.591,
				1,
				1.356,
				10.591,
				1.678,
				6.179,
				2,
				0,
				1,
				2.278,
				-5.327,
				2.556,
				-7,
				2.833,
				-7,
				1,
				3.222,
				-7,
				3.611,
				-5.867,
				4,
				0,
				1,
				4.311,
				4.693,
				4.622,
				10.591,
				4.933,
				10.591,
				1,
				5.256,
				10.591,
				5.578,
				6.179,
				5.9,
				0,
				1,
				6.178,
				-5.327,
				6.456,
				-7,
				6.733,
				-7,
				1,
				7.156,
				-7,
				7.578,
				0,
				8,
				0
			]
		},
		{
			"Target": "Parameter",
			"Id": "Param6",
			"Segments": [
				0,
				0,
				1,
				1.333,
				0,
				2.667,
				0,
				4,
				0,
				1,
				5.333,
				0,
				6.667,
				0,
				8,
				0
			]
		},
		{
			"Target": "Parameter",
			"Id": "Param5",
			"Segments": [
				0,
				0,
				1,
				1.333,
				0,
				2.667,
				0,
				4,
				0,
				1,
				5.333,
				0,
				6.667,
				0,
				8,
				0
			]
		},
		{
			"Target": "Parameter",
			"Id": "Param8",
			"Segments": [
				0,
				0,
				1,
				0.356,
				-1.714,
				0.711,
				-4,
				1.067,
				-4,
				1,
				1.378,
				-4,
				1.689,
				-2.762,
				2,
				0,
				1,
				2.289,
				2.564,
				2.578,
				4,
				2.867,
				4,
				1,
				3.244,
				4,
				3.622,
				2.86,
				4,
				0,
				1,
				4.322,
				-2.439,
				4.644,
				-4,
				4.967,
				-4,
				1,
				5.278,
				-4,
				5.589,
				-2.762,
				5.9,
				0,
				1,
				6.189,
				2.564,
				6.478,
				4,
				6.767,
				4,
				1,
				7.178,
				4,
				7.589,
				0,
				8,
				0
			]
		},
		{
			"Target": "Parameter",
			"Id": "Param9",
			"Segments": [
				0,
				0,
				1,
				0.389,
				-3.231,
				0.778,
				-6,
				1.167,
				-6,
				1,
				1.456,
				-6,
				1.744,
				-3.797,
				2.033,
				0,
				1,
				2.344,
				4.089,
				2.656,
				5.858,
				2.967,
				5.858,
				1,
				3.311,
				5.858,
				3.656,
				3.89,
				4,
				0,
				1,
				4.356,
				-4.015,
				4.711,
				-6,
				5.067,
				-6,
				1,
				5.356,
				-6,
				5.644,
				-3.084,
				5.933,
				0,
				1,
				6.356,
				4.508,
				6.778,
				5.858,
				7.2,
				5.858,
				1,
				7.467,
				5.858,
				7.733,
				0,
				8,
				0
			]
		},
		{
			"Target": "Parameter",
			"Id": "Param10",
			"Segments": [
				0,
				0,
				1,
				0.367,
				-6.984,
				0.733,
				-11,
				1.1,
				-11,
				1,
				1.4,
				-11,
				1.7,
				2.68,
				2,
				16,
				1,
				2.267,
				27.84,
				2.533,
				30,
				2.8,
				30,
				1,
				3.2,
				30,
				3.6,
				12.392,
				4,
				0,
				1,
				4.333,
				-10.326,
				4.667,
				-11,
				5,
				-11,
				1,
				5.3,
				-11,
				5.6,
				2.68,
				5.9,
				16,
				1,
				6.167,
				27.84,
				6.433,
				30,
				6.7,
				30,
				1,
				7.133,
				30,
				7.567,
				0,
				8,
				0
			]
		},
		{
			"Target": "Parameter",
			"Id": "Param13",
			"Segments": [
				0,
				-8,
				1,
				0.378,
				-17.56,
				0.756,
				-30,
				1.133,
				-30,
				1,
				1.422,
				-30,
				1.711,
				17,
				2,
				17,
				1,
				2.367,
				17,
				2.733,
				-30,
				3.1,
				-30,
				1,
				3.4,
				-30,
				3.7,
				-8,
				4,
				-8,
				1,
				4.344,
				-8,
				4.689,
				-30,
				5.033,
				-30,
				1,
				5.322,
				-30,
				5.611,
				17,
				5.9,
				17,
				1,
				6.378,
				17,
				6.856,
				-30,
				7.333,
				-30,
				1,
				7.556,
				-30,
				7.778,
				-8,
				8,
				-8
			]
		},
		{
			"Target": "Parameter",
			"Id": "Param14",
			"Segments": [
				0,
				0,
				1,
				0.389,
				-12.385,
				0.778,
				-30,
				1.167,
				-30,
				1,
				1.456,
				-30,
				1.744,
				16,
				2.033,
				16,
				1,
				2.4,
				16,
				2.767,
				-30,
				3.133,
				-30,
				1,
				3.422,
				-30,
				3.711,
				0,
				4,
				0,
				1,
				4.356,
				0,
				4.711,
				-30,
				5.067,
				-30,
				1,
				5.356,
				-30,
				5.644,
				16,
				5.933,
				16,
				1,
				6.411,
				16,
				6.889,
				-30,
				7.367,
				-30,
				1,
				7.578,
				-30,
				7.789,
				0,
				8,
				0
			]
		},
		{
			"Target": "Parameter",
			"Id": "Param12",
			"Segments": [
				0,
				0,
				1,
				0.356,
				-10.769,
				0.711,
				-16,
				1.067,
				-16,
				1,
				1.378,
				-16,
				1.689,
				-13.052,
				2,
				0,
				1,
				2.278,
				11.654,
				2.556,
				24,
				2.833,
				24,
				1,
				3.222,
				24,
				3.611,
				14.388,
				4,
				0,
				1,
				4.322,
				-11.921,
				4.644,
				-16,
				4.967,
				-16,
				1,
				5.278,
				-16,
				5.589,
				-13.052,
				5.9,
				0,
				1,
				6.178,
				11.654,
				6.456,
				24,
				6.733,
				24,
				1,
				7.156,
				24,
				7.578,
				0,
				8,
				0
			]
		},
		{
			"Target": "Parameter",
			"Id": "Param11",
			"Segments": [
				0,
				0,
				1,
				0.356,
				-12.396,
				0.711,
				-18,
				1.067,
				-18,
				1,
				1.378,
				-18,
				1.689,
				-14.58,
				2,
				1,
				1,
				2.278,
				14.911,
				2.556,
				30,
				2.833,
				30,
				1,
				3.222,
				30,
				3.611,
				16.985,
				4,
				0,
				1,
				4.322,
				-14.073,
				4.644,
				-18,
				4.967,
				-18,
				1,
				5.278,
				-18,
				5.589,
				-14.58,
				5.9,
				1,
				1,
				6.178,
				14.911,
				6.456,
				30,
				6.733,
				30,
				1,
				7.156,
				30,
				7.578,
				0,
				8,
				0
			]
		},
		{
			"Target": "Parameter",
			"Id": "Param27",
			"Segments": [
				0,
				0,
				1,
				0.367,
				-7.912,
				0.733,
				-14,
				1.1,
				-14,
				1,
				1.389,
				-14,
				1.678,
				-9.657,
				1.967,
				2,
				1,
				2.267,
				14.106,
				2.567,
				22,
				2.867,
				22,
				1,
				3.244,
				22,
				3.622,
				12.369,
				4,
				0,
				1,
				4.333,
				-10.914,
				4.667,
				-14,
				5,
				-14,
				1,
				5.289,
				-14,
				5.578,
				-9.657,
				5.867,
				2,
				1,
				6.167,
				14.106,
				6.467,
				22,
				6.767,
				22,
				1,
				7.178,
				22,
				7.589,
				0,
				8,
				0
			]
		},
		{
			"Target": "Parameter",
			"Id": "Param28",
			"Segments": [
				0,
				0,
				1,
				0.389,
				-10.192,
				0.778,
				-22,
				1.167,
				-22,
				1,
				1.456,
				-22,
				1.744,
				-10.437,
				2.033,
				1,
				1,
				2.289,
				11.118,
				2.544,
				13,
				2.8,
				13,
				1,
				3.2,
				13,
				3.6,
				11.022,
				4,
				0,
				1,
				4.356,
				-9.798,
				4.711,
				-22,
				5.067,
				-22,
				1,
				5.356,
				-22,
				5.644,
				-10.437,
				5.933,
				1,
				1,
				6.189,
				11.118,
				6.444,
				13,
				6.7,
				13,
				1,
				7.133,
				13,
				7.567,
				0,
				8,
				0
			]
		},
		{
			"Target": "Parameter",
			"Id": "Param15",
			"Segments": [
				0,
				0,
				1,
				0.344,
				0,
				0.689,
				-1,
				1.033,
				-1,
				1,
				1.356,
				-1,
				1.678,
				-0.901,
				2,
				0,
				1,
				2.289,
				0.808,
				2.578,
				2,
				2.867,
				2,
				1,
				3.244,
				2,
				3.622,
				1.032,
				4,
				0,
				1,
				4.311,
				-0.85,
				4.622,
				-1,
				4.933,
				-1,
				1,
				5.256,
				-1,
				5.578,
				-0.901,
				5.9,
				0,
				1,
				6.189,
				0.808,
				6.478,
				2,
				6.767,
				2,
				1,
				7.178,
				2,
				7.589,
				0,
				8,
				0
			]
		},
		{
			"Target": "Parameter",
			"Id": "Param16",
			"Segments": [
				0,
				0,
				1,
				0.389,
				-7.154,
				0.778,
				-30,
				1.167,
				-30,
				1,
				1.444,
				-30,
				1.722,
				-14.767,
				2,
				-5,
				1,
				2.344,
				7.111,
				2.689,
				9,
				3.033,
				9,
				1,
				3.356,
				9,
				3.678,
				0.137,
				4,
				-12,
				1,
				4.356,
				-25.392,
				4.711,
				-30,
				5.067,
				-30,
				1,
				5.344,
				-30,
				5.622,
				-18.528,
				5.9,
				-5,
				1,
				6.356,
				17.185,
				6.811,
				25,
				7.267,
				25,
				1,
				7.511,
				25,
				7.756,
				0,
				8,
				0
			]
		},
		{
			"Target": "Parameter",
			"Id": "Param17",
			"Segments": [
				0,
				0,
				1,
				0.367,
				-16.154,
				0.733,
				-30,
				1.1,
				-30,
				1,
				1.4,
				-30,
				1.7,
				-17.407,
				2,
				1,
				1,
				2.333,
				21.452,
				2.667,
				29.011,
				3,
				29.011,
				1,
				3.333,
				29.011,
				3.667,
				19.664,
				4,
				0,
				1,
				4.333,
				-19.664,
				4.667,
				-30,
				5,
				-30,
				1,
				5.3,
				-30,
				5.6,
				-13.829,
				5.9,
				1,
				1,
				6.344,
				22.968,
				6.789,
				29.011,
				7.233,
				29.011,
				1,
				7.489,
				29.011,
				7.744,
				13.942,
				8,
				0
			]
		},
		{
			"Target": "Parameter",
			"Id": "Param18",
			"Segments": [
				0,
				0,
				1,
				0.389,
				0,
				0.778,
				30,
				1.167,
				30,
				1,
				1.433,
				30,
				1.7,
				-30,
				1.967,
				-30,
				1,
				2.267,
				-30,
				2.567,
				30,
				2.867,
				30,
				1,
				3.244,
				30,
				3.622,
				0,
				4,
				0,
				1,
				4.356,
				0,
				4.711,
				30,
				5.067,
				30,
				1,
				5.333,
				30,
				5.6,
				-30,
				5.867,
				-30,
				1,
				6.167,
				-30,
				6.467,
				30,
				6.767,
				30,
				1,
				7.178,
				30,
				7.589,
				0,
				8,
				0
			]
		},
		{
			"Target": "Parameter",
			"Id": "Param19",
			"Segments": [
				0,
				0,
				1,
				0.411,
				-16.154,
				0.822,
				-30,
				1.233,
				-30,
				1,
				1.744,
				-30,
				2.256,
				30,
				2.767,
				30,
				1,
				3.178,
				30,
				3.589,
				20.802,
				4,
				0,
				1,
				4.378,
				-19.115,
				4.756,
				-30,
				5.133,
				-30,
				1,
				5.644,
				-30,
				6.156,
				30,
				6.667,
				30,
				1,
				7.111,
				30,
				7.556,
				0,
				8,
				0
			]
		},
		{
			"Target": "Parameter",
			"Id": "Param20",
			"Segments": [
				0,
				0,
				1,
				0.378,
				-16.484,
				0.756,
				-30,
				1.133,
				-30,
				1,
				1.422,
				-30,
				1.711,
				-21.844,
				2,
				0,
				1,
				2.233,
				17.643,
				2.467,
				30,
				2.7,
				30,
				1,
				3.133,
				30,
				3.567,
				15.003,
				4,
				0,
				1,
				4.222,
				-7.694,
				4.444,
				-9.16,
				4.667,
				-16,
				1,
				4.789,
				-19.762,
				4.911,
				-30,
				5.033,
				-30,
				1,
				5.322,
				-30,
				5.611,
				-21.844,
				5.9,
				0,
				1,
				6.133,
				17.643,
				6.367,
				30,
				6.6,
				30,
				1,
				6.967,
				30,
				7.333,
				-16,
				7.7,
				-16,
				1,
				7.8,
				-16,
				7.9,
				0,
				8,
				0
			]
		},
		{
			"Target": "Parameter",
			"Id": "Param21",
			"Segments": [
				0,
				0,
				1,
				0.389,
				-14.505,
				0.778,
				-30,
				1.167,
				-30,
				1,
				1.444,
				-30,
				1.722,
				-20,
				2,
				0,
				1,
				2.278,
				20,
				2.556,
				30,
				2.833,
				30,
				1,
				3.222,
				30,
				3.611,
				20.847,
				4,
				0,
				1,
				4.356,
				-19.06,
				4.711,
				-30,
				5.067,
				-30,
				1,
				5.344,
				-30,
				5.622,
				-20,
				5.9,
				0,
				1,
				6.178,
				20,
				6.456,
				30,
				6.733,
				30,
				1,
				7.156,
				30,
				7.578,
				15.824,
				8,
				0
			]
		},
		{
			"Target": "Parameter",
			"Id": "Param26",
			"Segments": [
				0,
				0,
				1,
				0.489,
				-13.599,
				0.978,
				-30,
				1.467,
				-30,
				1,
				1.811,
				-30,
				2.156,
				-15.567,
				2.5,
				1,
				1,
				2.744,
				12.757,
				2.989,
				15,
				3.233,
				15,
				1,
				3.489,
				15,
				3.744,
				10.743,
				4,
				0,
				1,
				4.456,
				-19.151,
				4.911,
				-30,
				5.367,
				-30,
				1,
				5.711,
				-30,
				6.056,
				-11.218,
				6.4,
				1,
				1,
				6.756,
				13.612,
				7.111,
				15,
				7.467,
				15,
				1,
				7.644,
				15,
				7.822,
				7.665,
				8,
				0
			]
		},
		{
			"Target": "Parameter",
			"Id": "Param22",
			"Segments": [
				0,
				0,
				1,
				0.478,
				-14.176,
				0.956,
				-30,
				1.433,
				-30,
				1,
				1.733,
				-30,
				2.033,
				-21.646,
				2.333,
				-1,
				1,
				2.611,
				18.117,
				2.889,
				30,
				3.167,
				30,
				1,
				3.444,
				30,
				3.722,
				14.497,
				4,
				0,
				1,
				4.444,
				-23.195,
				4.889,
				-30,
				5.333,
				-30,
				1,
				5.633,
				-30,
				5.933,
				-18.236,
				6.233,
				-1,
				1,
				6.622,
				21.343,
				7.011,
				30,
				7.4,
				30,
				1,
				7.6,
				30,
				7.8,
				13.516,
				8,
				0
			]
		},
		{
			"Target": "Parameter",
			"Id": "Param33",
			"Segments": [
				0,
				0,
				1,
				0.667,
				0,
				1.333,
				-12,
				2,
				-12,
				1,
				2.667,
				-12,
				3.333,
				13,
				4,
				13,
				1,
				4.5,
				13,
				5,
				9.569,
				5.5,
				1,
				1,
				5.967,
				-6.998,
				6.433,
				-12,
				6.9,
				-12,
				1,
				7.267,
				-12,
				7.633,
				0,
				8,
				0
			]
		},
		{
			"Target": "Parameter",
			"Id": "Param34",
			"Segments": [
				0,
				0,
				1,
				0.667,
				0,
				1.333,
				19,
				2,
				19,
				1,
				2.667,
				19,
				3.333,
				15.992,
				4,
				0,
				1,
				4.5,
				-11.994,
				5,
				-29,
				5.5,
				-29,
				1,
				6.333,
				-29,
				7.167,
				0,
				8,
				0
			]
		},
		{
			"Target": "Parameter",
			"Id": "Param38",
			"Segments": [
				0,
				0,
				1,
				0.5,
				14.505,
				1,
				30,
				1.5,
				30,
				1,
				1.889,
				30,
				2.278,
				-30,
				2.667,
				-30,
				1,
				2.944,
				-30,
				3.222,
				30,
				3.5,
				30,
				1,
				3.833,
				30,
				4.167,
				-30,
				4.5,
				-30,
				1,
				4.889,
				-30,
				5.278,
				30,
				5.667,
				30,
				1,
				6.056,
				30,
				6.444,
				-30,
				6.833,
				-30,
				1,
				7.222,
				-30,
				7.611,
				-16.154,
				8,
				0
			]
		},
		{
			"Target": "PartOpacity",
			"Id": "Part2",
			"Segments": [
				0,
				1,
				0,
				8,
				1
			]
		},
		{
			"Target": "PartOpacity",
			"Id": "Part3",
			"Segments": [
				0,
				1,
				0,
				8,
				1
			]
		},
		{
			"Target": "PartOpacity",
			"Id": "Part",
			"Segments": [
				0,
				1,
				0,
				8,
				1
			]
		},
		{
			"Target": "PartOpacity",
			"Id": "Part4",
			"Segments": [
				0,
				1,
				0,
				8,
				1
			]
		},
		{
			"Target": "PartOpacity",
			"Id": "Part5",
			"Segments": [
				0,
				1,
				0,
				8,
				1
			]
		},
		{
			"Target": "PartOpacity",
			"Id": "Part6",
			"Segments": [
				0,
				1,
				0,
				8,
				1
			]
		},
		{
			"Target": "PartOpacity",
			"Id": "Part7",
			"Segments": [
				0,
				1,
				0,
				8,
				1
			]
		},
		{
			"Target": "PartOpacity",
			"Id": "Part8",
			"Segments": [
				0,
				1,
				0,
				8,
				1
			]
		},
		{
			"Target": "PartOpacity",
			"Id": "Part9",
			"Segments": [
				0,
				1,
				0,
				8,
				1
			]
		},
		{
			"Target": "PartOpacity",
			"Id": "Part10",
			"Segments": [
				0,
				1,
				0,
				8,
				1
			]
		},
		{
			"Target": "PartOpacity",
			"Id": "Part11",
			"Segments": [
				0,
				1,
				0,
				8,
				1
			]
		},
		{
			"Target": "PartOpacity",
			"Id": "Part12",
			"Segments": [
				0,
				1,
				0,
				8,
				1
			]
		},
		{
			"Target": "PartOpacity",
			"Id": "Part13",
			"Segments": [
				0,
				1,
				0,
				8,
				1
			]
		},
		{
			"Target": "PartOpacity",
			"Id": "Part14",
			"Segments": [
				0,
				1,
				0,
				8,
				1
			]
		},
		{
			"Target": "PartOpacity",
			"Id": "Part15",
			"Segments": [
				0,
				1,
				0,
				8,
				1
			]
		},
		{
			"Target": "PartOpacity",
			"Id": "Part16",
			"Segments": [
				0,
				1,
				0,
				8,
				1
			]
		},
		{
			"Target": "PartOpacity",
			"Id": "Part17",
			"Segments": [
				0,
				1,
				0,
				8,
				1
			]
		},
		{
			"Target": "PartOpacity",
			"Id": "Part18",
			"Segments": [
				0,
				1,
				0,
				8,
				1
			]
		},
		{
			"Target": "PartOpacity",
			"Id": "Part19",
			"Segments": [
				0,
				1,
				0,
				8,
				1
			]
		},
		{
			"Target": "PartOpacity",
			"Id": "Part20",
			"Segments": [
				0,
				1,
				0,
				8,
				1
			]
		}
	]
}