{
	"Version": 3,
	"Meta": {
		"Duration": 2.667,
		"Fps": 30.0,
		"Loop": true,
		"AreBeziersRestricted": true,
		"CurveCount": 119,
		"TotalSegmentCount": 533,
		"TotalPointCount": 1544,
		"UserDataCount": 0,
		"TotalUserDataSize": 0
	},
	"Curves": [
		{
			"Target": "Parameter",
			"Id": "Param93",
			"Segments": [
				0,
				0,
				1,
				0.889,
				0,
				1.778,
				0,
				2.667,
				0
			]
		},
		{
			"Target": "Parameter",
			"Id": "Param94",
			"Segments": [
				0,
				0,
				1,
				0.889,
				0,
				1.778,
				0,
				2.667,
				0
			]
		},
		{
			"Target": "Parameter",
			"Id": "Param95",
			"Segments": [
				0,
				0,
				1,
				0.889,
				0,
				1.778,
				0,
				2.667,
				0
			]
		},
		{
			"Target": "Parameter",
			"Id": "Param96",
			"Segments": [
				0,
				0,
				1,
				0.889,
				0,
				1.778,
				0,
				2.667,
				0
			]
		},
		{
			"Target": "Parameter",
			"Id": "Param97",
			"Segments": [
				0,
				0,
				1,
				0.889,
				0,
				1.778,
				0,
				2.667,
				0
			]
		},
		{
			"Target": "Parameter",
			"Id": "Param85",
			"Segments": [
				0,
				0,
				0,
				1.5,
				1,
				0,
				2.667,
				1
			]
		},
		{
			"Target": "Parameter",
			"Id": "Param86",
			"Segments": [
				0,
				0,
				0,
				0.9,
				0,
				0,
				2.233,
				1,
				0,
				2.667,
				1
			]
		},
		{
			"Target": "Parameter",
			"Id": "Param87",
			"Segments": [
				0,
				0,
				0,
				0.333,
				0,
				0,
				2.667,
				0.959
			]
		},
		{
			"Target": "Parameter",
			"Id": "Param88",
			"Segments": [
				0,
				0,
				0,
				2.667,
				0
			]
		},
		{
			"Target": "Parameter",
			"Id": "Param89",
			"Segments": [
				0,
				0,
				0,
				2,
				0,
				0,
				2.667,
				0.952
			]
		},
		{
			"Target": "Parameter",
			"Id": "Param90",
			"Segments": [
				0,
				0,
				0,
				2.667,
				0
			]
		},
		{
			"Target": "Parameter",
			"Id": "Param91",
			"Segments": [
				0,
				0,
				0,
				2.2,
				0,
				0,
				2.667,
				0
			]
		},
		{
			"Target": "Parameter",
			"Id": "Param92",
			"Segments": [
				0,
				0,
				0,
				1.833,
				0,
				0,
				2.667,
				0.781
			]
		},
		{
			"Target": "Parameter",
			"Id": "Param47",
			"Segments": [
				0,
				0,
				1,
				0.378,
				0,
				0.756,
				0,
				1.133,
				0,
				1,
				1.144,
				0,
				1.156,
				1,
				1.167,
				1,
				0,
				2.667,
				1
			]
		},
		{
			"Target": "Parameter",
			"Id": "Param83",
			"Segments": [
				0,
				0,
				0,
				1,
				0,
				1,
				1.111,
				0,
				1.222,
				-8,
				1.333,
				-8,
				1,
				1.444,
				-8,
				1.556,
				-5.333,
				1.667,
				0,
				1,
				1.778,
				5.333,
				1.889,
				8,
				2,
				8,
				1,
				2.111,
				8,
				2.222,
				4.237,
				2.333,
				-1,
				1,
				2.444,
				-6.237,
				2.556,
				-8,
				2.667,
				-8
			]
		},
		{
			"Target": "Parameter",
			"Id": "Param84",
			"Segments": [
				0,
				-16,
				0,
				1,
				-16,
				1,
				1.111,
				-16,
				1.222,
				-5,
				1.333,
				-5,
				1,
				1.444,
				-5,
				1.556,
				-12,
				1.667,
				-12,
				1,
				1.778,
				-12,
				1.889,
				-8.936,
				2,
				-1,
				1,
				2.111,
				6.936,
				2.222,
				12,
				2.333,
				12,
				1,
				2.444,
				12,
				2.556,
				-5,
				2.667,
				-5
			]
		},
		{
			"Target": "Parameter",
			"Id": "Param81",
			"Segments": [
				0,
				-5,
				0,
				1.333,
				-5,
				1,
				1.444,
				-5,
				1.556,
				-4.069,
				1.667,
				0,
				1,
				1.778,
				4.069,
				1.889,
				8,
				2,
				8,
				1,
				2.111,
				8,
				2.222,
				4.069,
				2.333,
				0,
				1,
				2.444,
				-4.069,
				2.556,
				-5,
				2.667,
				-5
			]
		},
		{
			"Target": "Parameter",
			"Id": "Param82",
			"Segments": [
				0,
				0,
				0,
				1.333,
				0,
				1,
				1.444,
				0,
				1.556,
				12,
				1.667,
				12,
				1,
				1.778,
				12,
				1.889,
				7.667,
				2,
				-1,
				1,
				2.111,
				-9.667,
				2.222,
				-14,
				2.333,
				-14,
				1,
				2.444,
				-14,
				2.556,
				-8.608,
				2.667,
				0
			]
		},
		{
			"Target": "Parameter",
			"Id": "Param103",
			"Segments": [
				0,
				0,
				0,
				2.667,
				0
			]
		},
		{
			"Target": "Parameter",
			"Id": "Param",
			"Segments": [
				0,
				0,
				0,
				2.667,
				0
			]
		},
		{
			"Target": "Parameter",
			"Id": "Param65",
			"Segments": [
				0,
				0,
				0,
				2.667,
				0
			]
		},
		{
			"Target": "Parameter",
			"Id": "Param66",
			"Segments": [
				0,
				0,
				0,
				2.667,
				0
			]
		},
		{
			"Target": "Parameter",
			"Id": "Param46",
			"Segments": [
				0,
				0,
				0,
				2.667,
				0
			]
		},
		{
			"Target": "Parameter",
			"Id": "Param45",
			"Segments": [
				0,
				0,
				0,
				2.667,
				0
			]
		},
		{
			"Target": "Parameter",
			"Id": "Param30",
			"Segments": [
				0,
				16,
				1,
				0.278,
				16,
				0.556,
				-12,
				0.833,
				-12,
				1,
				1.111,
				-12,
				1.389,
				14,
				1.667,
				14,
				0,
				2.667,
				14
			]
		},
		{
			"Target": "Parameter",
			"Id": "Param31",
			"Segments": [
				0,
				12,
				1,
				0.222,
				12,
				0.444,
				-24,
				0.667,
				-24,
				1,
				0.889,
				-24,
				1.111,
				22,
				1.333,
				22,
				0,
				2.667,
				22
			]
		},
		{
			"Target": "Parameter",
			"Id": "Param32",
			"Segments": [
				0,
				-1,
				1,
				0.111,
				4.492,
				0.222,
				10,
				0.333,
				10,
				1,
				0.444,
				10,
				0.556,
				6.982,
				0.667,
				0,
				1,
				0.778,
				-6.982,
				0.889,
				-11,
				1,
				-11,
				1,
				1.111,
				-11,
				1.222,
				-7.982,
				1.333,
				-1,
				1,
				1.444,
				5.982,
				1.556,
				10,
				1.667,
				10,
				1,
				1.778,
				10,
				1.889,
				6.982,
				2,
				0,
				1,
				2.111,
				-6.982,
				2.222,
				-11,
				2.333,
				-11,
				1,
				2.444,
				-11,
				2.556,
				-7.982,
				2.667,
				-1
			]
		},
		{
			"Target": "Parameter",
			"Id": "Param33",
			"Segments": [
				0,
				16,
				1,
				0.111,
				16,
				0.222,
				10.333,
				0.333,
				-1,
				1,
				0.444,
				-12.333,
				0.556,
				-18,
				0.667,
				-18,
				1,
				0.778,
				-18,
				0.889,
				-12.333,
				1,
				-1,
				1,
				1.111,
				10.333,
				1.222,
				16,
				1.333,
				16,
				1,
				1.444,
				16,
				1.556,
				10.333,
				1.667,
				-1,
				1,
				1.778,
				-12.333,
				1.889,
				-18,
				2,
				-18,
				1,
				2.111,
				-18,
				2.222,
				-12.333,
				2.333,
				-1,
				1,
				2.444,
				10.333,
				2.556,
				16,
				2.667,
				16
			]
		},
		{
			"Target": "Parameter",
			"Id": "Param62",
			"Segments": [
				0,
				0,
				1,
				0.333,
				0,
				0.667,
				1,
				1,
				1,
				1,
				1.333,
				1,
				1.667,
				0,
				2,
				0,
				1,
				2.222,
				0,
				2.444,
				0.444,
				2.667,
				0.741
			]
		},
		{
			"Target": "Parameter",
			"Id": "Param22",
			"Segments": [
				0,
				-22,
				1,
				0.111,
				-22,
				0.222,
				-13.585,
				0.333,
				0,
				1,
				0.444,
				13.585,
				0.556,
				19,
				0.667,
				19,
				1,
				0.778,
				19,
				0.889,
				13.585,
				1,
				0,
				1,
				1.111,
				-13.585,
				1.222,
				-22,
				1.333,
				-22,
				1,
				1.444,
				-22,
				1.556,
				-13.585,
				1.667,
				0,
				1,
				1.778,
				13.585,
				1.889,
				19,
				2,
				19,
				1,
				2.111,
				19,
				2.222,
				13.585,
				2.333,
				0,
				1,
				2.444,
				-13.585,
				2.556,
				-22,
				2.667,
				-22
			]
		},
		{
			"Target": "Parameter",
			"Id": "Param23",
			"Segments": [
				0,
				-1,
				1,
				0.111,
				-1,
				0.222,
				18,
				0.333,
				18,
				1,
				0.444,
				18,
				0.556,
				11.323,
				0.667,
				-1,
				1,
				0.778,
				-13.323,
				0.889,
				-19,
				1,
				-19,
				1,
				1.111,
				-19,
				1.222,
				-13.323,
				1.333,
				-1,
				1,
				1.444,
				11.323,
				1.556,
				18,
				1.667,
				18,
				1,
				1.778,
				18,
				1.889,
				11.323,
				2,
				-1,
				1,
				2.111,
				-13.323,
				2.222,
				-19,
				2.333,
				-19,
				1,
				2.444,
				-19,
				2.556,
				-13.323,
				2.667,
				-1
			]
		},
		{
			"Target": "Parameter",
			"Id": "Param27",
			"Segments": [
				0,
				-9,
				1,
				0.167,
				-9,
				0.333,
				19,
				0.5,
				19,
				1,
				0.833,
				19,
				1.167,
				-22,
				1.5,
				-22,
				1,
				1.722,
				-22,
				1.944,
				17,
				2.167,
				17,
				1,
				2.333,
				17,
				2.5,
				0.687,
				2.667,
				-7.469
			]
		},
		{
			"Target": "Parameter",
			"Id": "Param24",
			"Segments": [
				0,
				-6,
				1,
				0.278,
				-6,
				0.556,
				17,
				0.833,
				17,
				1,
				1.111,
				17,
				1.389,
				-18,
				1.667,
				-18,
				1,
				1.889,
				-18,
				2.111,
				16,
				2.333,
				16,
				1,
				2.444,
				16,
				2.556,
				9.25,
				2.667,
				2.5
			]
		},
		{
			"Target": "Parameter",
			"Id": "Param25",
			"Segments": [
				0,
				-9,
				1,
				0.111,
				-9,
				0.222,
				-6,
				0.333,
				0,
				1,
				0.444,
				6,
				0.556,
				9,
				0.667,
				9,
				1,
				0.778,
				9,
				0.889,
				6,
				1,
				0,
				1,
				1.111,
				-6,
				1.222,
				-9,
				1.333,
				-9,
				1,
				1.444,
				-9,
				1.556,
				-6,
				1.667,
				0,
				1,
				1.778,
				6,
				1.889,
				9,
				2,
				9,
				1,
				2.111,
				9,
				2.222,
				6,
				2.333,
				0,
				1,
				2.444,
				-6,
				2.556,
				-9,
				2.667,
				-9
			]
		},
		{
			"Target": "Parameter",
			"Id": "Param26",
			"Segments": [
				0,
				-2,
				1,
				0.111,
				-2,
				0.222,
				-14,
				0.333,
				-14,
				1,
				0.444,
				-14,
				0.556,
				-11.116,
				0.667,
				-2,
				1,
				0.778,
				7.116,
				0.889,
				14,
				1,
				14,
				1,
				1.111,
				14,
				1.222,
				7.116,
				1.333,
				-2,
				1,
				1.444,
				-11.116,
				1.556,
				-14,
				1.667,
				-14,
				1,
				1.778,
				-14,
				1.889,
				-11.116,
				2,
				-2,
				1,
				2.111,
				7.116,
				2.222,
				14,
				2.333,
				14,
				1,
				2.444,
				14,
				2.556,
				7.116,
				2.667,
				-2
			]
		},
		{
			"Target": "Parameter",
			"Id": "Param28",
			"Segments": [
				0,
				-12,
				1,
				0.222,
				-12,
				0.444,
				26,
				0.667,
				26,
				1,
				0.944,
				26,
				1.222,
				-13,
				1.5,
				-13,
				1,
				1.778,
				-13,
				2.056,
				15,
				2.333,
				15,
				1,
				2.444,
				15,
				2.556,
				8.25,
				2.667,
				1.5
			]
		},
		{
			"Target": "Parameter",
			"Id": "Param29",
			"Segments": [
				0,
				-8,
				1,
				0.278,
				-8,
				0.556,
				30,
				0.833,
				30,
				1,
				1.111,
				30,
				1.389,
				-15,
				1.667,
				-15,
				1,
				1.944,
				-15,
				2.222,
				30,
				2.5,
				30,
				1,
				2.556,
				30,
				2.611,
				27.375,
				2.667,
				23.437
			]
		},
		{
			"Target": "Parameter",
			"Id": "Param19",
			"Segments": [
				0,
				0,
				0,
				2.667,
				0
			]
		},
		{
			"Target": "Parameter",
			"Id": "Param71",
			"Segments": [
				0,
				0,
				0,
				2.667,
				0
			]
		},
		{
			"Target": "Parameter",
			"Id": "Param20",
			"Segments": [
				0,
				0,
				1,
				0.389,
				0,
				0.778,
				0,
				1.167,
				0,
				0,
				2.667,
				0
			]
		},
		{
			"Target": "Parameter",
			"Id": "Param21",
			"Segments": [
				0,
				0,
				0,
				2.667,
				0
			]
		},
		{
			"Target": "Parameter",
			"Id": "Param39",
			"Segments": [
				0,
				0,
				1,
				0.3,
				0,
				0.6,
				0,
				0.9,
				0,
				1,
				0.989,
				0,
				1.078,
				1,
				1.167,
				1,
				0,
				2.667,
				1
			]
		},
		{
			"Target": "Parameter",
			"Id": "Param40",
			"Segments": [
				0,
				0,
				1,
				0.3,
				0,
				0.6,
				0,
				0.9,
				0,
				1,
				0.989,
				0,
				1.078,
				1,
				1.167,
				1,
				0,
				2.667,
				1
			]
		},
		{
			"Target": "Parameter",
			"Id": "Param41",
			"Segments": [
				0,
				0,
				1,
				0.3,
				0,
				0.6,
				14,
				0.9,
				14,
				1,
				0.989,
				14,
				1.078,
				-15,
				1.167,
				-15,
				1,
				1.222,
				-15,
				1.278,
				18,
				1.333,
				18,
				1,
				1.389,
				18,
				1.444,
				-16,
				1.5,
				-16,
				1,
				1.556,
				-16,
				1.611,
				14,
				1.667,
				14,
				1,
				1.778,
				14,
				1.889,
				-12,
				2,
				-12,
				1,
				2.111,
				-12,
				2.222,
				18,
				2.333,
				18,
				0,
				2.667,
				18
			]
		},
		{
			"Target": "Parameter",
			"Id": "Param42",
			"Segments": [
				0,
				0,
				1,
				0.3,
				0,
				0.6,
				0,
				0.9,
				0,
				1,
				0.989,
				0,
				1.078,
				-30,
				1.167,
				-30,
				0,
				2.667,
				-30
			]
		},
		{
			"Target": "Parameter",
			"Id": "Param43",
			"Segments": [
				0,
				0,
				1,
				0.167,
				0,
				0.333,
				-10,
				0.5,
				-10,
				1,
				0.722,
				-10,
				0.944,
				11,
				1.167,
				11,
				1,
				1.222,
				11,
				1.278,
				-7,
				1.333,
				-7,
				1,
				1.356,
				-7,
				1.378,
				8,
				1.4,
				8,
				1,
				1.422,
				8,
				1.444,
				-9,
				1.467,
				-9,
				1,
				1.644,
				-9,
				1.822,
				-8.477,
				2,
				-7,
				1,
				2.022,
				-6.815,
				2.044,
				8,
				2.067,
				8,
				1,
				2.089,
				8,
				2.111,
				-9,
				2.133,
				-9,
				0,
				2.667,
				-9
			]
		},
		{
			"Target": "Parameter",
			"Id": "Param44",
			"Segments": [
				0,
				0,
				1,
				0.167,
				0,
				0.333,
				-12,
				0.5,
				-12,
				1,
				0.722,
				-12,
				0.944,
				15,
				1.167,
				15,
				1,
				1.222,
				15,
				1.278,
				-6,
				1.333,
				-6,
				1,
				1.356,
				-6,
				1.378,
				9,
				1.4,
				9,
				1,
				1.422,
				9,
				1.444,
				-8,
				1.467,
				-8,
				1,
				1.644,
				-8,
				1.822,
				-7.477,
				2,
				-6,
				1,
				2.022,
				-5.815,
				2.044,
				9,
				2.067,
				9,
				1,
				2.089,
				9,
				2.111,
				-8,
				2.133,
				-8,
				0,
				2.667,
				-8
			]
		},
		{
			"Target": "Parameter",
			"Id": "Param53",
			"Segments": [
				0,
				0,
				1,
				0.344,
				0,
				0.689,
				-7,
				1.033,
				-7,
				1,
				1.1,
				-7,
				1.167,
				9,
				1.233,
				9,
				1,
				1.3,
				9,
				1.367,
				-7,
				1.433,
				-7,
				1,
				1.5,
				-7,
				1.567,
				9,
				1.633,
				9,
				1,
				1.689,
				9,
				1.744,
				-7,
				1.8,
				-7,
				1,
				1.867,
				-7,
				1.933,
				9,
				2,
				9,
				1,
				2.056,
				9,
				2.111,
				-7,
				2.167,
				-7,
				1,
				2.233,
				-7,
				2.3,
				9,
				2.367,
				9,
				0,
				2.667,
				9
			]
		},
		{
			"Target": "Parameter",
			"Id": "Param54",
			"Segments": [
				0,
				0,
				1,
				0.356,
				0,
				0.711,
				12,
				1.067,
				12,
				1,
				1.133,
				12,
				1.2,
				-8,
				1.267,
				-8,
				1,
				1.333,
				-8,
				1.4,
				12,
				1.467,
				12,
				1,
				1.533,
				12,
				1.6,
				-8,
				1.667,
				-8,
				1,
				1.722,
				-8,
				1.778,
				12,
				1.833,
				12,
				1,
				1.9,
				12,
				1.967,
				-8,
				2.033,
				-8,
				1,
				2.089,
				-8,
				2.144,
				12,
				2.2,
				12,
				1,
				2.267,
				12,
				2.333,
				-8,
				2.4,
				-8,
				0,
				2.667,
				-8
			]
		},
		{
			"Target": "Parameter",
			"Id": "Param72",
			"Segments": [
				0,
				0,
				0,
				2.667,
				0
			]
		},
		{
			"Target": "Parameter",
			"Id": "Param76",
			"Segments": [
				0,
				0,
				1,
				0.389,
				0,
				0.778,
				0,
				1.167,
				0,
				1,
				1.189,
				0,
				1.211,
				-5,
				1.233,
				-5,
				1,
				1.256,
				-5,
				1.278,
				5,
				1.3,
				5,
				1,
				1.322,
				5,
				1.344,
				-6,
				1.367,
				-6,
				1,
				1.389,
				-6,
				1.411,
				6,
				1.433,
				6,
				1,
				1.456,
				6,
				1.478,
				-6,
				1.5,
				-6,
				1,
				1.522,
				-6,
				1.544,
				7,
				1.567,
				7,
				1,
				1.589,
				7,
				1.611,
				-8,
				1.633,
				-8,
				1,
				1.656,
				-8,
				1.678,
				8,
				1.7,
				8,
				1,
				1.722,
				8,
				1.744,
				4.084,
				1.767,
				0,
				1,
				1.789,
				-4.084,
				1.811,
				-5,
				1.833,
				-5,
				1,
				1.856,
				-5,
				1.878,
				5,
				1.9,
				5,
				1,
				1.922,
				5,
				1.944,
				-6,
				1.967,
				-6,
				1,
				1.989,
				-6,
				2.011,
				6,
				2.033,
				6,
				1,
				2.056,
				6,
				2.078,
				-6,
				2.1,
				-6,
				1,
				2.122,
				-6,
				2.144,
				7,
				2.167,
				7,
				1,
				2.189,
				7,
				2.211,
				-8,
				2.233,
				-8,
				1,
				2.256,
				-8,
				2.278,
				8,
				2.3,
				8,
				0,
				2.667,
				8
			]
		},
		{
			"Target": "Parameter",
			"Id": "Param77",
			"Segments": [
				0,
				0,
				1,
				0.389,
				0,
				0.778,
				0,
				1.167,
				0,
				1,
				1.189,
				0,
				1.211,
				6,
				1.233,
				6,
				1,
				1.256,
				6,
				1.278,
				-5,
				1.3,
				-5,
				1,
				1.322,
				-5,
				1.344,
				8,
				1.367,
				8,
				1,
				1.389,
				8,
				1.411,
				-5,
				1.433,
				-5,
				1,
				1.456,
				-5,
				1.478,
				8,
				1.5,
				8,
				1,
				1.522,
				8,
				1.544,
				-7,
				1.567,
				-7,
				1,
				1.589,
				-7,
				1.611,
				9,
				1.633,
				9,
				1,
				1.656,
				9,
				1.678,
				-10,
				1.7,
				-10,
				1,
				1.722,
				-10,
				1.744,
				-4.977,
				1.767,
				0,
				1,
				1.789,
				4.977,
				1.811,
				6,
				1.833,
				6,
				1,
				1.856,
				6,
				1.878,
				-5,
				1.9,
				-5,
				1,
				1.922,
				-5,
				1.944,
				8,
				1.967,
				8,
				1,
				1.989,
				8,
				2.011,
				-5,
				2.033,
				-5,
				1,
				2.056,
				-5,
				2.078,
				8,
				2.1,
				8,
				1,
				2.122,
				8,
				2.144,
				-7,
				2.167,
				-7,
				1,
				2.189,
				-7,
				2.211,
				9,
				2.233,
				9,
				1,
				2.256,
				9,
				2.278,
				-10,
				2.3,
				-10,
				0,
				2.667,
				-10
			]
		},
		{
			"Target": "Parameter",
			"Id": "Param99",
			"Segments": [
				0,
				-14,
				1,
				0.278,
				-14,
				0.556,
				14,
				0.833,
				14,
				1,
				1.167,
				14,
				1.5,
				-14,
				1.833,
				-14,
				1,
				2.111,
				-14,
				2.389,
				5.444,
				2.667,
				11.926
			]
		},
		{
			"Target": "Parameter",
			"Id": "Param12",
			"Segments": [
				0,
				-12,
				1,
				0.111,
				-12,
				0.222,
				-7.667,
				0.333,
				1,
				1,
				0.444,
				9.667,
				0.556,
				14,
				0.667,
				14,
				1,
				0.778,
				14,
				0.889,
				7.431,
				1,
				-1,
				1,
				1.111,
				-9.431,
				1.222,
				-12,
				1.333,
				-12,
				1,
				1.444,
				-12,
				1.556,
				-7.667,
				1.667,
				1,
				1,
				1.778,
				9.667,
				1.889,
				14,
				2,
				14,
				1,
				2.111,
				14,
				2.222,
				7.431,
				2.333,
				-1,
				1,
				2.444,
				-9.431,
				2.556,
				-12,
				2.667,
				-12
			]
		},
		{
			"Target": "Parameter",
			"Id": "Param13",
			"Segments": [
				0,
				0,
				1,
				0.111,
				0,
				0.222,
				-16,
				0.333,
				-16,
				1,
				0.444,
				-16,
				0.556,
				-12.478,
				0.667,
				-2,
				1,
				0.778,
				8.478,
				0.889,
				16,
				1,
				16,
				1,
				1.111,
				16,
				1.222,
				10.667,
				1.333,
				0,
				1,
				1.444,
				-10.667,
				1.556,
				-16,
				1.667,
				-16,
				1,
				1.778,
				-16,
				1.889,
				-12.478,
				2,
				-2,
				1,
				2.111,
				8.478,
				2.222,
				16,
				2.333,
				16,
				1,
				2.444,
				16,
				2.556,
				10.667,
				2.667,
				0
			]
		},
		{
			"Target": "Parameter",
			"Id": "Param14",
			"Segments": [
				0,
				0,
				1,
				0.111,
				0,
				0.222,
				-12,
				0.333,
				-12,
				1,
				0.444,
				-12,
				0.556,
				-8.608,
				0.667,
				0,
				1,
				0.778,
				8.608,
				0.889,
				14,
				1,
				14,
				1,
				1.111,
				14,
				1.222,
				8.608,
				1.333,
				0,
				1,
				1.444,
				-8.608,
				1.556,
				-12,
				1.667,
				-12,
				1,
				1.778,
				-12,
				1.889,
				-8.608,
				2,
				0,
				1,
				2.111,
				8.608,
				2.222,
				14,
				2.333,
				14,
				1,
				2.444,
				14,
				2.556,
				8.608,
				2.667,
				0
			]
		},
		{
			"Target": "Parameter",
			"Id": "Param15",
			"Segments": [
				0,
				19,
				1,
				0.111,
				19,
				0.222,
				11.242,
				0.333,
				-1,
				1,
				0.444,
				-13.242,
				0.556,
				-18,
				0.667,
				-18,
				1,
				0.778,
				-18,
				0.889,
				-12.323,
				1,
				0,
				1,
				1.111,
				12.323,
				1.222,
				19,
				1.333,
				19,
				1,
				1.444,
				19,
				1.556,
				11.242,
				1.667,
				-1,
				1,
				1.778,
				-13.242,
				1.889,
				-18,
				2,
				-18,
				1,
				2.111,
				-18,
				2.222,
				-12.323,
				2.333,
				0,
				1,
				2.444,
				12.323,
				2.556,
				19,
				2.667,
				19
			]
		},
		{
			"Target": "Parameter",
			"Id": "Param9",
			"Segments": [
				0,
				-23,
				1,
				0.111,
				-23,
				0.222,
				-19.935,
				0.333,
				-9,
				1,
				0.444,
				1.935,
				0.556,
				11,
				0.667,
				11,
				1,
				0.733,
				11,
				0.8,
				7.672,
				0.867,
				5,
				1,
				0.967,
				0.992,
				1.067,
				0,
				1.167,
				0,
				0,
				2.667,
				0
			]
		},
		{
			"Target": "Parameter",
			"Id": "Param10",
			"Segments": [
				0,
				0,
				1,
				0.111,
				0,
				0.222,
				18,
				0.333,
				18,
				1,
				0.444,
				18,
				0.556,
				13.102,
				0.667,
				0,
				1,
				0.733,
				-7.861,
				0.8,
				-14,
				0.867,
				-14,
				1,
				0.967,
				-14,
				1.067,
				0,
				1.167,
				0,
				0,
				2.667,
				0
			]
		},
		{
			"Target": "Parameter",
			"Id": "Param11",
			"Segments": [
				0,
				0,
				1,
				0.333,
				0,
				0.667,
				0,
				1,
				0,
				1,
				1.056,
				0,
				1.111,
				0.114,
				1.167,
				1,
				1,
				1.2,
				1.532,
				1.233,
				3,
				1.267,
				3,
				1,
				1.3,
				3,
				1.333,
				0.966,
				1.367,
				0,
				1,
				1.4,
				-0.966,
				1.433,
				-1,
				1.467,
				-1,
				1,
				1.478,
				-1,
				1.489,
				0.21,
				1.5,
				1,
				1,
				1.522,
				2.58,
				1.544,
				3,
				1.567,
				3,
				1,
				1.589,
				3,
				1.611,
				0.961,
				1.633,
				0,
				1,
				1.656,
				-0.961,
				1.678,
				-1,
				1.7,
				-1,
				1,
				1.722,
				-1,
				1.744,
				-0.171,
				1.767,
				0,
				1,
				1.822,
				0.428,
				1.878,
				0.521,
				1.933,
				1,
				1,
				1.967,
				1.288,
				2,
				3,
				2.033,
				3,
				1,
				2.067,
				3,
				2.1,
				0.966,
				2.133,
				0,
				1,
				2.167,
				-0.966,
				2.2,
				-1,
				2.233,
				-1,
				0,
				2.667,
				-1
			]
		},
		{
			"Target": "Parameter",
			"Id": "Param18",
			"Segments": [
				0,
				0,
				1,
				0.333,
				0,
				0.667,
				-1,
				1,
				-1,
				1,
				1.056,
				-1,
				1.111,
				6,
				1.167,
				6,
				1,
				1.2,
				6,
				1.233,
				5.277,
				1.267,
				0,
				1,
				1.3,
				-5.277,
				1.333,
				-12,
				1.367,
				-12,
				1,
				1.4,
				-12,
				1.433,
				-9.757,
				1.467,
				-2,
				1,
				1.478,
				0.586,
				1.489,
				6,
				1.5,
				6,
				1,
				1.522,
				6,
				1.544,
				5.292,
				1.567,
				0,
				1,
				1.589,
				-5.292,
				1.611,
				-12,
				1.633,
				-12,
				1,
				1.656,
				-12,
				1.678,
				-2.567,
				1.7,
				-2,
				1,
				1.722,
				-1.433,
				1.744,
				-1.736,
				1.767,
				-1,
				1,
				1.822,
				0.84,
				1.878,
				6,
				1.933,
				6,
				1,
				1.967,
				6,
				2,
				5.277,
				2.033,
				0,
				1,
				2.067,
				-5.277,
				2.1,
				-12,
				2.133,
				-12,
				1,
				2.167,
				-12,
				2.2,
				-2,
				2.233,
				-2,
				0,
				2.667,
				-2
			]
		},
		{
			"Target": "Parameter",
			"Id": "Param34",
			"Segments": [
				0,
				0,
				1,
				0.411,
				0,
				0.822,
				0,
				1.233,
				0,
				0,
				2.667,
				0
			]
		},
		{
			"Target": "Parameter",
			"Id": "Param35",
			"Segments": [
				0,
				0,
				1,
				0.411,
				0,
				0.822,
				0,
				1.233,
				0,
				0,
				2.667,
				0
			]
		},
		{
			"Target": "Parameter",
			"Id": "Param36",
			"Segments": [
				0,
				0,
				1,
				0.389,
				0,
				0.778,
				0,
				1.167,
				0,
				1,
				1.189,
				0,
				1.211,
				1,
				1.233,
				1,
				0,
				2.667,
				1
			]
		},
		{
			"Target": "Parameter",
			"Id": "Param37",
			"Segments": [
				0,
				0,
				1,
				0.389,
				0,
				0.778,
				0,
				1.167,
				0,
				1,
				1.189,
				0,
				1.211,
				1,
				1.233,
				1,
				0,
				2.667,
				1
			]
		},
		{
			"Target": "Parameter",
			"Id": "Param38",
			"Segments": [
				0,
				0,
				1,
				0.389,
				0,
				0.778,
				0,
				1.167,
				0,
				1,
				1.189,
				0,
				1.211,
				1,
				1.233,
				1,
				0,
				2.667,
				1
			]
		},
		{
			"Target": "Parameter",
			"Id": "Param58",
			"Segments": [
				0,
				0,
				1,
				0.411,
				0,
				0.822,
				-30,
				1.233,
				-30,
				0,
				2.667,
				-30
			]
		},
		{
			"Target": "Parameter",
			"Id": "Param73",
			"Segments": [
				0,
				0,
				1,
				0.389,
				0,
				0.778,
				0,
				1.167,
				0,
				1,
				1.189,
				0,
				1.211,
				1,
				1.233,
				1,
				0,
				2.667,
				1
			]
		},
		{
			"Target": "Parameter",
			"Id": "Param74",
			"Segments": [
				0,
				-6,
				1,
				0.411,
				-6,
				0.822,
				-8.948,
				1.233,
				-16,
				1,
				1.267,
				-16.572,
				1.3,
				-21,
				1.333,
				-21,
				1,
				1.378,
				-21,
				1.422,
				-10.09,
				1.467,
				1,
				1,
				1.5,
				9.317,
				1.533,
				13.098,
				1.567,
				20,
				1,
				1.589,
				24.602,
				1.611,
				28,
				1.633,
				28,
				1,
				1.733,
				28,
				1.833,
				12.137,
				1.933,
				-8,
				1,
				1.956,
				-12.475,
				1.978,
				-12.658,
				2,
				-16,
				1,
				2.056,
				-24.354,
				2.111,
				-30,
				2.167,
				-30,
				1,
				2.2,
				-30,
				2.233,
				-12.967,
				2.267,
				1,
				1,
				2.289,
				10.311,
				2.311,
				14.212,
				2.333,
				20,
				1,
				2.356,
				25.788,
				2.378,
				28,
				2.4,
				28,
				1,
				2.456,
				28,
				2.511,
				-6.437,
				2.567,
				-16,
				1,
				2.6,
				-21.738,
				2.633,
				-25.129,
				2.667,
				-27.131
			]
		},
		{
			"Target": "Parameter",
			"Id": "Param106",
			"Segments": [
				0,
				12,
				0,
				1.233,
				12,
				1,
				1.267,
				12,
				1.3,
				24,
				1.333,
				24,
				1,
				1.378,
				24,
				1.422,
				10.402,
				1.467,
				-4,
				1,
				1.5,
				-14.802,
				1.533,
				-27.112,
				1.567,
				-29,
				1,
				1.589,
				-30.259,
				1.611,
				-30,
				1.633,
				-30,
				1,
				1.733,
				-30,
				1.833,
				-20.493,
				1.933,
				2,
				1,
				1.956,
				6.998,
				1.978,
				12,
				2,
				12,
				1,
				2.056,
				12,
				2.111,
				11.959,
				2.167,
				11,
				1,
				2.2,
				10.425,
				2.233,
				2.499,
				2.267,
				-4,
				1,
				2.289,
				-8.333,
				2.311,
				-27.893,
				2.333,
				-29,
				1,
				2.356,
				-30.107,
				2.378,
				-30,
				2.4,
				-30,
				1,
				2.456,
				-30,
				2.511,
				12,
				2.567,
				12,
				1,
				2.6,
				12,
				2.633,
				11.995,
				2.667,
				11.914
			]
		},
		{
			"Target": "Parameter",
			"Id": "Param75",
			"Segments": [
				0,
				0,
				1,
				0.4,
				0,
				0.8,
				0,
				1.2,
				0,
				1,
				1.211,
				0,
				1.222,
				1,
				1.233,
				1,
				0,
				2.667,
				1
			]
		},
		{
			"Target": "Parameter",
			"Id": "Param98",
			"Segments": [
				0,
				-12,
				1,
				0.333,
				-12,
				0.667,
				14,
				1,
				14,
				1,
				1.278,
				14,
				1.556,
				-12,
				1.833,
				-12,
				1,
				2.111,
				-12,
				2.389,
				6.056,
				2.667,
				12.074
			]
		},
		{
			"Target": "Parameter",
			"Id": "Param100",
			"Segments": [
				0,
				-6,
				0,
				1,
				-6,
				1,
				1.056,
				-6,
				1.111,
				5,
				1.167,
				5,
				1,
				1.222,
				5,
				1.278,
				-9,
				1.333,
				-9,
				1,
				1.389,
				-9,
				1.444,
				6,
				1.5,
				6,
				0,
				2.667,
				6
			]
		},
		{
			"Target": "Parameter",
			"Id": "Param5",
			"Segments": [
				0,
				-11,
				1,
				0.389,
				-11,
				0.778,
				18,
				1.167,
				18,
				1,
				1.444,
				18,
				1.722,
				-9,
				2,
				-9,
				1,
				2.211,
				-9,
				2.422,
				19,
				2.633,
				19,
				0,
				2.667,
				19
			]
		},
		{
			"Target": "Parameter",
			"Id": "Param6",
			"Segments": [
				0,
				-19,
				1,
				0.389,
				-19,
				0.778,
				-21,
				1.167,
				-21,
				1,
				1.444,
				-21,
				1.722,
				-13.029,
				2,
				-10,
				1,
				2.211,
				-7.698,
				2.422,
				-8,
				2.633,
				-8,
				0,
				2.667,
				-8
			]
		},
		{
			"Target": "Parameter",
			"Id": "Param8",
			"Segments": [
				0,
				17,
				1,
				0.456,
				17,
				0.911,
				9,
				1.367,
				9,
				1,
				1.589,
				9,
				1.811,
				28,
				2.033,
				28,
				1,
				2.233,
				28,
				2.433,
				2,
				2.633,
				2,
				0,
				2.667,
				2
			]
		},
		{
			"Target": "Parameter",
			"Id": "Param7",
			"Segments": [
				0,
				26,
				1,
				0.456,
				26,
				0.911,
				30,
				1.367,
				30,
				1,
				1.589,
				30,
				1.811,
				11,
				2.033,
				11,
				1,
				2.233,
				11,
				2.433,
				20,
				2.633,
				20,
				0,
				2.667,
				20
			]
		},
		{
			"Target": "Parameter",
			"Id": "ParamHairBack",
			"Segments": [
				0,
				-0.4,
				1,
				0.222,
				-0.4,
				0.444,
				0.4,
				0.667,
				0.4,
				1,
				0.956,
				0.4,
				1.244,
				-0.4,
				1.533,
				-0.4,
				1,
				1.8,
				-0.4,
				2.067,
				0.5,
				2.333,
				0.5,
				1,
				2.444,
				0.5,
				2.556,
				0.222,
				2.667,
				-0.025
			]
		},
		{
			"Target": "Parameter",
			"Id": "ParamHairFront",
			"Segments": [
				0,
				-0.4,
				1,
				0.233,
				-0.4,
				0.467,
				0.7,
				0.7,
				0.7,
				1,
				0.989,
				0.7,
				1.278,
				-0.4,
				1.567,
				-0.4,
				1,
				1.833,
				-0.4,
				2.1,
				0.8,
				2.367,
				0.8,
				1,
				2.467,
				0.8,
				2.567,
				0.5,
				2.667,
				0.2
			]
		},
		{
			"Target": "Parameter",
			"Id": "ParamHairSide",
			"Segments": [
				0,
				-0.3,
				1,
				0.244,
				-0.3,
				0.489,
				0.9,
				0.733,
				0.9,
				1,
				1.022,
				0.9,
				1.311,
				-0.6,
				1.6,
				-0.6,
				1,
				1.867,
				-0.6,
				2.133,
				0.8,
				2.4,
				0.8,
				1,
				2.489,
				0.8,
				2.578,
				0.523,
				2.667,
				0.216
			]
		},
		{
			"Target": "Parameter",
			"Id": "Param2",
			"Segments": [
				0,
				-8,
				1,
				0.256,
				-8,
				0.511,
				13,
				0.767,
				13,
				1,
				1.022,
				13,
				1.278,
				-13,
				1.533,
				-13,
				1,
				1.833,
				-13,
				2.133,
				21,
				2.433,
				21,
				1,
				2.511,
				21,
				2.589,
				13.596,
				2.667,
				5.697
			]
		},
		{
			"Target": "Parameter",
			"Id": "Param3",
			"Segments": [
				0,
				-10,
				1,
				0.256,
				-10,
				0.511,
				21,
				0.767,
				21,
				1,
				1.022,
				21,
				1.278,
				-17,
				1.533,
				-17,
				1,
				1.833,
				-17,
				2.133,
				23,
				2.433,
				23,
				1,
				2.511,
				23,
				2.589,
				14.289,
				2.667,
				4.997
			]
		},
		{
			"Target": "Parameter",
			"Id": "Param4",
			"Segments": [
				0,
				-14,
				1,
				0.256,
				-14,
				0.511,
				23,
				0.767,
				23,
				1,
				1.056,
				23,
				1.344,
				-15,
				1.633,
				-15,
				1,
				1.9,
				-15,
				2.167,
				21,
				2.433,
				21,
				1,
				2.511,
				21,
				2.589,
				15.556,
				2.667,
				8.901
			]
		},
		{
			"Target": "Parameter",
			"Id": "Param55",
			"Segments": [
				0,
				-12,
				1,
				0.278,
				-12,
				0.556,
				22,
				0.833,
				22,
				1,
				1.067,
				22,
				1.3,
				-11,
				1.533,
				-11,
				1,
				1.844,
				-11,
				2.156,
				23,
				2.467,
				23,
				1,
				2.533,
				23,
				2.6,
				16.755,
				2.667,
				9.618
			]
		},
		{
			"Target": "Parameter",
			"Id": "Param56",
			"Segments": [
				0,
				-13,
				1,
				0.267,
				-13,
				0.533,
				26,
				0.8,
				26,
				1,
				1.044,
				26,
				1.289,
				-18,
				1.533,
				-18,
				1,
				1.856,
				-18,
				2.178,
				25,
				2.5,
				25,
				1,
				2.556,
				25,
				2.611,
				18.639,
				2.667,
				10.81
			]
		},
		{
			"Target": "Parameter",
			"Id": "Param57",
			"Segments": [
				0,
				-16,
				1,
				0.256,
				-16,
				0.511,
				10,
				0.767,
				10,
				1,
				1.022,
				10,
				1.278,
				-19,
				1.533,
				-19,
				1,
				1.867,
				-19,
				2.2,
				23,
				2.533,
				23,
				1,
				2.578,
				23,
				2.622,
				18.333,
				2.667,
				12.111
			]
		},
		{
			"Target": "Parameter",
			"Id": "ParamAngleX",
			"Segments": [
				0,
				0,
				1,
				0.156,
				0,
				0.311,
				-14,
				0.467,
				-14,
				1,
				0.578,
				-14,
				0.689,
				-11.335,
				0.8,
				0,
				1,
				0.967,
				17.002,
				1.133,
				30,
				1.3,
				30,
				0,
				2.667,
				30
			]
		},
		{
			"Target": "Parameter",
			"Id": "ParamAngleY",
			"Segments": [
				0,
				0,
				0,
				2.667,
				0
			]
		},
		{
			"Target": "Parameter",
			"Id": "ParamAngleZ",
			"Segments": [
				0,
				0,
				1,
				0.189,
				0,
				0.378,
				4,
				0.567,
				4,
				1,
				0.711,
				4,
				0.856,
				3.779,
				1,
				0,
				1,
				1.111,
				-2.907,
				1.222,
				-12,
				1.333,
				-12,
				0,
				2.667,
				-12
			]
		},
		{
			"Target": "Parameter",
			"Id": "ParamEyeLOpen",
			"Segments": [
				0,
				1,
				1,
				0.222,
				1,
				0.444,
				1,
				0.667,
				1,
				1,
				0.889,
				1,
				1.111,
				1,
				1.333,
				1,
				0,
				2.667,
				1
			]
		},
		{
			"Target": "Parameter",
			"Id": "ParamEyeLSmile",
			"Segments": [
				0,
				0,
				1,
				0.222,
				0,
				0.444,
				0,
				0.667,
				0,
				1,
				0.867,
				0,
				1.067,
				0,
				1.267,
				0,
				1,
				1.289,
				0,
				1.311,
				0,
				1.333,
				0,
				0,
				2.667,
				0
			]
		},
		{
			"Target": "Parameter",
			"Id": "ParamEyeROpen",
			"Segments": [
				0,
				1,
				1,
				0.222,
				1,
				0.444,
				1,
				0.667,
				1,
				1,
				0.889,
				1,
				1.111,
				1,
				1.333,
				1,
				0,
				2.667,
				1
			]
		},
		{
			"Target": "Parameter",
			"Id": "ParamEyeRSmile",
			"Segments": [
				0,
				0,
				0,
				2.667,
				0
			]
		},
		{
			"Target": "Parameter",
			"Id": "ParamEyeBallX",
			"Segments": [
				0,
				0,
				1,
				0.356,
				0,
				0.711,
				0,
				1.067,
				0,
				1,
				1.122,
				0,
				1.178,
				0.4,
				1.233,
				0.4,
				0,
				2.667,
				0.4
			]
		},
		{
			"Target": "Parameter",
			"Id": "ParamEyeBallY",
			"Segments": [
				0,
				0,
				1,
				0.356,
				0,
				0.711,
				0,
				1.067,
				0,
				1,
				1.122,
				0,
				1.178,
				0,
				1.233,
				0,
				0,
				2.667,
				0
			]
		},
		{
			"Target": "Parameter",
			"Id": "ParamMouthForm",
			"Segments": [
				0,
				0,
				1,
				0.4,
				0,
				0.8,
				1,
				1.2,
				1,
				0,
				2.667,
				1
			]
		},
		{
			"Target": "Parameter",
			"Id": "Param59",
			"Segments": [
				0,
				0,
				1,
				0.333,
				0,
				0.667,
				0,
				1,
				0,
				1,
				1.044,
				0,
				1.089,
				1,
				1.133,
				1,
				0,
				2.667,
				1
			]
		},
		{
			"Target": "Parameter",
			"Id": "Param60",
			"Segments": [
				0,
				0,
				1,
				0.333,
				0,
				0.667,
				0,
				1,
				0,
				1,
				1.044,
				0,
				1.089,
				1,
				1.133,
				1,
				0,
				2.667,
				1
			]
		},
		{
			"Target": "Parameter",
			"Id": "ParamMouthOpenY",
			"Segments": [
				0,
				0,
				1,
				0.278,
				0,
				0.556,
				0,
				0.833,
				0,
				1,
				0.956,
				0,
				1.078,
				1,
				1.2,
				1,
				0,
				2.667,
				1
			]
		},
		{
			"Target": "Parameter",
			"Id": "Param61",
			"Segments": [
				0,
				0,
				1,
				0.444,
				0,
				0.889,
				0,
				1.333,
				0,
				0,
				2.667,
				0
			]
		},
		{
			"Target": "Parameter",
			"Id": "Param64",
			"Segments": [
				0,
				0,
				0,
				2.667,
				0
			]
		},
		{
			"Target": "Parameter",
			"Id": "ParamCheek",
			"Segments": [
				0,
				0,
				0,
				2.667,
				0
			]
		},
		{
			"Target": "Parameter",
			"Id": "ParamBodyAngleX",
			"Segments": [
				0,
				0,
				0,
				2.667,
				0
			]
		},
		{
			"Target": "Parameter",
			"Id": "ParamBodyAngleY",
			"Segments": [
				0,
				0,
				0,
				2.667,
				0
			]
		},
		{
			"Target": "Parameter",
			"Id": "ParamBodyAngleZ",
			"Segments": [
				0,
				0,
				1,
				0.167,
				0,
				0.333,
				3,
				0.5,
				3,
				1,
				0.722,
				3,
				0.944,
				-5,
				1.167,
				-5,
				0,
				2.667,
				-5
			]
		},
		{
			"Target": "Parameter",
			"Id": "ParamBreath",
			"Segments": [
				0,
				0,
				1,
				0.222,
				0,
				0.444,
				1,
				0.667,
				1,
				1,
				1,
				1,
				1.333,
				0,
				1.667,
				0,
				1,
				1.944,
				0,
				2.222,
				1,
				2.5,
				1,
				1,
				2.556,
				1,
				2.611,
				0.97,
				2.667,
				0.921
			]
		},
		{
			"Target": "Parameter",
			"Id": "Param48",
			"Segments": [
				0,
				0,
				1,
				0.333,
				0,
				0.667,
				0,
				1,
				0,
				1,
				1.089,
				0,
				1.178,
				6,
				1.267,
				6,
				0,
				2.667,
				6
			]
		},
		{
			"Target": "Parameter",
			"Id": "Param101",
			"Segments": [
				0,
				-2,
				0,
				1,
				-2,
				1,
				1.167,
				-2,
				1.333,
				30,
				1.5,
				30,
				0,
				2.667,
				30
			]
		},
		{
			"Target": "Parameter",
			"Id": "Param49",
			"Segments": [
				0,
				0,
				1,
				0.111,
				0,
				0.222,
				4.85,
				0.333,
				11,
				1,
				0.444,
				17.15,
				0.556,
				19,
				0.667,
				19,
				1,
				0.778,
				19,
				0.889,
				16.313,
				1,
				10,
				1,
				1.111,
				3.687,
				1.222,
				0,
				1.333,
				0,
				1,
				1.444,
				0,
				1.556,
				4.85,
				1.667,
				11,
				1,
				1.778,
				17.15,
				1.889,
				19,
				2,
				19,
				1,
				2.111,
				19,
				2.222,
				16.313,
				2.333,
				10,
				1,
				2.444,
				3.687,
				2.556,
				0,
				2.667,
				0
			]
		},
		{
			"Target": "Parameter",
			"Id": "Param50",
			"Segments": [
				0,
				5,
				1,
				0.111,
				5,
				0.222,
				-12,
				0.333,
				-12,
				1,
				0.444,
				-12,
				0.556,
				-3.509,
				0.667,
				9,
				1,
				0.778,
				21.509,
				0.889,
				26,
				1,
				26,
				1,
				1.111,
				26,
				1.222,
				17.509,
				1.333,
				5,
				1,
				1.444,
				-7.509,
				1.556,
				-12,
				1.667,
				-12,
				1,
				1.778,
				-12,
				1.889,
				-3.509,
				2,
				9,
				1,
				2.111,
				21.509,
				2.222,
				26,
				2.333,
				26,
				1,
				2.444,
				26,
				2.556,
				17.509,
				2.667,
				5
			]
		},
		{
			"Target": "Parameter",
			"Id": "Param67",
			"Segments": [
				0,
				5,
				1,
				0.111,
				5,
				0.222,
				9.85,
				0.333,
				16,
				1,
				0.444,
				22.15,
				0.556,
				24,
				0.667,
				24,
				1,
				0.778,
				24,
				0.889,
				20.313,
				1,
				14,
				1,
				1.111,
				7.687,
				1.222,
				5,
				1.333,
				5,
				1,
				1.444,
				5,
				1.556,
				9.85,
				1.667,
				16,
				1,
				1.778,
				22.15,
				1.889,
				24,
				2,
				24,
				1,
				2.111,
				24,
				2.222,
				20.313,
				2.333,
				14,
				1,
				2.444,
				7.687,
				2.556,
				5,
				2.667,
				5
			]
		},
		{
			"Target": "Parameter",
			"Id": "Param68",
			"Segments": [
				0,
				-1,
				1,
				0.111,
				-1,
				0.222,
				21,
				0.333,
				21,
				1,
				0.444,
				21,
				0.556,
				14.325,
				0.667,
				0,
				1,
				0.778,
				-14.325,
				0.889,
				-22,
				1,
				-22,
				1,
				1.111,
				-22,
				1.222,
				-15.325,
				1.333,
				-1,
				1,
				1.444,
				13.325,
				1.556,
				21,
				1.667,
				21,
				1,
				1.778,
				21,
				1.889,
				14.325,
				2,
				0,
				1,
				2.111,
				-14.325,
				2.222,
				-22,
				2.333,
				-22,
				1,
				2.444,
				-22,
				2.556,
				-15.325,
				2.667,
				-1
			]
		},
		{
			"Target": "Parameter",
			"Id": "Param16",
			"Segments": [
				0,
				-6,
				1,
				0.111,
				-6,
				0.222,
				-4.769,
				0.333,
				0,
				1,
				0.444,
				4.769,
				0.556,
				9,
				0.667,
				9,
				1,
				0.778,
				9,
				0.889,
				3.368,
				1,
				-1,
				1,
				1.111,
				-5.368,
				1.222,
				-6,
				1.333,
				-6,
				1,
				1.444,
				-6,
				1.556,
				-4.769,
				1.667,
				0,
				1,
				1.778,
				4.769,
				1.889,
				9,
				2,
				9,
				1,
				2.111,
				9,
				2.222,
				3.368,
				2.333,
				-1,
				1,
				2.444,
				-5.368,
				2.556,
				-6,
				2.667,
				-6
			]
		},
		{
			"Target": "Parameter",
			"Id": "Param17",
			"Segments": [
				0,
				-1,
				1,
				0.111,
				-1,
				0.222,
				11,
				0.333,
				11,
				1,
				0.444,
				11,
				0.556,
				5.835,
				0.667,
				-1,
				1,
				0.778,
				-7.835,
				0.889,
				-10,
				1,
				-10,
				1,
				1.111,
				-10,
				1.222,
				-7.835,
				1.333,
				-1,
				1,
				1.444,
				5.835,
				1.556,
				11,
				1.667,
				11,
				1,
				1.778,
				11,
				1.889,
				5.835,
				2,
				-1,
				1,
				2.111,
				-7.835,
				2.222,
				-10,
				2.333,
				-10,
				1,
				2.444,
				-10,
				2.556,
				-7.835,
				2.667,
				-1
			]
		},
		{
			"Target": "Parameter",
			"Id": "Param69",
			"Segments": [
				0,
				-7,
				1,
				0.111,
				-7,
				0.222,
				-4.333,
				0.333,
				1,
				1,
				0.444,
				6.333,
				0.556,
				9,
				0.667,
				9,
				1,
				0.778,
				9,
				0.889,
				5.237,
				1,
				0,
				1,
				1.111,
				-5.237,
				1.222,
				-7,
				1.333,
				-7,
				1,
				1.444,
				-7,
				1.556,
				-4.333,
				1.667,
				1,
				1,
				1.778,
				6.333,
				1.889,
				9,
				2,
				9,
				1,
				2.111,
				9,
				2.222,
				5.237,
				2.333,
				0,
				1,
				2.444,
				-5.237,
				2.556,
				-7,
				2.667,
				-7
			]
		},
		{
			"Target": "Parameter",
			"Id": "Param70",
			"Segments": [
				0,
				0,
				1,
				0.111,
				0,
				0.222,
				12,
				0.333,
				12,
				1,
				0.444,
				12,
				0.556,
				5.25,
				0.667,
				-2,
				1,
				0.778,
				-9.25,
				0.889,
				-11,
				1,
				-11,
				1,
				1.111,
				-11,
				1.222,
				-7.65,
				1.333,
				0,
				1,
				1.444,
				7.65,
				1.556,
				12,
				1.667,
				12,
				1,
				1.778,
				12,
				1.889,
				5.25,
				2,
				-2,
				1,
				2.111,
				-9.25,
				2.222,
				-11,
				2.333,
				-11,
				1,
				2.444,
				-11,
				2.556,
				-7.65,
				2.667,
				0
			]
		},
		{
			"Target": "Parameter",
			"Id": "Param51",
			"Segments": [
				0,
				0,
				1,
				0.389,
				0,
				0.778,
				9,
				1.167,
				9,
				1,
				1.444,
				9,
				1.722,
				-6,
				2,
				-6,
				0,
				2.667,
				-6
			]
		},
		{
			"Target": "Parameter",
			"Id": "Param52",
			"Segments": [
				0,
				0,
				1,
				0.256,
				0,
				0.511,
				9,
				0.767,
				9,
				1,
				0.9,
				9,
				1.033,
				4.367,
				1.167,
				1,
				1,
				1.278,
				-1.806,
				1.389,
				-2,
				1.5,
				-2,
				0,
				2.667,
				-2
			]
		},
		{
			"Target": "Parameter",
			"Id": "Param63",
			"Segments": [
				0,
				0,
				1,
				0.367,
				0,
				0.733,
				0,
				1.1,
				0,
				1,
				1.156,
				0,
				1.211,
				29,
				1.267,
				29,
				0,
				2.667,
				29
			]
		}
	]
}