{
	"Version": 3,
	"Meta": {
		"Duration": 3.067,
		"Fps": 30.0,
		"Loop": true,
		"AreBeziersRestricted": true,
		"CurveCount": 102,
		"TotalSegmentCount": 473,
		"TotalPointCount": 1375,
		"UserDataCount": 0,
		"TotalUserDataSize": 0
	},
	"Curves": [
		{
			"Target": "Parameter",
			"Id": "Param93",
			"Segments": [
				0,
				0,
				1,
				1.022,
				0,
				2.044,
				0,
				3.067,
				0
			]
		},
		{
			"Target": "Parameter",
			"Id": "Param94",
			"Segments": [
				0,
				0,
				1,
				1.022,
				0,
				2.044,
				0,
				3.067,
				0
			]
		},
		{
			"Target": "Parameter",
			"Id": "Param95",
			"Segments": [
				0,
				0,
				1,
				1.022,
				0,
				2.044,
				0,
				3.067,
				0
			]
		},
		{
			"Target": "Parameter",
			"Id": "Param96",
			"Segments": [
				0,
				0,
				1,
				1.022,
				0,
				2.044,
				0,
				3.067,
				0
			]
		},
		{
			"Target": "Parameter",
			"Id": "Param97",
			"Segments": [
				0,
				0,
				1,
				1.022,
				0,
				2.044,
				0,
				3.067,
				0
			]
		},
		{
			"Target": "Parameter",
			"Id": "Param85",
			"Segments": [
				0,
				0,
				0,
				1.5,
				1,
				0,
				3.067,
				1
			]
		},
		{
			"Target": "Parameter",
			"Id": "Param86",
			"Segments": [
				0,
				0,
				0,
				0.667,
				0,
				0,
				1.767,
				1,
				0,
				3.067,
				1
			]
		},
		{
			"Target": "Parameter",
			"Id": "Param87",
			"Segments": [
				0,
				0,
				0,
				0.333,
				0,
				0,
				2.767,
				1,
				0,
				3.067,
				1
			]
		},
		{
			"Target": "Parameter",
			"Id": "Param88",
			"Segments": [
				0,
				0,
				0,
				2.967,
				0,
				0,
				3.067,
				0.097
			]
		},
		{
			"Target": "Parameter",
			"Id": "Param89",
			"Segments": [
				0,
				0,
				0,
				2,
				0,
				0,
				2.7,
				1,
				0,
				3.067,
				1
			]
		},
		{
			"Target": "Parameter",
			"Id": "Param90",
			"Segments": [
				0,
				1,
				0,
				3.067,
				1
			]
		},
		{
			"Target": "Parameter",
			"Id": "Param91",
			"Segments": [
				0,
				0,
				0,
				2.2,
				0,
				0,
				3.067,
				0
			]
		},
		{
			"Target": "Parameter",
			"Id": "Param92",
			"Segments": [
				0,
				0,
				0,
				1.5,
				0,
				0,
				2.567,
				1,
				0,
				2.9,
				1,
				0,
				3.067,
				1
			]
		},
		{
			"Target": "Parameter",
			"Id": "Param47",
			"Segments": [
				0,
				0,
				0,
				3.067,
				0
			]
		},
		{
			"Target": "Parameter",
			"Id": "Param",
			"Segments": [
				0,
				0,
				0,
				3.067,
				0
			]
		},
		{
			"Target": "Parameter",
			"Id": "Param65",
			"Segments": [
				0,
				0,
				0,
				3.067,
				0
			]
		},
		{
			"Target": "Parameter",
			"Id": "Param66",
			"Segments": [
				0,
				0,
				0,
				3.067,
				0
			]
		},
		{
			"Target": "Parameter",
			"Id": "Param46",
			"Segments": [
				0,
				0,
				0,
				3.067,
				0
			]
		},
		{
			"Target": "Parameter",
			"Id": "Param45",
			"Segments": [
				0,
				0,
				0,
				3.067,
				0
			]
		},
		{
			"Target": "Parameter",
			"Id": "Param30",
			"Segments": [
				0,
				16,
				1,
				0.278,
				16,
				0.556,
				-12,
				0.833,
				-12,
				1,
				1.222,
				-12,
				1.611,
				14,
				2,
				14,
				1,
				2.356,
				14,
				2.711,
				-2.64,
				3.067,
				-9.296
			]
		},
		{
			"Target": "Parameter",
			"Id": "Param31",
			"Segments": [
				0,
				12,
				1,
				0.222,
				12,
				0.444,
				-24,
				0.667,
				-24,
				1,
				0.889,
				-24,
				1.111,
				22,
				1.333,
				22,
				1,
				1.556,
				22,
				1.778,
				-24,
				2,
				-24,
				1,
				2.222,
				-24,
				2.444,
				22,
				2.667,
				22,
				0,
				3.067,
				22
			]
		},
		{
			"Target": "Parameter",
			"Id": "Param32",
			"Segments": [
				0,
				-1,
				1,
				0.111,
				-1,
				0.222,
				10,
				0.333,
				10,
				1,
				0.444,
				10,
				0.556,
				6.982,
				0.667,
				0,
				1,
				0.778,
				-6.982,
				0.889,
				-11,
				1,
				-11,
				1,
				1.111,
				-11,
				1.222,
				-7.982,
				1.333,
				-1,
				1,
				1.444,
				5.982,
				1.556,
				10,
				1.667,
				10,
				1,
				1.778,
				10,
				1.889,
				6.982,
				2,
				0,
				1,
				2.111,
				-6.982,
				2.222,
				-11,
				2.333,
				-11,
				1,
				2.444,
				-11,
				2.556,
				-7.982,
				2.667,
				-1,
				1,
				2.778,
				5.982,
				2.889,
				10,
				3,
				10,
				1,
				3.022,
				10,
				3.044,
				9.56,
				3.067,
				8.856
			]
		},
		{
			"Target": "Parameter",
			"Id": "Param33",
			"Segments": [
				0,
				16,
				1,
				0.111,
				16,
				0.222,
				10.333,
				0.333,
				-1,
				1,
				0.444,
				-12.333,
				0.556,
				-18,
				0.667,
				-18,
				1,
				0.778,
				-18,
				0.889,
				-12.333,
				1,
				-1,
				1,
				1.111,
				10.333,
				1.222,
				16,
				1.333,
				16,
				1,
				1.444,
				16,
				1.556,
				10.333,
				1.667,
				-1,
				1,
				1.778,
				-12.333,
				1.889,
				-18,
				2,
				-18,
				1,
				2.111,
				-18,
				2.222,
				-12.333,
				2.333,
				-1,
				1,
				2.444,
				10.333,
				2.556,
				16,
				2.667,
				16,
				1,
				2.778,
				16,
				2.889,
				-1,
				3,
				-1,
				1,
				3.022,
				-1,
				3.044,
				-0.32,
				3.067,
				0.768
			]
		},
		{
			"Target": "Parameter",
			"Id": "Param62",
			"Segments": [
				0,
				0,
				1,
				0.333,
				0,
				0.667,
				1,
				1,
				1,
				1,
				1.333,
				1,
				1.667,
				0,
				2,
				0,
				1,
				2.356,
				0,
				2.711,
				0.673,
				3.067,
				0.915
			]
		},
		{
			"Target": "Parameter",
			"Id": "Param22",
			"Segments": [
				0,
				-22,
				1,
				0.111,
				-22,
				0.222,
				-13.585,
				0.333,
				0,
				1,
				0.444,
				13.585,
				0.556,
				19,
				0.667,
				19,
				1,
				0.778,
				19,
				0.889,
				13.585,
				1,
				0,
				1,
				1.111,
				-13.585,
				1.222,
				-22,
				1.333,
				-22,
				1,
				1.444,
				-22,
				1.556,
				-13.585,
				1.667,
				0,
				1,
				1.778,
				13.585,
				1.889,
				19,
				2,
				19,
				1,
				2.111,
				19,
				2.222,
				13.585,
				2.333,
				0,
				1,
				2.444,
				-13.585,
				2.556,
				-22,
				2.667,
				-22,
				1,
				2.778,
				-22,
				2.889,
				-13.585,
				3,
				0,
				1,
				3.022,
				2.717,
				3.044,
				5.107,
				3.067,
				7.193
			]
		},
		{
			"Target": "Parameter",
			"Id": "Param23",
			"Segments": [
				0,
				-1,
				1,
				0.111,
				-1,
				0.222,
				18,
				0.333,
				18,
				1,
				0.444,
				18,
				0.556,
				11.323,
				0.667,
				-1,
				1,
				0.778,
				-13.323,
				0.889,
				-19,
				1,
				-19,
				1,
				1.111,
				-19,
				1.222,
				-13.323,
				1.333,
				-1,
				1,
				1.444,
				11.323,
				1.556,
				18,
				1.667,
				18,
				1,
				1.778,
				18,
				1.889,
				11.323,
				2,
				-1,
				1,
				2.111,
				-13.323,
				2.222,
				-19,
				2.333,
				-19,
				1,
				2.444,
				-19,
				2.556,
				-13.323,
				2.667,
				-1,
				1,
				2.778,
				11.323,
				2.889,
				18,
				3,
				18,
				1,
				3.022,
				18,
				3.044,
				17.733,
				3.067,
				17.207
			]
		},
		{
			"Target": "Parameter",
			"Id": "Param27",
			"Segments": [
				0,
				-9,
				1,
				0.167,
				-9,
				0.333,
				19,
				0.5,
				19,
				1,
				0.833,
				19,
				1.167,
				-22,
				1.5,
				-22,
				1,
				1.722,
				-22,
				1.944,
				17,
				2.167,
				17,
				1,
				2.389,
				17,
				2.611,
				-12,
				2.833,
				-12,
				1,
				2.911,
				-12,
				2.989,
				-9.55,
				3.067,
				-6.365
			]
		},
		{
			"Target": "Parameter",
			"Id": "Param24",
			"Segments": [
				0,
				-6,
				1,
				0.278,
				-6,
				0.556,
				17,
				0.833,
				17,
				1,
				1.111,
				17,
				1.389,
				-18,
				1.667,
				-18,
				1,
				1.889,
				-18,
				2.111,
				16,
				2.333,
				16,
				1,
				2.556,
				16,
				2.778,
				-11,
				3,
				-11,
				1,
				3.022,
				-11,
				3.044,
				-10.78,
				3.067,
				-10.384
			]
		},
		{
			"Target": "Parameter",
			"Id": "Param25",
			"Segments": [
				0,
				-9,
				1,
				0.111,
				-9,
				0.222,
				-6,
				0.333,
				0,
				1,
				0.444,
				6,
				0.556,
				9,
				0.667,
				9,
				1,
				0.778,
				9,
				0.889,
				6,
				1,
				0,
				1,
				1.111,
				-6,
				1.222,
				-9,
				1.333,
				-9,
				1,
				1.444,
				-9,
				1.556,
				-6,
				1.667,
				0,
				1,
				1.778,
				6,
				1.889,
				9,
				2,
				9,
				1,
				2.111,
				9,
				2.222,
				6,
				2.333,
				0,
				1,
				2.444,
				-6,
				2.556,
				-9,
				2.667,
				-9,
				1,
				2.778,
				-9,
				2.889,
				-6,
				3,
				0,
				1,
				3.022,
				1.2,
				3.044,
				2.28,
				3.067,
				3.24
			]
		},
		{
			"Target": "Parameter",
			"Id": "Param26",
			"Segments": [
				0,
				-2,
				1,
				0.111,
				-2,
				0.222,
				-14,
				0.333,
				-14,
				1,
				0.444,
				-14,
				0.556,
				-11.116,
				0.667,
				-2,
				1,
				0.778,
				7.116,
				0.889,
				14,
				1,
				14,
				1,
				1.111,
				14,
				1.222,
				7.116,
				1.333,
				-2,
				1,
				1.444,
				-11.116,
				1.556,
				-14,
				1.667,
				-14,
				1,
				1.778,
				-14,
				1.889,
				-11.116,
				2,
				-2,
				1,
				2.111,
				7.116,
				2.222,
				14,
				2.333,
				14,
				1,
				2.444,
				14,
				2.556,
				7.116,
				2.667,
				-2,
				1,
				2.778,
				-11.116,
				2.889,
				-14,
				3,
				-14,
				1,
				3.022,
				-14,
				3.044,
				-13.885,
				3.067,
				-13.627
			]
		},
		{
			"Target": "Parameter",
			"Id": "Param28",
			"Segments": [
				0,
				-12,
				1,
				0.222,
				-12,
				0.444,
				26,
				0.667,
				26,
				1,
				0.944,
				26,
				1.222,
				-13,
				1.5,
				-13,
				1,
				1.778,
				-13,
				2.056,
				15,
				2.333,
				15,
				1,
				2.556,
				15,
				2.778,
				-12,
				3,
				-12,
				1,
				3.022,
				-12,
				3.044,
				-11.556,
				3.067,
				-10.785
			]
		},
		{
			"Target": "Parameter",
			"Id": "Param29",
			"Segments": [
				0,
				-8,
				1,
				0.278,
				-8,
				0.556,
				30,
				0.833,
				30,
				1,
				1.111,
				30,
				1.389,
				-15,
				1.667,
				-15,
				1,
				1.944,
				-15,
				2.222,
				30,
				2.5,
				30,
				1,
				2.689,
				30,
				2.878,
				-0.345,
				3.067,
				-9.448
			]
		},
		{
			"Target": "Parameter",
			"Id": "Param19",
			"Segments": [
				0,
				-1,
				1,
				0.389,
				-1,
				0.778,
				-16,
				1.167,
				-16,
				1,
				1.622,
				-16,
				2.078,
				4,
				2.533,
				4,
				1,
				2.711,
				4,
				2.889,
				-1.778,
				3.067,
				-5.63
			]
		},
		{
			"Target": "Parameter",
			"Id": "Param20",
			"Segments": [
				0,
				0,
				1,
				0.056,
				0,
				0.111,
				1,
				0.167,
				1,
				1,
				0.2,
				1,
				0.233,
				0,
				0.267,
				0,
				1,
				0.789,
				0,
				1.311,
				0,
				1.833,
				0,
				1,
				1.889,
				0,
				1.944,
				1,
				2,
				1,
				1,
				2.033,
				1,
				2.067,
				0,
				2.1,
				0,
				0,
				3.067,
				0
			]
		},
		{
			"Target": "Parameter",
			"Id": "Param21",
			"Segments": [
				0,
				0,
				1,
				0.056,
				0,
				0.111,
				1,
				0.167,
				1,
				1,
				0.2,
				1,
				0.233,
				0,
				0.267,
				0,
				1,
				0.789,
				0,
				1.311,
				0,
				1.833,
				0,
				1,
				1.889,
				0,
				1.944,
				1,
				2,
				1,
				1,
				2.033,
				1,
				2.067,
				0,
				2.1,
				0,
				0,
				3.067,
				0
			]
		},
		{
			"Target": "Parameter",
			"Id": "Param43",
			"Segments": [
				0,
				-16,
				1,
				0.056,
				-16,
				0.111,
				17,
				0.167,
				17,
				1,
				0.222,
				17,
				0.278,
				-12.803,
				0.333,
				-13,
				1,
				0.944,
				-15.169,
				1.556,
				-16,
				2.167,
				-16,
				1,
				2.222,
				-16,
				2.278,
				17,
				2.333,
				17,
				1,
				2.389,
				17,
				2.444,
				-13,
				2.5,
				-13,
				0,
				3.067,
				-13
			]
		},
		{
			"Target": "Parameter",
			"Id": "Param44",
			"Segments": [
				0,
				-14,
				0,
				0.367,
				-14,
				1,
				0.422,
				-14,
				0.478,
				14,
				0.533,
				14,
				1,
				0.589,
				14,
				0.644,
				-14,
				0.7,
				-14,
				1,
				1.311,
				-14,
				1.922,
				-14,
				2.533,
				-14,
				1,
				2.589,
				-14,
				2.644,
				14,
				2.7,
				14,
				1,
				2.756,
				14,
				2.811,
				-14,
				2.867,
				-14,
				0,
				3.067,
				-14
			]
		},
		{
			"Target": "Parameter",
			"Id": "Param53",
			"Segments": [
				0,
				-26,
				1,
				0.278,
				-26,
				0.556,
				11,
				0.833,
				11,
				1,
				1.111,
				11,
				1.389,
				-16,
				1.667,
				-16,
				1,
				2,
				-16,
				2.333,
				17,
				2.667,
				17,
				0,
				3.067,
				17
			]
		},
		{
			"Target": "Parameter",
			"Id": "Param54",
			"Segments": [
				0,
				-16,
				1,
				0.333,
				-16,
				0.667,
				17,
				1,
				17,
				1,
				1.278,
				17,
				1.556,
				-16,
				1.833,
				-16,
				1,
				2.222,
				-16,
				2.611,
				17,
				3,
				17,
				0,
				3.067,
				17
			]
		},
		{
			"Target": "Parameter",
			"Id": "Param99",
			"Segments": [
				0,
				-15,
				1,
				0.333,
				-15,
				0.667,
				18,
				1,
				18,
				1,
				1.333,
				18,
				1.667,
				-16,
				2,
				-16,
				0,
				3.067,
				-16
			]
		},
		{
			"Target": "Parameter",
			"Id": "Param12",
			"Segments": [
				0,
				-1,
				1,
				0.111,
				-1,
				0.222,
				-12,
				0.333,
				-12,
				1,
				0.444,
				-12,
				0.556,
				-7.667,
				0.667,
				1,
				1,
				0.778,
				9.667,
				0.889,
				14,
				1,
				14,
				1,
				1.111,
				14,
				1.222,
				7.431,
				1.333,
				-1,
				1,
				1.444,
				-9.431,
				1.556,
				-12,
				1.667,
				-12,
				1,
				1.778,
				-12,
				1.889,
				-7.667,
				2,
				1,
				1,
				2.111,
				9.667,
				2.222,
				14,
				2.333,
				14,
				1,
				2.444,
				14,
				2.556,
				7.431,
				2.667,
				-1,
				1,
				2.778,
				-9.431,
				2.889,
				-12,
				3,
				-12,
				1,
				3.022,
				-12,
				3.044,
				-11.827,
				3.067,
				-11.48
			]
		},
		{
			"Target": "Parameter",
			"Id": "Param13",
			"Segments": [
				0,
				16,
				1,
				0.111,
				16,
				0.222,
				10.667,
				0.333,
				0,
				1,
				0.444,
				-10.667,
				0.556,
				-16,
				0.667,
				-16,
				1,
				0.778,
				-16,
				0.889,
				-12.478,
				1,
				-2,
				1,
				1.111,
				8.478,
				1.222,
				16,
				1.333,
				16,
				1,
				1.444,
				16,
				1.556,
				10.667,
				1.667,
				0,
				1,
				1.778,
				-10.667,
				1.889,
				-16,
				2,
				-16,
				1,
				2.111,
				-16,
				2.222,
				-12.478,
				2.333,
				-2,
				1,
				2.444,
				8.478,
				2.556,
				16,
				2.667,
				16,
				1,
				2.778,
				16,
				2.889,
				10.667,
				3,
				0,
				1,
				3.022,
				-2.133,
				3.044,
				-4.053,
				3.067,
				-5.76
			]
		},
		{
			"Target": "Parameter",
			"Id": "Param14",
			"Segments": [
				0,
				14,
				1,
				0.111,
				14,
				0.222,
				8.608,
				0.333,
				0,
				1,
				0.444,
				-8.608,
				0.556,
				-12,
				0.667,
				-12,
				1,
				0.778,
				-12,
				0.889,
				-8.608,
				1,
				0,
				1,
				1.111,
				8.608,
				1.222,
				14,
				1.333,
				14,
				1,
				1.444,
				14,
				1.556,
				8.608,
				1.667,
				0,
				1,
				1.778,
				-8.608,
				1.889,
				-12,
				2,
				-12,
				1,
				2.111,
				-12,
				2.222,
				-8.608,
				2.333,
				0,
				1,
				2.444,
				8.608,
				2.556,
				14,
				2.667,
				14,
				1,
				2.778,
				14,
				2.889,
				8.608,
				3,
				0,
				1,
				3.022,
				-1.722,
				3.044,
				-3.234,
				3.067,
				-4.553
			]
		},
		{
			"Target": "Parameter",
			"Id": "Param15",
			"Segments": [
				0,
				0,
				1,
				0.111,
				0,
				0.222,
				19,
				0.333,
				19,
				1,
				0.444,
				19,
				0.556,
				11.242,
				0.667,
				-1,
				1,
				0.778,
				-13.242,
				0.889,
				-18,
				1,
				-18,
				1,
				1.111,
				-18,
				1.222,
				-12.323,
				1.333,
				0,
				1,
				1.444,
				12.323,
				1.556,
				19,
				1.667,
				19,
				1,
				1.778,
				19,
				1.889,
				11.242,
				2,
				-1,
				1,
				2.111,
				-13.242,
				2.222,
				-18,
				2.333,
				-18,
				1,
				2.444,
				-18,
				2.556,
				-12.323,
				2.667,
				0,
				1,
				2.778,
				12.323,
				2.889,
				19,
				3,
				19,
				1,
				3.022,
				19,
				3.044,
				18.69,
				3.067,
				18.095
			]
		},
		{
			"Target": "Parameter",
			"Id": "Param9",
			"Segments": [
				0,
				-23,
				1,
				0.111,
				-23,
				0.222,
				-19.935,
				0.333,
				-9,
				1,
				0.444,
				1.935,
				0.556,
				11,
				0.667,
				11,
				1,
				0.778,
				11,
				0.889,
				-2.249,
				1,
				-12,
				1,
				1.111,
				-21.751,
				1.222,
				-23,
				1.333,
				-23,
				1,
				1.444,
				-23,
				1.556,
				-19.935,
				1.667,
				-9,
				1,
				1.778,
				1.935,
				1.889,
				11,
				2,
				11,
				1,
				2.111,
				11,
				2.222,
				-2.249,
				2.333,
				-12,
				1,
				2.444,
				-21.751,
				2.556,
				-23,
				2.667,
				-23,
				1,
				2.778,
				-23,
				2.889,
				-19.935,
				3,
				-9,
				1,
				3.022,
				-6.813,
				3.044,
				-4.701,
				3.067,
				-2.721
			]
		},
		{
			"Target": "Parameter",
			"Id": "Param10",
			"Segments": [
				0,
				0,
				1,
				0.111,
				0,
				0.222,
				18,
				0.333,
				18,
				1,
				0.444,
				18,
				0.556,
				12.627,
				0.667,
				0,
				1,
				0.778,
				-12.627,
				0.889,
				-20,
				1,
				-20,
				1,
				1.111,
				-20,
				1.222,
				-12.627,
				1.333,
				0,
				1,
				1.444,
				12.627,
				1.556,
				18,
				1.667,
				18,
				1,
				1.778,
				18,
				1.889,
				12.627,
				2,
				0,
				1,
				2.111,
				-12.627,
				2.222,
				-20,
				2.333,
				-20,
				1,
				2.444,
				-20,
				2.556,
				-12.627,
				2.667,
				0,
				1,
				2.778,
				12.627,
				2.889,
				18,
				3,
				18,
				1,
				3.022,
				18,
				3.044,
				17.785,
				3.067,
				17.34
			]
		},
		{
			"Target": "Parameter",
			"Id": "Param11",
			"Segments": [
				0,
				0,
				1,
				0.333,
				0,
				0.667,
				-3.714,
				1,
				-5,
				1,
				1.489,
				-6.886,
				1.978,
				-7,
				2.467,
				-7,
				0,
				3.067,
				-7
			]
		},
		{
			"Target": "Parameter",
			"Id": "Param18",
			"Segments": [
				0,
				0,
				1,
				0.333,
				0,
				0.667,
				22,
				1,
				22,
				1,
				1.489,
				22,
				1.978,
				-8,
				2.467,
				-8,
				0,
				3.067,
				-8
			]
		},
		{
			"Target": "Parameter",
			"Id": "Param34",
			"Segments": [
				0,
				0,
				1,
				0.167,
				0,
				0.333,
				0,
				0.5,
				0,
				1,
				0.533,
				0,
				0.567,
				1,
				0.6,
				1,
				1,
				0.633,
				1,
				0.667,
				0,
				0.7,
				0,
				0,
				3.067,
				0
			]
		},
		{
			"Target": "Parameter",
			"Id": "Param35",
			"Segments": [
				0,
				0,
				1,
				0.167,
				0,
				0.333,
				0,
				0.5,
				0,
				1,
				0.533,
				0,
				0.567,
				1,
				0.6,
				1,
				1,
				0.633,
				1,
				0.667,
				0,
				0.7,
				0,
				0,
				3.067,
				0
			]
		},
		{
			"Target": "Parameter",
			"Id": "Param36",
			"Segments": [
				0,
				0,
				0,
				3.067,
				0
			]
		},
		{
			"Target": "Parameter",
			"Id": "Param37",
			"Segments": [
				0,
				0,
				0,
				3.067,
				0
			]
		},
		{
			"Target": "Parameter",
			"Id": "Param38",
			"Segments": [
				0,
				0,
				0,
				3.067,
				0
			]
		},
		{
			"Target": "Parameter",
			"Id": "Param58",
			"Segments": [
				0,
				0,
				1,
				0.289,
				0,
				0.578,
				-15,
				0.867,
				-15,
				1,
				0.967,
				-15,
				1.067,
				16,
				1.167,
				16,
				1,
				1.278,
				16,
				1.389,
				-16,
				1.5,
				-16,
				1,
				1.789,
				-16,
				2.078,
				-15.882,
				2.367,
				-15,
				1,
				2.467,
				-14.695,
				2.567,
				16,
				2.667,
				16,
				1,
				2.778,
				16,
				2.889,
				-16,
				3,
				-16,
				0,
				3.067,
				-16
			]
		},
		{
			"Target": "Parameter",
			"Id": "Param100",
			"Segments": [
				0,
				-9,
				1,
				0.278,
				-9,
				0.556,
				9,
				0.833,
				9,
				1,
				1.111,
				9,
				1.389,
				-11,
				1.667,
				-11,
				1,
				1.944,
				-11,
				2.222,
				9,
				2.5,
				9,
				1,
				2.689,
				9,
				2.878,
				-2,
				3.067,
				-2
			]
		},
		{
			"Target": "Parameter",
			"Id": "Param5",
			"Segments": [
				0,
				-15,
				1,
				0.111,
				-15,
				0.222,
				-2,
				0.333,
				-2,
				1,
				0.444,
				-2,
				0.556,
				-5.392,
				0.667,
				-14,
				1,
				0.778,
				-22.608,
				0.889,
				-28,
				1,
				-28,
				1,
				1.111,
				-28,
				1.222,
				-23.667,
				1.333,
				-15,
				1,
				1.444,
				-6.333,
				1.556,
				-2,
				1.667,
				-2,
				1,
				1.778,
				-2,
				1.889,
				-5.392,
				2,
				-14,
				1,
				2.111,
				-22.608,
				2.222,
				-28,
				2.333,
				-28,
				1,
				2.444,
				-28,
				2.556,
				-23.667,
				2.667,
				-15,
				1,
				2.778,
				-6.333,
				2.889,
				-2,
				3,
				-2,
				1,
				3.022,
				-2,
				3.044,
				-2.136,
				3.067,
				-2.422
			]
		},
		{
			"Target": "Parameter",
			"Id": "Param6",
			"Segments": [
				0,
				0,
				1,
				0.111,
				0,
				0.222,
				-6.051,
				0.333,
				-16,
				1,
				0.444,
				-25.949,
				0.556,
				-30,
				0.667,
				-30,
				1,
				0.778,
				-30,
				0.889,
				-25.949,
				1,
				-16,
				1,
				1.111,
				-6.051,
				1.222,
				0,
				1.333,
				0,
				1,
				1.444,
				0,
				1.556,
				-6.051,
				1.667,
				-16,
				1,
				1.778,
				-25.949,
				1.889,
				-30,
				2,
				-30,
				1,
				2.111,
				-30,
				2.222,
				-25.949,
				2.333,
				-16,
				1,
				2.444,
				-6.051,
				2.556,
				0,
				2.667,
				0,
				1,
				2.778,
				0,
				2.889,
				-6.051,
				3,
				-16,
				1,
				3.022,
				-17.99,
				3.044,
				-19.744,
				3.067,
				-21.277
			]
		},
		{
			"Target": "Parameter",
			"Id": "Param8",
			"Segments": [
				0,
				16,
				1,
				0.111,
				16,
				0.222,
				28,
				0.333,
				28,
				1,
				0.444,
				28,
				0.556,
				24.318,
				0.667,
				16,
				1,
				0.778,
				7.682,
				0.889,
				3,
				1,
				3,
				1,
				1.111,
				3,
				1.222,
				7.682,
				1.333,
				16,
				1,
				1.444,
				24.318,
				1.556,
				28,
				1.667,
				28,
				1,
				1.778,
				28,
				1.889,
				24.318,
				2,
				16,
				1,
				2.111,
				7.682,
				2.222,
				3,
				2.333,
				3,
				1,
				2.444,
				3,
				2.556,
				7.682,
				2.667,
				16,
				1,
				2.778,
				24.318,
				2.889,
				28,
				3,
				28,
				1,
				3.022,
				28,
				3.044,
				27.853,
				3.067,
				27.551
			]
		},
		{
			"Target": "Parameter",
			"Id": "Param7",
			"Segments": [
				0,
				28,
				1,
				0.111,
				28,
				0.222,
				14,
				0.333,
				14,
				1,
				0.444,
				5.014,
				0.556,
				1,
				0.667,
				1,
				1,
				0.778,
				1,
				0.889,
				7.127,
				1,
				16,
				1,
				1.111,
				24.873,
				1.222,
				28,
				1.333,
				28,
				1,
				1.444,
				28,
				1.556,
				14,
				1.667,
				14,
				1,
				1.778,
				5.014,
				1.889,
				1,
				2,
				1,
				1,
				2.111,
				1,
				2.222,
				7.127,
				2.333,
				16,
				1,
				2.444,
				24.873,
				2.556,
				28,
				2.667,
				28,
				1,
				2.778,
				28,
				2.889,
				14,
				3,
				14,
				1,
				3.022,
				12.203,
				3.044,
				10.605,
				3.067,
				9.197
			]
		},
		{
			"Target": "Parameter",
			"Id": "ParamHairBack",
			"Segments": [
				0,
				0,
				1,
				0.222,
				0,
				0.444,
				-0.6,
				0.667,
				-0.6,
				1,
				0.9,
				-0.6,
				1.133,
				0.3,
				1.367,
				0.3,
				1,
				1.689,
				0.3,
				2.011,
				-0.3,
				2.333,
				-0.3,
				1,
				2.578,
				-0.3,
				2.822,
				0.3,
				3.067,
				0.3
			]
		},
		{
			"Target": "Parameter",
			"Id": "ParamHairFront",
			"Segments": [
				0,
				0,
				1,
				0.211,
				0,
				0.422,
				-0.5,
				0.633,
				-0.5,
				1,
				0.867,
				-0.5,
				1.1,
				0.4,
				1.333,
				0.4,
				1,
				1.656,
				0.4,
				1.978,
				-0.3,
				2.3,
				-0.3,
				1,
				2.544,
				-0.3,
				2.789,
				0.4,
				3.033,
				0.4,
				0,
				3.067,
				0.4
			]
		},
		{
			"Target": "Parameter",
			"Id": "ParamHairSide",
			"Segments": [
				0,
				0,
				1,
				0.2,
				0,
				0.4,
				-0.5,
				0.6,
				-0.5,
				1,
				0.833,
				-0.5,
				1.067,
				0.4,
				1.3,
				0.4,
				1,
				1.622,
				0.4,
				1.944,
				-0.3,
				2.267,
				-0.3,
				1,
				2.511,
				-0.3,
				2.756,
				0.4,
				3,
				0.4,
				0,
				3.067,
				0.4
			]
		},
		{
			"Target": "Parameter",
			"Id": "Param2",
			"Segments": [
				0,
				0,
				1,
				0.222,
				0,
				0.444,
				-11,
				0.667,
				-11,
				1,
				0.9,
				-11,
				1.133,
				13,
				1.367,
				13,
				1,
				1.689,
				13,
				2.011,
				-8,
				2.333,
				-8,
				1,
				2.578,
				-8,
				2.822,
				10,
				3.067,
				10
			]
		},
		{
			"Target": "Parameter",
			"Id": "Param3",
			"Segments": [
				0,
				0,
				1,
				0.211,
				0,
				0.422,
				-14,
				0.633,
				-14,
				1,
				0.867,
				-14,
				1.1,
				16,
				1.333,
				16,
				1,
				1.656,
				16,
				1.978,
				-10,
				2.3,
				-10,
				1,
				2.544,
				-10,
				2.789,
				14,
				3.033,
				14,
				0,
				3.067,
				14
			]
		},
		{
			"Target": "Parameter",
			"Id": "Param4",
			"Segments": [
				0,
				0,
				1,
				0.189,
				0,
				0.378,
				-17,
				0.567,
				-17,
				1,
				0.8,
				-17,
				1.033,
				13,
				1.267,
				13,
				1,
				1.589,
				13,
				1.911,
				-13,
				2.233,
				-13,
				1,
				2.478,
				-13,
				2.722,
				18,
				2.967,
				18,
				0,
				3.067,
				18
			]
		},
		{
			"Target": "Parameter",
			"Id": "Param55",
			"Segments": [
				0,
				0,
				1,
				0.222,
				0,
				0.444,
				-16,
				0.667,
				-16,
				1,
				0.9,
				-16,
				1.133,
				18,
				1.367,
				18,
				1,
				1.689,
				18,
				2.011,
				-11,
				2.333,
				-11,
				1,
				2.578,
				-11,
				2.822,
				14,
				3.067,
				14
			]
		},
		{
			"Target": "Parameter",
			"Id": "Param56",
			"Segments": [
				0,
				0,
				1,
				0.2,
				0,
				0.4,
				-14,
				0.6,
				-14,
				1,
				0.833,
				-14,
				1.067,
				14,
				1.3,
				14,
				1,
				1.622,
				14,
				1.944,
				-9,
				2.267,
				-9,
				1,
				2.511,
				-9,
				2.756,
				16,
				3,
				16,
				0,
				3.067,
				16
			]
		},
		{
			"Target": "Parameter",
			"Id": "Param57",
			"Segments": [
				0,
				-11,
				1,
				0.189,
				-11,
				0.378,
				-11.37,
				0.567,
				-10,
				1,
				0.811,
				-8.227,
				1.056,
				14,
				1.3,
				14,
				1,
				1.5,
				14,
				1.7,
				8.168,
				1.9,
				-3,
				1,
				2.022,
				-9.825,
				2.144,
				-13,
				2.267,
				-13,
				0,
				3.067,
				-13
			]
		},
		{
			"Target": "Parameter",
			"Id": "ParamAngleX",
			"Segments": [
				0,
				0,
				1,
				0.667,
				0,
				1.333,
				8,
				2,
				8,
				0,
				3.067,
				8
			]
		},
		{
			"Target": "Parameter",
			"Id": "ParamAngleY",
			"Segments": [
				0,
				0,
				0,
				3.067,
				0
			]
		},
		{
			"Target": "Parameter",
			"Id": "ParamAngleZ",
			"Segments": [
				0,
				0,
				1,
				0.333,
				0,
				0.667,
				14,
				1,
				14,
				1,
				1.333,
				14,
				1.667,
				9,
				2,
				9,
				0,
				3.067,
				9
			]
		},
		{
			"Target": "Parameter",
			"Id": "ParamEyeLOpen",
			"Segments": [
				0,
				1,
				1,
				0.333,
				1,
				0.667,
				1,
				1,
				1,
				1,
				1.389,
				1,
				1.778,
				1,
				2.167,
				1,
				1,
				2.2,
				1,
				2.233,
				0,
				2.267,
				0,
				1,
				2.289,
				0,
				2.311,
				1,
				2.333,
				1,
				1,
				2.433,
				1,
				2.533,
				1,
				2.633,
				1,
				0,
				3.067,
				1
			]
		},
		{
			"Target": "Parameter",
			"Id": "ParamEyeLSmile",
			"Segments": [
				0,
				0,
				0,
				3.067,
				0
			]
		},
		{
			"Target": "Parameter",
			"Id": "ParamEyeROpen",
			"Segments": [
				0,
				1,
				1,
				0.333,
				1,
				0.667,
				1,
				1,
				1,
				1,
				1.144,
				1,
				1.289,
				1,
				1.433,
				1,
				1,
				1.678,
				1,
				1.922,
				1,
				2.167,
				1,
				1,
				2.2,
				1,
				2.233,
				0,
				2.267,
				0,
				1,
				2.289,
				0,
				2.311,
				1,
				2.333,
				1,
				1,
				2.433,
				1,
				2.533,
				1,
				2.633,
				1,
				0,
				3.067,
				1
			]
		},
		{
			"Target": "Parameter",
			"Id": "ParamEyeRSmile",
			"Segments": [
				0,
				0,
				0,
				3.067,
				0
			]
		},
		{
			"Target": "Parameter",
			"Id": "ParamEyeBallX",
			"Segments": [
				0,
				0,
				1,
				0.167,
				0,
				0.333,
				0,
				0.5,
				0,
				1,
				0.667,
				0,
				0.833,
				0.3,
				1,
				0.3,
				0,
				3.067,
				0.3
			]
		},
		{
			"Target": "Parameter",
			"Id": "ParamEyeBallY",
			"Segments": [
				0,
				0,
				1,
				0.167,
				0,
				0.333,
				0,
				0.5,
				0,
				1,
				0.667,
				0,
				0.833,
				0.1,
				1,
				0.1,
				0,
				3.067,
				0.1
			]
		},
		{
			"Target": "Parameter",
			"Id": "ParamMouthForm",
			"Segments": [
				0,
				0,
				1,
				0.333,
				0,
				0.667,
				0,
				1,
				0,
				0,
				3.067,
				0
			]
		},
		{
			"Target": "Parameter",
			"Id": "Param59",
			"Segments": [
				0,
				0,
				0,
				3.067,
				0
			]
		},
		{
			"Target": "Parameter",
			"Id": "Param60",
			"Segments": [
				0,
				0,
				0,
				3.067,
				0
			]
		},
		{
			"Target": "Parameter",
			"Id": "ParamMouthOpenY",
			"Segments": [
				0,
				0.9,
				1,
				0.222,
				0.9,
				0.444,
				0.887,
				0.667,
				0.7,
				1,
				0.778,
				0.607,
				0.889,
				0,
				1,
				0,
				0,
				3.067,
				0
			]
		},
		{
			"Target": "Parameter",
			"Id": "Param61",
			"Segments": [
				0,
				0,
				1,
				0.333,
				0,
				0.667,
				0,
				1,
				0,
				0,
				3.067,
				0
			]
		},
		{
			"Target": "Parameter",
			"Id": "Param64",
			"Segments": [
				0,
				0,
				1,
				0.333,
				0,
				0.667,
				0,
				1,
				0,
				0,
				3.067,
				0
			]
		},
		{
			"Target": "Parameter",
			"Id": "ParamCheek",
			"Segments": [
				0,
				0,
				0,
				3.067,
				0
			]
		},
		{
			"Target": "Parameter",
			"Id": "ParamBodyAngleX",
			"Segments": [
				0,
				0,
				1,
				0.411,
				0,
				0.822,
				-5,
				1.233,
				-5,
				0,
				3.067,
				-5
			]
		},
		{
			"Target": "Parameter",
			"Id": "ParamBodyAngleY",
			"Segments": [
				0,
				0,
				0,
				3.067,
				0
			]
		},
		{
			"Target": "Parameter",
			"Id": "ParamBodyAngleZ",
			"Segments": [
				0,
				0,
				1,
				0.389,
				0,
				0.778,
				2,
				1.167,
				2,
				0,
				3.067,
				2
			]
		},
		{
			"Target": "Parameter",
			"Id": "ParamBreath",
			"Segments": [
				0,
				0,
				1,
				0.333,
				0,
				0.667,
				1,
				1,
				1,
				1,
				1.444,
				1,
				1.889,
				0,
				2.333,
				0,
				1,
				2.578,
				0,
				2.822,
				0.229,
				3.067,
				0.467
			]
		},
		{
			"Target": "Parameter",
			"Id": "Param48",
			"Segments": [
				0,
				0,
				1,
				0.233,
				0,
				0.467,
				0.171,
				0.7,
				-1,
				1,
				0.933,
				-2.171,
				1.167,
				-9,
				1.4,
				-9,
				0,
				3.067,
				-9
			]
		},
		{
			"Target": "Parameter",
			"Id": "Param78",
			"Segments": [
				0,
				1,
				0,
				0.7,
				1,
				1,
				0.9,
				1,
				1.1,
				9,
				1.3,
				9,
				0,
				3.067,
				9
			]
		},
		{
			"Target": "Parameter",
			"Id": "Param101",
			"Segments": [
				0,
				-8,
				1,
				0.5,
				-8,
				1,
				8,
				1.5,
				8,
				1,
				1.889,
				8,
				2.278,
				-12,
				2.667,
				-12,
				0,
				3.067,
				-12
			]
		},
		{
			"Target": "Parameter",
			"Id": "Param49",
			"Segments": [
				0,
				0,
				1,
				0.111,
				0,
				0.222,
				4.85,
				0.333,
				11,
				1,
				0.444,
				17.15,
				0.556,
				19,
				0.667,
				19,
				1,
				0.778,
				19,
				0.889,
				16.313,
				1,
				10,
				1,
				1.111,
				3.687,
				1.222,
				0,
				1.333,
				0,
				1,
				1.444,
				0,
				1.556,
				4.85,
				1.667,
				11,
				1,
				1.778,
				17.15,
				1.889,
				19,
				2,
				19,
				1,
				2.111,
				19,
				2.222,
				16.313,
				2.333,
				10,
				1,
				2.444,
				3.687,
				2.556,
				0,
				2.667,
				0,
				1,
				2.778,
				0,
				2.889,
				4.85,
				3,
				11,
				1,
				3.022,
				12.23,
				3.044,
				13.288,
				3.067,
				14.194
			]
		},
		{
			"Target": "Parameter",
			"Id": "Param50",
			"Segments": [
				0,
				5,
				1,
				0.111,
				5,
				0.222,
				-12,
				0.333,
				-12,
				1,
				0.444,
				-12,
				0.556,
				-3.509,
				0.667,
				9,
				1,
				0.778,
				21.509,
				0.889,
				26,
				1,
				26,
				1,
				1.111,
				26,
				1.222,
				17.509,
				1.333,
				5,
				1,
				1.444,
				-7.509,
				1.556,
				-12,
				1.667,
				-12,
				1,
				1.778,
				-12,
				1.889,
				-3.509,
				2,
				9,
				1,
				2.111,
				21.509,
				2.222,
				26,
				2.333,
				26,
				1,
				2.444,
				26,
				2.556,
				17.509,
				2.667,
				5,
				1,
				2.778,
				-7.509,
				2.889,
				-12,
				3,
				-12,
				1,
				3.022,
				-12,
				3.044,
				-11.66,
				3.067,
				-11.017
			]
		},
		{
			"Target": "Parameter",
			"Id": "Param67",
			"Segments": [
				0,
				5,
				1,
				0.111,
				5,
				0.222,
				9.85,
				0.333,
				16,
				1,
				0.444,
				22.15,
				0.556,
				24,
				0.667,
				24,
				1,
				0.778,
				24,
				0.889,
				20.313,
				1,
				14,
				1,
				1.111,
				7.687,
				1.222,
				5,
				1.333,
				5,
				1,
				1.444,
				5,
				1.556,
				9.85,
				1.667,
				16,
				1,
				1.778,
				22.15,
				1.889,
				24,
				2,
				24,
				1,
				2.111,
				24,
				2.222,
				20.313,
				2.333,
				14,
				1,
				2.444,
				7.687,
				2.556,
				5,
				2.667,
				5,
				1,
				2.778,
				5,
				2.889,
				9.85,
				3,
				16,
				1,
				3.022,
				17.23,
				3.044,
				18.288,
				3.067,
				19.194
			]
		},
		{
			"Target": "Parameter",
			"Id": "Param68",
			"Segments": [
				0,
				-1,
				1,
				0.111,
				-1,
				0.222,
				21,
				0.333,
				21,
				1,
				0.444,
				21,
				0.556,
				14.325,
				0.667,
				0,
				1,
				0.778,
				-14.325,
				0.889,
				-22,
				1,
				-22,
				1,
				1.111,
				-22,
				1.222,
				-15.325,
				1.333,
				-1,
				1,
				1.444,
				13.325,
				1.556,
				21,
				1.667,
				21,
				1,
				1.778,
				21,
				1.889,
				14.325,
				2,
				0,
				1,
				2.111,
				-14.325,
				2.222,
				-22,
				2.333,
				-22,
				1,
				2.444,
				-22,
				2.556,
				-15.325,
				2.667,
				-1,
				1,
				2.778,
				13.325,
				2.889,
				21,
				3,
				21,
				1,
				3.022,
				21,
				3.044,
				20.733,
				3.067,
				20.191
			]
		},
		{
			"Target": "Parameter",
			"Id": "Param16",
			"Segments": [
				0,
				-6,
				1,
				0.111,
				-6,
				0.222,
				-4.769,
				0.333,
				0,
				1,
				0.444,
				4.769,
				0.556,
				9,
				0.667,
				9,
				1,
				0.778,
				9,
				0.889,
				3.368,
				1,
				-1,
				1,
				1.111,
				-5.368,
				1.222,
				-6,
				1.333,
				-6,
				1,
				1.444,
				-6,
				1.556,
				-4.769,
				1.667,
				0,
				1,
				1.778,
				4.769,
				1.889,
				9,
				2,
				9,
				1,
				2.111,
				9,
				2.222,
				3.368,
				2.333,
				-1,
				1,
				2.444,
				-5.368,
				2.556,
				-6,
				2.667,
				-6,
				1,
				2.778,
				-6,
				2.889,
				-4.769,
				3,
				0,
				1,
				3.022,
				0.954,
				3.044,
				1.886,
				3.067,
				2.767
			]
		},
		{
			"Target": "Parameter",
			"Id": "Param17",
			"Segments": [
				0,
				-1,
				1,
				0.111,
				-1,
				0.222,
				11,
				0.333,
				11,
				1,
				0.444,
				11,
				0.556,
				5.835,
				0.667,
				-1,
				1,
				0.778,
				-7.835,
				0.889,
				-10,
				1,
				-10,
				1,
				1.111,
				-10,
				1.222,
				-7.835,
				1.333,
				-1,
				1,
				1.444,
				5.835,
				1.556,
				11,
				1.667,
				11,
				1,
				1.778,
				11,
				1.889,
				5.835,
				2,
				-1,
				1,
				2.111,
				-7.835,
				2.222,
				-10,
				2.333,
				-10,
				1,
				2.444,
				-10,
				2.556,
				-7.835,
				2.667,
				-1,
				1,
				2.778,
				5.835,
				2.889,
				11,
				3,
				11,
				1,
				3.022,
				11,
				3.044,
				10.793,
				3.067,
				10.408
			]
		},
		{
			"Target": "Parameter",
			"Id": "Param69",
			"Segments": [
				0,
				-7,
				1,
				0.111,
				-7,
				0.222,
				-4.333,
				0.333,
				1,
				1,
				0.444,
				6.333,
				0.556,
				9,
				0.667,
				9,
				1,
				0.778,
				9,
				0.889,
				5.237,
				1,
				0,
				1,
				1.111,
				-5.237,
				1.222,
				-7,
				1.333,
				-7,
				1,
				1.444,
				-7,
				1.556,
				-4.333,
				1.667,
				1,
				1,
				1.778,
				6.333,
				1.889,
				9,
				2,
				9,
				1,
				2.111,
				9,
				2.222,
				5.237,
				2.333,
				0,
				1,
				2.444,
				-5.237,
				2.556,
				-7,
				2.667,
				-7,
				1,
				2.778,
				-7,
				2.889,
				-4.333,
				3,
				1,
				1,
				3.022,
				2.067,
				3.044,
				3.027,
				3.067,
				3.88
			]
		},
		{
			"Target": "Parameter",
			"Id": "Param70",
			"Segments": [
				0,
				0,
				1,
				0.111,
				0,
				0.222,
				12,
				0.333,
				12,
				1,
				0.444,
				12,
				0.556,
				5.25,
				0.667,
				-2,
				1,
				0.778,
				-9.25,
				0.889,
				-11,
				1,
				-11,
				1,
				1.111,
				-11,
				1.222,
				-7.65,
				1.333,
				0,
				1,
				1.444,
				7.65,
				1.556,
				12,
				1.667,
				12,
				1,
				1.778,
				12,
				1.889,
				5.25,
				2,
				-2,
				1,
				2.111,
				-9.25,
				2.222,
				-11,
				2.333,
				-11,
				1,
				2.444,
				-11,
				2.556,
				-7.65,
				2.667,
				0,
				1,
				2.778,
				7.65,
				2.889,
				12,
				3,
				12,
				1,
				3.022,
				12,
				3.044,
				11.73,
				3.067,
				11.24
			]
		},
		{
			"Target": "Parameter",
			"Id": "Param51",
			"Segments": [
				0,
				0,
				1,
				0.333,
				0,
				0.667,
				-8,
				1,
				-8,
				1,
				1.5,
				-8,
				2,
				8,
				2.5,
				8,
				1,
				2.689,
				8,
				2.878,
				6.124,
				3.067,
				3.856
			]
		},
		{
			"Target": "Parameter",
			"Id": "Param52",
			"Segments": [
				0,
				0,
				1,
				0.356,
				0,
				0.711,
				7,
				1.067,
				7,
				1,
				1.544,
				7,
				2.022,
				-7,
				2.5,
				-7,
				1,
				2.689,
				-7,
				2.878,
				-4.968,
				3.067,
				-2.511
			]
		},
		{
			"Target": "Parameter",
			"Id": "Param63",
			"Segments": [
				0,
				0,
				0,
				3.067,
				0
			]
		}
	]
}