{
	"Version": 3,
	"Meta": {
		"PhysicsSettingCount": 5,
		"TotalInputCount": 20,
		"TotalOutputCount": 20,
		"VertexCount": 17,
		"EffectiveForces": {
			"Gravity": {
				"X": 0,
				"Y": -1
			},
			"Wind": {
				"X": 0,
				"Y": 0
			}
		},
		"PhysicsDictionary": [
			{
				"Id": "PhysicsSetting1",
				"Name": "髪"
			},
			{
				"Id": "PhysicsSetting2",
				"Name": "髪2"
			},
			{
				"Id": "PhysicsSetting3",
				"Name": "髪3"
			},
			{
				"Id": "PhysicsSetting4",
				"Name": "髪4"
			},
			{
				"Id": "PhysicsSetting5",
				"Name": "髪5"
			}
		]
	},
	"PhysicsSettings": [
		{
			"Id": "PhysicsSetting1",
			"Input": [
				{
					"Source": {
						"Target": "Parameter",
						"Id": "ParamAngleX"
					},
					"Weight": 60,
					"Type": "X",
					"Reflect": false
				},
				{
					"Source": {
						"Target": "Parameter",
						"Id": "ParamAngleZ"
					},
					"Weight": 60,
					"Type": "Angle",
					"Reflect": false
				},
				{
					"Source": {
						"Target": "Parameter",
						"Id": "ParamBodyAngleX"
					},
					"Weight": 40,
					"Type": "X",
					"Reflect": false
				},
				{
					"Source": {
						"Target": "Parameter",
						"Id": "ParamBodyAngleZ"
					},
					"Weight": 40,
					"Type": "Angle",
					"Reflect": false
				}
			],
			"Output": [
				{
					"Destination": {
						"Target": "Parameter",
						"Id": "ParamHairFront"
					},
					"VertexIndex": 1,
					"Scale": 0.5,
					"Weight": 100,
					"Type": "Angle",
					"Reflect": false
				},
				{
					"Destination": {
						"Target": "Parameter",
						"Id": "Param6"
					},
					"VertexIndex": 1,
					"Scale": 0.5,
					"Weight": 100,
					"Type": "Angle",
					"Reflect": false
				},
				{
					"Destination": {
						"Target": "Parameter",
						"Id": "Param5"
					},
					"VertexIndex": 1,
					"Scale": 0.5,
					"Weight": 100,
					"Type": "Angle",
					"Reflect": false
				},
				{
					"Destination": {
						"Target": "Parameter",
						"Id": "Param7"
					},
					"VertexIndex": 1,
					"Scale": 0.5,
					"Weight": 100,
					"Type": "Angle",
					"Reflect": false
				}
			],
			"Vertices": [
				{
					"Position": {
						"X": 0,
						"Y": 0
					},
					"Mobility": 1,
					"Delay": 1,
					"Acceleration": 1,
					"Radius": 0
				},
				{
					"Position": {
						"X": 0,
						"Y": 15
					},
					"Mobility": 0.95,
					"Delay": 0.8,
					"Acceleration": 1.5,
					"Radius": 15
				}
			],
			"Normalization": {
				"Position": {
					"Minimum": -10,
					"Default": 0,
					"Maximum": 10
				},
				"Angle": {
					"Minimum": -10,
					"Default": 0,
					"Maximum": 10
				}
			}
		},
		{
			"Id": "PhysicsSetting2",
			"Input": [
				{
					"Source": {
						"Target": "Parameter",
						"Id": "ParamAngleX"
					},
					"Weight": 60,
					"Type": "X",
					"Reflect": false
				},
				{
					"Source": {
						"Target": "Parameter",
						"Id": "ParamAngleZ"
					},
					"Weight": 60,
					"Type": "Angle",
					"Reflect": false
				},
				{
					"Source": {
						"Target": "Parameter",
						"Id": "ParamBodyAngleX"
					},
					"Weight": 40,
					"Type": "X",
					"Reflect": false
				},
				{
					"Source": {
						"Target": "Parameter",
						"Id": "ParamBodyAngleZ"
					},
					"Weight": 40,
					"Type": "Angle",
					"Reflect": false
				}
			],
			"Output": [
				{
					"Destination": {
						"Target": "Parameter",
						"Id": "ParamHairSide"
					},
					"VertexIndex": 1,
					"Scale": 0.5,
					"Weight": 100,
					"Type": "Angle",
					"Reflect": false
				},
				{
					"Destination": {
						"Target": "Parameter",
						"Id": "Param8"
					},
					"VertexIndex": 2,
					"Scale": 0.5,
					"Weight": 100,
					"Type": "Angle",
					"Reflect": false
				}
			],
			"Vertices": [
				{
					"Position": {
						"X": 0,
						"Y": 0
					},
					"Mobility": 1,
					"Delay": 1,
					"Acceleration": 1,
					"Radius": 0
				},
				{
					"Position": {
						"X": 0,
						"Y": 10
					},
					"Mobility": 0.85,
					"Delay": 0.9,
					"Acceleration": 1,
					"Radius": 10
				},
				{
					"Position": {
						"X": 0,
						"Y": 20
					},
					"Mobility": 0.9,
					"Delay": 0.9,
					"Acceleration": 0.5,
					"Radius": 10
				}
			],
			"Normalization": {
				"Position": {
					"Minimum": -10,
					"Default": 0,
					"Maximum": 10
				},
				"Angle": {
					"Minimum": -10,
					"Default": 0,
					"Maximum": 10
				}
			}
		},
		{
			"Id": "PhysicsSetting3",
			"Input": [
				{
					"Source": {
						"Target": "Parameter",
						"Id": "ParamAngleX"
					},
					"Weight": 60,
					"Type": "X",
					"Reflect": false
				},
				{
					"Source": {
						"Target": "Parameter",
						"Id": "ParamAngleZ"
					},
					"Weight": 60,
					"Type": "Angle",
					"Reflect": false
				},
				{
					"Source": {
						"Target": "Parameter",
						"Id": "ParamBodyAngleX"
					},
					"Weight": 40,
					"Type": "X",
					"Reflect": false
				},
				{
					"Source": {
						"Target": "Parameter",
						"Id": "ParamBodyAngleZ"
					},
					"Weight": 40,
					"Type": "Angle",
					"Reflect": false
				}
			],
			"Output": [
				{
					"Destination": {
						"Target": "Parameter",
						"Id": "ParamHairBack"
					},
					"VertexIndex": 1,
					"Scale": 0.5,
					"Weight": 100,
					"Type": "Angle",
					"Reflect": false
				},
				{
					"Destination": {
						"Target": "Parameter",
						"Id": "Param11"
					},
					"VertexIndex": 3,
					"Scale": 0.2,
					"Weight": 100,
					"Type": "Angle",
					"Reflect": false
				},
				{
					"Destination": {
						"Target": "Parameter",
						"Id": "Param14"
					},
					"VertexIndex": 3,
					"Scale": 0.2,
					"Weight": 100,
					"Type": "Angle",
					"Reflect": false
				},
				{
					"Destination": {
						"Target": "Parameter",
						"Id": "Param73"
					},
					"VertexIndex": 3,
					"Scale": 0.5,
					"Weight": 100,
					"Type": "Angle",
					"Reflect": false
				},
				{
					"Destination": {
						"Target": "Parameter",
						"Id": "Param76"
					},
					"VertexIndex": 3,
					"Scale": 0.1,
					"Weight": 100,
					"Type": "Angle",
					"Reflect": false
				},
				{
					"Destination": {
						"Target": "Parameter",
						"Id": "Param77"
					},
					"VertexIndex": 3,
					"Scale": 0.2,
					"Weight": 100,
					"Type": "Angle",
					"Reflect": false
				}
			],
			"Vertices": [
				{
					"Position": {
						"X": 0,
						"Y": 0
					},
					"Mobility": 1,
					"Delay": 1,
					"Acceleration": 1,
					"Radius": 0
				},
				{
					"Position": {
						"X": 0,
						"Y": 10
					},
					"Mobility": 0.85,
					"Delay": 0.9,
					"Acceleration": 1,
					"Radius": 10
				},
				{
					"Position": {
						"X": 0,
						"Y": 20
					},
					"Mobility": 0.9,
					"Delay": 0.9,
					"Acceleration": 1,
					"Radius": 10
				},
				{
					"Position": {
						"X": 0,
						"Y": 28
					},
					"Mobility": 0.9,
					"Delay": 0.9,
					"Acceleration": 0.8,
					"Radius": 8
				}
			],
			"Normalization": {
				"Position": {
					"Minimum": -10,
					"Default": 0,
					"Maximum": 10
				},
				"Angle": {
					"Minimum": -10,
					"Default": 0,
					"Maximum": 10
				}
			}
		},
		{
			"Id": "PhysicsSetting4",
			"Input": [
				{
					"Source": {
						"Target": "Parameter",
						"Id": "ParamAngleX"
					},
					"Weight": 60,
					"Type": "X",
					"Reflect": false
				},
				{
					"Source": {
						"Target": "Parameter",
						"Id": "ParamAngleZ"
					},
					"Weight": 60,
					"Type": "Angle",
					"Reflect": false
				},
				{
					"Source": {
						"Target": "Parameter",
						"Id": "ParamBodyAngleX"
					},
					"Weight": 40,
					"Type": "X",
					"Reflect": false
				},
				{
					"Source": {
						"Target": "Parameter",
						"Id": "ParamBodyAngleZ"
					},
					"Weight": 40,
					"Type": "Angle",
					"Reflect": false
				}
			],
			"Output": [
				{
					"Destination": {
						"Target": "Parameter",
						"Id": "Param10"
					},
					"VertexIndex": 1,
					"Scale": 0.5,
					"Weight": 100,
					"Type": "Angle",
					"Reflect": false
				},
				{
					"Destination": {
						"Target": "Parameter",
						"Id": "Param13"
					},
					"VertexIndex": 2,
					"Scale": 0.5,
					"Weight": 100,
					"Type": "Angle",
					"Reflect": false
				}
			],
			"Vertices": [
				{
					"Position": {
						"X": 0,
						"Y": 0
					},
					"Mobility": 1,
					"Delay": 1,
					"Acceleration": 1,
					"Radius": 0
				},
				{
					"Position": {
						"X": 0,
						"Y": 10
					},
					"Mobility": 0.85,
					"Delay": 0.9,
					"Acceleration": 1,
					"Radius": 10
				},
				{
					"Position": {
						"X": 0,
						"Y": 20
					},
					"Mobility": 0.9,
					"Delay": 0.9,
					"Acceleration": 1,
					"Radius": 10
				},
				{
					"Position": {
						"X": 0,
						"Y": 28
					},
					"Mobility": 0.9,
					"Delay": 0.9,
					"Acceleration": 0.8,
					"Radius": 8
				}
			],
			"Normalization": {
				"Position": {
					"Minimum": -10,
					"Default": 0,
					"Maximum": 10
				},
				"Angle": {
					"Minimum": -10,
					"Default": 0,
					"Maximum": 10
				}
			}
		},
		{
			"Id": "PhysicsSetting5",
			"Input": [
				{
					"Source": {
						"Target": "Parameter",
						"Id": "ParamAngleX"
					},
					"Weight": 60,
					"Type": "X",
					"Reflect": false
				},
				{
					"Source": {
						"Target": "Parameter",
						"Id": "ParamAngleZ"
					},
					"Weight": 60,
					"Type": "Angle",
					"Reflect": false
				},
				{
					"Source": {
						"Target": "Parameter",
						"Id": "ParamBodyAngleX"
					},
					"Weight": 40,
					"Type": "X",
					"Reflect": false
				},
				{
					"Source": {
						"Target": "Parameter",
						"Id": "ParamBodyAngleZ"
					},
					"Weight": 40,
					"Type": "Angle",
					"Reflect": false
				}
			],
			"Output": [
				{
					"Destination": {
						"Target": "Parameter",
						"Id": "Param12"
					},
					"VertexIndex": 1,
					"Scale": 0.5,
					"Weight": 100,
					"Type": "Angle",
					"Reflect": false
				},
				{
					"Destination": {
						"Target": "Parameter",
						"Id": "Param15"
					},
					"VertexIndex": 2,
					"Scale": 0.5,
					"Weight": 100,
					"Type": "Angle",
					"Reflect": false
				},
				{
					"Destination": {
						"Target": "Parameter",
						"Id": "Param78"
					},
					"VertexIndex": 3,
					"Scale": 0.3,
					"Weight": 100,
					"Type": "Angle",
					"Reflect": false
				},
				{
					"Destination": {
						"Target": "Parameter",
						"Id": "Param79"
					},
					"VertexIndex": 3,
					"Scale": 0.3,
					"Weight": 100,
					"Type": "Angle",
					"Reflect": false
				},
				{
					"Destination": {
						"Target": "Parameter",
						"Id": "Param9"
					},
					"VertexIndex": 3,
					"Scale": 0.3,
					"Weight": 100,
					"Type": "Angle",
					"Reflect": false
				},
				{
					"Destination": {
						"Target": "Parameter",
						"Id": "Param82"
					},
					"VertexIndex": 3,
					"Scale": 0.3,
					"Weight": 100,
					"Type": "Angle",
					"Reflect": false
				}
			],
			"Vertices": [
				{
					"Position": {
						"X": 0,
						"Y": 0
					},
					"Mobility": 1,
					"Delay": 1,
					"Acceleration": 1,
					"Radius": 0
				},
				{
					"Position": {
						"X": 0,
						"Y": 10
					},
					"Mobility": 0.85,
					"Delay": 0.9,
					"Acceleration": 1,
					"Radius": 10
				},
				{
					"Position": {
						"X": 0,
						"Y": 20
					},
					"Mobility": 0.9,
					"Delay": 0.9,
					"Acceleration": 1,
					"Radius": 10
				},
				{
					"Position": {
						"X": 0,
						"Y": 28
					},
					"Mobility": 0.9,
					"Delay": 0.9,
					"Acceleration": 0.8,
					"Radius": 8
				}
			],
			"Normalization": {
				"Position": {
					"Minimum": -10,
					"Default": 0,
					"Maximum": 10
				},
				"Angle": {
					"Minimum": -10,
					"Default": 0,
					"Maximum": 10
				}
			}
		}
	]
}