{
	"Version": 3,
	"FileReferences": {
		"Moc": "l2d200041.moc3",
		"Textures": [
			"l2d200041.2048/texture_00.png"
		],
		"Physics": "l2d200041.physics3.json",
		"Motions": {
			"Anger": [
				{
					"File": "anger.motion3.json"
				}
			],
			"Awkward": [
				{
					"File": "awkward.motion3.json"
				}
			],
			"Happy": [
				{
					"File": "happy.motion3.json"
				}
			],
			"Idle": [
				{
					"File": "idle.motion3.json"
				}
			],
			"Sad": [
				{
					"File": "sad.motion3.json"
				}
			],
			"Worry": [
				{
					"File": "worry.motion3.json"
				}
			]
		}
	},
	"Groups": [
		{
			"Target": "Parameter",
			"Name": "LipSync",
			"Ids": [
				"ParamMouthOpenY"
			]
		},
		{
			"Target": "Parameter",
			"Name": "EyeBlink",
			"Ids": [
				"ParamEyeLOpen",
				"ParamEyeROpen",
				"Param34"
			]
		}
	],
	"HitAreas": []
}