{
	"Version": 3,
	"FileReferences": {
		"Moc": "l2d300018.moc3",
		"Textures": [
			"l2d300018.2048/texture_00.png"
		],
		"Physics": "l2d300018.physics3.json",
		"Motions": {
			"Anger": [
				{
					"File": "anger.motion3.json"
				}
			],
			"Calm": [
				{
					"File": "calm.motion3.json"
				}
			],
			"Sad": [
				{
					"File": "sad.motion3.json"
				}
			]
		}
	},
	"Groups": [
		{
			"Target": "Parameter",
			"Name": "LipSync",
			"Ids": [
				"ParamMouthOpenY"
			]
		},
		{
			"Target": "Parameter",
			"Name": "EyeBlink",
			"Ids": [
				"ParamEyeLOpen",
				"ParamEyeROpen"
			]
		}
	],
	"HitAreas": []
}