{
	"Version": 3,
	"Meta": {
		"Duration": 4.3,
		"Fps": 30.0,
		"FadeInTime": 0.2,
		"Loop": true,
		"AreBeziersRestricted": true,
		"CurveCount": 112,
		"TotalSegmentCount": 408,
		"TotalPointCount": 1224,
		"UserDataCount": 0,
		"TotalUserDataSize": 0
	},
	"Curves": [
		{
			"Target": "Parameter",
			"Id": "ParamAngleX",
			"Segments": [
				0,
				30,
				1,
				0.189,
				30,
				0.378,
				-11,
				0.567,
				-11,
				1,
				0.867,
				-11,
				1.167,
				21,
				1.467,
				21,
				1,
				1.711,
				21,
				1.956,
				-6,
				2.2,
				-6,
				1,
				2.444,
				-6,
				2.689,
				18,
				2.933,
				18,
				1,
				3.222,
				18,
				3.511,
				15.73,
				3.8,
				8,
				1,
				3.967,
				3.54,
				4.133,
				-0.734,
				4.3,
				-2.336
			]
		},
		{
			"Target": "Parameter",
			"Id": "ParamAngleY",
			"Segments": [
				0,
				0,
				1,
				0.189,
				0,
				0.378,
				7,
				0.567,
				7,
				1,
				0.867,
				7,
				1.167,
				-16,
				1.467,
				-16,
				1,
				1.711,
				-16,
				1.956,
				-14,
				2.2,
				-14,
				1,
				2.444,
				-14,
				2.689,
				-14.393,
				2.933,
				-15,
				1,
				3.222,
				-15.717,
				3.511,
				-16,
				3.8,
				-16,
				1,
				3.967,
				-16,
				4.133,
				-4.781,
				4.3,
				-0.057
			]
		},
		{
			"Target": "Parameter",
			"Id": "ParamAngleZ",
			"Segments": [
				0,
				0,
				1,
				0.233,
				0,
				0.467,
				4,
				0.7,
				4,
				1,
				1,
				4,
				1.3,
				-5,
				1.6,
				-5,
				1,
				1.811,
				-5,
				2.022,
				-0.415,
				2.233,
				2,
				1,
				2.478,
				4.796,
				2.722,
				5,
				2.967,
				5,
				1,
				3.233,
				5,
				3.5,
				3.884,
				3.767,
				1,
				1,
				3.944,
				-0.923,
				4.122,
				-2.329,
				4.3,
				-2.815
			]
		},
		{
			"Target": "Parameter",
			"Id": "ParamEyeLOpen",
			"Segments": [
				0,
				1,
				1,
				0.311,
				1,
				0.622,
				0,
				0.933,
				0,
				1,
				1.089,
				0,
				1.244,
				0.6,
				1.4,
				0.6,
				1,
				1.911,
				0.6,
				2.422,
				0.5,
				2.933,
				0.5,
				1,
				3.389,
				0.5,
				3.844,
				0.6,
				4.3,
				0.6
			]
		},
		{
			"Target": "Parameter",
			"Id": "ParamEyeLSmile",
			"Segments": [
				0,
				0,
				0,
				4.3,
				0
			]
		},
		{
			"Target": "Parameter",
			"Id": "ParamEyeROpen",
			"Segments": [
				0,
				1,
				1,
				0.311,
				1,
				0.622,
				0,
				0.933,
				0,
				1,
				1.089,
				0,
				1.244,
				0.6,
				1.4,
				0.6,
				1,
				1.911,
				0.6,
				2.422,
				0.5,
				2.933,
				0.5,
				1,
				3.389,
				0.5,
				3.844,
				0.6,
				4.3,
				0.6
			]
		},
		{
			"Target": "Parameter",
			"Id": "ParamEyeRSmile",
			"Segments": [
				0,
				0,
				0,
				4.3,
				0
			]
		},
		{
			"Target": "Parameter",
			"Id": "Param2",
			"Segments": [
				0,
				0,
				0,
				4.3,
				0
			]
		},
		{
			"Target": "Parameter",
			"Id": "Param",
			"Segments": [
				0,
				0,
				0,
				4.3,
				0
			]
		},
		{
			"Target": "Parameter",
			"Id": "ParamEyeBallX",
			"Segments": [
				0,
				0,
				1,
				0.456,
				0,
				0.911,
				0.5,
				1.367,
				0.5,
				0,
				4.3,
				0.5
			]
		},
		{
			"Target": "Parameter",
			"Id": "ParamEyeBallY",
			"Segments": [
				0,
				0,
				1,
				0.456,
				0,
				0.911,
				-0.5,
				1.367,
				-0.5,
				0,
				4.3,
				-0.5
			]
		},
		{
			"Target": "Parameter",
			"Id": "ParamBrowRY",
			"Segments": [
				0,
				0,
				1,
				0.456,
				0,
				0.911,
				-0.399,
				1.367,
				-0.399,
				0,
				4.3,
				-0.399
			]
		},
		{
			"Target": "Parameter",
			"Id": "ParamBrowRX",
			"Segments": [
				0,
				0,
				0,
				4.3,
				0
			]
		},
		{
			"Target": "Parameter",
			"Id": "ParamBrowLY",
			"Segments": [
				0,
				0,
				1,
				0.456,
				0,
				0.911,
				-0.4,
				1.367,
				-0.4,
				0,
				4.3,
				-0.4
			]
		},
		{
			"Target": "Parameter",
			"Id": "ParamBrowLX",
			"Segments": [
				0,
				0,
				0,
				4.3,
				0
			]
		},
		{
			"Target": "Parameter",
			"Id": "ParamBrowLAngle",
			"Segments": [
				0,
				0,
				1,
				0.456,
				0,
				0.911,
				1,
				1.367,
				1,
				0,
				4.3,
				1
			]
		},
		{
			"Target": "Parameter",
			"Id": "ParamBrowRAngle",
			"Segments": [
				0,
				0,
				1,
				0.456,
				0,
				0.911,
				1,
				1.367,
				1,
				0,
				4.3,
				1
			]
		},
		{
			"Target": "Parameter",
			"Id": "Param67",
			"Segments": [
				0,
				0,
				1,
				0.456,
				0,
				0.911,
				-1,
				1.367,
				-1,
				1,
				1.689,
				-1,
				2.011,
				0.3,
				2.333,
				0.3,
				1,
				2.667,
				0.3,
				3,
				-1,
				3.333,
				-1,
				0,
				4.3,
				-1
			]
		},
		{
			"Target": "Parameter",
			"Id": "Param68",
			"Segments": [
				0,
				0,
				1,
				0.511,
				0,
				1.022,
				-1,
				1.533,
				-1,
				1,
				1.856,
				-1,
				2.178,
				1,
				2.5,
				1,
				1,
				2.833,
				1,
				3.167,
				-1,
				3.5,
				-1,
				0,
				4.3,
				-1
			]
		},
		{
			"Target": "Parameter",
			"Id": "Param69",
			"Segments": [
				0,
				0,
				1,
				0.456,
				0,
				0.911,
				-1,
				1.367,
				-1,
				1,
				1.689,
				-1,
				2.011,
				0.6,
				2.333,
				0.6,
				1,
				2.667,
				0.6,
				3,
				-1,
				3.333,
				-1,
				0,
				4.3,
				-1
			]
		},
		{
			"Target": "Parameter",
			"Id": "Param70",
			"Segments": [
				0,
				0,
				1,
				0.544,
				0,
				1.089,
				-1,
				1.633,
				-1,
				1,
				1.956,
				-1,
				2.278,
				1,
				2.6,
				1,
				1,
				2.933,
				1,
				3.267,
				-1,
				3.6,
				-1,
				0,
				4.3,
				-1
			]
		},
		{
			"Target": "Parameter",
			"Id": "ParamMouthOpenY",
			"Segments": [
				0,
				0,
				0,
				4.3,
				0
			]
		},
		{
			"Target": "Parameter",
			"Id": "ParamMouthForm",
			"Segments": [
				0,
				0,
				0,
				4.3,
				0
			]
		},
		{
			"Target": "Parameter",
			"Id": "ParamBodyAngleX",
			"Segments": [
				0,
				0,
				1,
				0.189,
				0,
				0.378,
				2,
				0.567,
				2,
				1,
				0.889,
				2,
				1.211,
				-7,
				1.533,
				-7,
				1,
				2.022,
				-7,
				2.511,
				4,
				3,
				4,
				1,
				3.333,
				4,
				3.667,
				0,
				4,
				0,
				0,
				4.3,
				0
			]
		},
		{
			"Target": "Parameter",
			"Id": "ParamBodyAngleY",
			"Segments": [
				0,
				0,
				1,
				0.189,
				0,
				0.378,
				6,
				0.567,
				6,
				1,
				0.922,
				6,
				1.278,
				-6,
				1.633,
				-6,
				1,
				2.089,
				-6,
				2.544,
				-4,
				3,
				-4,
				1,
				3.433,
				-4,
				3.867,
				-6,
				4.3,
				-6
			]
		},
		{
			"Target": "Parameter",
			"Id": "ParamBodyAngleZ",
			"Segments": [
				0,
				0,
				1,
				0.222,
				0,
				0.444,
				10,
				0.667,
				10,
				1,
				0.956,
				10,
				1.244,
				-7,
				1.533,
				-7,
				1,
				2.022,
				-7,
				2.511,
				5,
				3,
				5,
				1,
				3.433,
				5,
				3.867,
				-6,
				4.3,
				-6
			]
		},
		{
			"Target": "Parameter",
			"Id": "Param22",
			"Segments": [
				0,
				0,
				0,
				4.3,
				0
			]
		},
		{
			"Target": "Parameter",
			"Id": "ParamBreath",
			"Segments": [
				0,
				1,
				1,
				0.5,
				1,
				1,
				0,
				1.5,
				0,
				0,
				4.3,
				0
			]
		},
		{
			"Target": "Parameter",
			"Id": "Param4",
			"Segments": [
				0,
				0,
				1,
				0.222,
				0,
				0.444,
				0.3,
				0.667,
				0.3,
				1,
				0.944,
				0.3,
				1.222,
				-1,
				1.5,
				-1,
				1,
				1.856,
				-1,
				2.211,
				-0.4,
				2.567,
				-0.4,
				1,
				2.956,
				-0.4,
				3.344,
				-0.999,
				3.733,
				-0.999,
				1,
				3.922,
				-0.999,
				4.111,
				-0.761,
				4.3,
				-0.652
			]
		},
		{
			"Target": "Parameter",
			"Id": "Param3",
			"Segments": [
				0,
				0,
				1,
				0.189,
				0,
				0.378,
				0.3,
				0.567,
				0.3,
				1,
				0.878,
				0.3,
				1.189,
				-1,
				1.5,
				-1,
				1,
				1.856,
				-1,
				2.211,
				-0.4,
				2.567,
				-0.4,
				1,
				2.944,
				-0.4,
				3.322,
				-1,
				3.7,
				-1,
				1,
				3.9,
				-1,
				4.1,
				-0.732,
				4.3,
				-0.635
			]
		},
		{
			"Target": "Parameter",
			"Id": "ParamHairFront",
			"Segments": [
				0,
				0,
				1,
				0.211,
				0,
				0.422,
				0.5,
				0.633,
				0.5,
				1,
				0.944,
				0.5,
				1.256,
				-0.2,
				1.567,
				-0.2,
				1,
				1.822,
				-0.2,
				2.078,
				0.1,
				2.333,
				0.1,
				1,
				2.567,
				0.1,
				2.8,
				0,
				3.033,
				0,
				1,
				3.422,
				0,
				3.811,
				0.1,
				4.2,
				0.1,
				0,
				4.3,
				0.1
			]
		},
		{
			"Target": "Parameter",
			"Id": "Param6",
			"Segments": [
				0,
				0,
				1,
				0.244,
				0,
				0.489,
				0.4,
				0.733,
				0.4,
				1,
				1.044,
				0.4,
				1.356,
				-0.2,
				1.667,
				-0.2,
				1,
				1.922,
				-0.2,
				2.178,
				0.1,
				2.433,
				0.1,
				1,
				2.667,
				0.1,
				2.9,
				0,
				3.133,
				0,
				1,
				3.522,
				0,
				3.911,
				0.1,
				4.3,
				0.1
			]
		},
		{
			"Target": "Parameter",
			"Id": "Param5",
			"Segments": [
				0,
				0,
				1,
				0.289,
				0,
				0.578,
				-0.3,
				0.867,
				-0.3,
				1,
				1.178,
				-0.3,
				1.489,
				0.2,
				1.8,
				0.2,
				1,
				2.056,
				0.2,
				2.311,
				-0.1,
				2.567,
				-0.1,
				1,
				2.8,
				-0.1,
				3.033,
				0,
				3.267,
				0,
				1,
				3.611,
				0,
				3.956,
				-0.078,
				4.3,
				-0.096
			]
		},
		{
			"Target": "Parameter",
			"Id": "Param7",
			"Segments": [
				0,
				0,
				1,
				0.322,
				0,
				0.644,
				-0.2,
				0.967,
				-0.2,
				1,
				1.278,
				-0.2,
				1.589,
				0.2,
				1.9,
				0.2,
				1,
				2.156,
				0.2,
				2.411,
				-0.1,
				2.667,
				-0.1,
				1,
				2.9,
				-0.1,
				3.133,
				0,
				3.367,
				0,
				1,
				3.678,
				0,
				3.989,
				-0.128,
				4.3,
				-0.179
			]
		},
		{
			"Target": "Parameter",
			"Id": "ParamHairSide",
			"Segments": [
				0,
				-0.3,
				1,
				0.578,
				-0.3,
				1.156,
				0.3,
				1.733,
				0.3,
				1,
				2.1,
				0.3,
				2.467,
				0.1,
				2.833,
				0.1,
				1,
				2.856,
				0.1,
				2.878,
				0.097,
				2.9,
				0.1,
				1,
				3.278,
				0.156,
				3.656,
				0.3,
				4.033,
				0.3,
				0,
				4.3,
				0.3
			]
		},
		{
			"Target": "Parameter",
			"Id": "Param8",
			"Segments": [
				0,
				0.3,
				1,
				0.578,
				0.3,
				1.156,
				-0.3,
				1.733,
				-0.3,
				1,
				2.1,
				-0.3,
				2.467,
				-0.1,
				2.833,
				-0.1,
				1,
				3.233,
				-0.1,
				3.633,
				-0.3,
				4.033,
				-0.3,
				0,
				4.3,
				-0.3
			]
		},
		{
			"Target": "Parameter",
			"Id": "ParamHairBack",
			"Segments": [
				0,
				0,
				0,
				0.133,
				0,
				1,
				0.322,
				0,
				0.511,
				-0.3,
				0.7,
				-0.3,
				1,
				1.056,
				-0.3,
				1.411,
				0.3,
				1.767,
				0.3,
				1,
				2.156,
				0.3,
				2.544,
				-0.3,
				2.933,
				-0.3,
				1,
				3.389,
				-0.3,
				3.844,
				-0.014,
				4.3,
				-0.001
			]
		},
		{
			"Target": "Parameter",
			"Id": "Param73",
			"Segments": [
				0,
				0,
				0,
				0.133,
				0,
				1,
				0.322,
				0,
				0.511,
				-0.1,
				0.7,
				-0.1,
				1,
				1.056,
				-0.1,
				1.411,
				0,
				1.767,
				0,
				1,
				2.156,
				0,
				2.544,
				-0.1,
				2.933,
				-0.1,
				1,
				3.389,
				-0.1,
				3.844,
				-0.005,
				4.3,
				0
			]
		},
		{
			"Target": "Parameter",
			"Id": "Param76",
			"Segments": [
				0,
				0,
				0,
				0.133,
				0,
				1,
				0.322,
				0,
				0.511,
				0.3,
				0.7,
				0.3,
				1,
				1.056,
				0.3,
				1.411,
				-0.2,
				1.767,
				-0.2,
				1,
				2.156,
				-0.2,
				2.544,
				0.3,
				2.933,
				0.3,
				1,
				3.389,
				0.3,
				3.844,
				0.014,
				4.3,
				0.001
			]
		},
		{
			"Target": "Parameter",
			"Id": "Param77",
			"Segments": [
				0,
				0,
				0,
				0.133,
				0,
				1,
				0.322,
				0,
				0.511,
				0,
				0.7,
				0,
				1,
				1.056,
				0,
				1.411,
				0,
				1.767,
				0,
				1,
				2.156,
				0,
				2.544,
				0,
				2.933,
				0,
				1,
				3.389,
				0,
				3.844,
				0,
				4.3,
				0
			]
		},
		{
			"Target": "Parameter",
			"Id": "Param10",
			"Segments": [
				0,
				0,
				1,
				0.189,
				0,
				0.378,
				-0.3,
				0.567,
				-0.3,
				1,
				0.922,
				-0.3,
				1.278,
				0.3,
				1.633,
				0.3,
				1,
				2.022,
				0.3,
				2.411,
				-0.3,
				2.8,
				-0.3,
				1,
				3.278,
				-0.3,
				3.756,
				0,
				4.233,
				0,
				0,
				4.3,
				0
			]
		},
		{
			"Target": "Parameter",
			"Id": "Param78",
			"Segments": [
				0,
				0,
				0,
				0.3,
				0,
				1,
				0.489,
				0,
				0.678,
				0.3,
				0.867,
				0.3,
				1,
				1.222,
				0.3,
				1.578,
				-0.3,
				1.933,
				-0.3,
				1,
				2.322,
				-0.3,
				2.711,
				0.3,
				3.1,
				0.3,
				1,
				3.5,
				0.3,
				3.9,
				0.08,
				4.3,
				0.017
			]
		},
		{
			"Target": "Parameter",
			"Id": "Param79",
			"Segments": [
				0,
				0,
				0,
				0.3,
				0,
				1,
				0.489,
				0,
				0.678,
				0.1,
				0.867,
				0.1,
				1,
				1.222,
				0.1,
				1.578,
				0.1,
				1.933,
				0.1,
				1,
				2.322,
				0.1,
				2.711,
				0.1,
				3.1,
				0.1,
				1,
				3.5,
				0.1,
				3.9,
				0.027,
				4.3,
				0.006
			]
		},
		{
			"Target": "Parameter",
			"Id": "Param11",
			"Segments": [
				0,
				0,
				0,
				0.3,
				0,
				1,
				0.489,
				0,
				0.678,
				-0.3,
				0.867,
				-0.3,
				1,
				1.222,
				-0.3,
				1.578,
				0.3,
				1.933,
				0.3,
				1,
				2.322,
				0.3,
				2.711,
				-0.3,
				3.1,
				-0.3,
				1,
				3.5,
				-0.3,
				3.9,
				-0.09,
				4.3,
				-0.021
			]
		},
		{
			"Target": "Parameter",
			"Id": "Param9",
			"Segments": [
				0,
				0,
				0,
				0.3,
				0,
				1,
				0.489,
				0,
				0.678,
				0.5,
				0.867,
				0.5,
				1,
				1.222,
				0.5,
				1.578,
				-0.3,
				1.933,
				-0.3,
				1,
				2.322,
				-0.3,
				2.711,
				0.5,
				3.1,
				0.5,
				1,
				3.5,
				0.5,
				3.9,
				0.133,
				4.3,
				0.028
			]
		},
		{
			"Target": "Parameter",
			"Id": "Param82",
			"Segments": [
				0,
				0,
				0,
				0.3,
				0,
				1,
				0.489,
				0,
				0.678,
				0,
				0.867,
				0,
				1,
				1.222,
				0,
				1.578,
				0.1,
				1.933,
				0.1,
				1,
				2.322,
				0.1,
				2.711,
				0,
				3.1,
				0,
				1,
				3.5,
				0,
				3.9,
				0,
				4.3,
				0
			]
		},
		{
			"Target": "Parameter",
			"Id": "Param12",
			"Segments": [
				0,
				0,
				0,
				0.333,
				0,
				1,
				0.522,
				0,
				0.711,
				-0.3,
				0.9,
				-0.3,
				1,
				1.256,
				-0.3,
				1.611,
				0.3,
				1.967,
				0.3,
				1,
				2.356,
				0.3,
				2.744,
				-0.3,
				3.133,
				-0.3,
				1,
				3.522,
				-0.3,
				3.911,
				-0.092,
				4.3,
				-0.022
			]
		},
		{
			"Target": "Parameter",
			"Id": "Param14",
			"Segments": [
				0,
				0,
				0,
				0.267,
				0,
				1,
				0.456,
				0,
				0.644,
				-0.3,
				0.833,
				-0.3,
				1,
				1.189,
				-0.3,
				1.544,
				0.3,
				1.9,
				0.3,
				1,
				2.289,
				0.3,
				2.678,
				-0.3,
				3.067,
				-0.3,
				1,
				3.478,
				-0.3,
				3.889,
				-0.067,
				4.3,
				-0.012
			]
		},
		{
			"Target": "Parameter",
			"Id": "Param13",
			"Segments": [
				0,
				0,
				0,
				0.267,
				0,
				1,
				0.456,
				0,
				0.644,
				-0.3,
				0.833,
				-0.3,
				1,
				1.189,
				-0.3,
				1.544,
				0.3,
				1.9,
				0.3,
				1,
				2.289,
				0.3,
				2.678,
				-0.3,
				3.067,
				-0.3,
				1,
				3.478,
				-0.3,
				3.889,
				-0.067,
				4.3,
				-0.012
			]
		},
		{
			"Target": "Parameter",
			"Id": "Param15",
			"Segments": [
				0,
				0,
				0,
				0.333,
				0,
				1,
				0.522,
				0,
				0.711,
				-0.3,
				0.9,
				-0.3,
				1,
				1.256,
				-0.3,
				1.611,
				0.3,
				1.967,
				0.3,
				1,
				2.356,
				0.3,
				2.744,
				-0.3,
				3.133,
				-0.3,
				1,
				3.522,
				-0.3,
				3.911,
				-0.092,
				4.3,
				-0.022
			]
		},
		{
			"Target": "Parameter",
			"Id": "Param16",
			"Segments": [
				0,
				0,
				1,
				0.311,
				0,
				0.622,
				-1,
				0.933,
				-1,
				1,
				1.2,
				-1,
				1.467,
				0,
				1.733,
				0,
				1,
				2.156,
				0,
				2.578,
				-1,
				3,
				-1,
				1,
				3.433,
				-1,
				3.867,
				-0.367,
				4.3,
				-0.108
			]
		},
		{
			"Target": "Parameter",
			"Id": "Param17",
			"Segments": [
				0,
				0,
				1,
				0.233,
				0,
				0.467,
				-2,
				0.7,
				-2,
				1,
				0.967,
				-2,
				1.233,
				1.34,
				1.5,
				1.34,
				1,
				1.922,
				1.34,
				2.344,
				-1,
				2.767,
				-1,
				1,
				3.278,
				-1,
				3.789,
				-0.119,
				4.3,
				-0.011
			]
		},
		{
			"Target": "Parameter",
			"Id": "Param18",
			"Segments": [
				0,
				0,
				1,
				0.378,
				0,
				0.756,
				2,
				1.133,
				2,
				1,
				1.378,
				2,
				1.622,
				-1,
				1.867,
				-1,
				1,
				2.289,
				-1,
				2.711,
				2,
				3.133,
				2,
				1,
				3.522,
				2,
				3.911,
				2,
				4.3,
				2
			]
		},
		{
			"Target": "Parameter",
			"Id": "Param19",
			"Segments": [
				0,
				0,
				1,
				0.378,
				0,
				0.756,
				-2,
				1.133,
				-2,
				1,
				1.8,
				-2,
				2.467,
				-1,
				3.133,
				-1,
				1,
				3.522,
				-1,
				3.911,
				-1.848,
				4.3,
				-1.982
			]
		},
		{
			"Target": "Parameter",
			"Id": "Param85",
			"Segments": [
				0,
				0,
				1,
				0.3,
				0,
				0.6,
				4,
				0.9,
				4,
				1,
				1.167,
				4,
				1.433,
				-1,
				1.7,
				-1,
				1,
				2.2,
				-1,
				2.7,
				0,
				3.2,
				0,
				1,
				3.567,
				0,
				3.933,
				-1.544,
				4.3,
				-2.417
			]
		},
		{
			"Target": "Parameter",
			"Id": "Param88",
			"Segments": [
				0,
				0,
				1,
				0.378,
				0,
				0.756,
				5,
				1.133,
				5,
				1,
				1.4,
				5,
				1.667,
				-4,
				1.933,
				-4,
				1,
				2.433,
				-4,
				2.933,
				0.761,
				3.433,
				2,
				1,
				3.722,
				2.716,
				4.011,
				2.929,
				4.3,
				2.987
			]
		},
		{
			"Target": "Parameter",
			"Id": "Param86",
			"Segments": [
				0,
				0,
				1,
				0.267,
				0,
				0.533,
				0,
				0.8,
				0,
				1,
				1.067,
				0,
				1.333,
				0,
				1.6,
				0,
				1,
				2.1,
				0,
				2.6,
				0,
				3.1,
				0,
				1,
				3.5,
				0,
				3.9,
				0,
				4.3,
				0
			]
		},
		{
			"Target": "Parameter",
			"Id": "Param87",
			"Segments": [
				0,
				0,
				1,
				0.267,
				0,
				0.533,
				2,
				0.8,
				2,
				1,
				1.067,
				2,
				1.333,
				-4,
				1.6,
				-4,
				1,
				2.1,
				-4,
				2.6,
				2,
				3.1,
				2,
				1,
				3.5,
				2,
				3.9,
				0.775,
				4.3,
				0.242
			]
		},
		{
			"Target": "Parameter",
			"Id": "Param20",
			"Segments": [
				0,
				0,
				1,
				0.211,
				0,
				0.422,
				0,
				0.633,
				0,
				1,
				0.9,
				0,
				1.167,
				0,
				1.433,
				0,
				1,
				1.933,
				0,
				2.433,
				0,
				2.933,
				0,
				1,
				3.389,
				0,
				3.844,
				0,
				4.3,
				0
			]
		},
		{
			"Target": "Parameter",
			"Id": "Param89",
			"Segments": [
				0,
				0,
				1,
				0.211,
				0,
				0.422,
				4,
				0.633,
				4,
				1,
				0.9,
				4,
				1.167,
				-4,
				1.433,
				-4,
				1,
				1.933,
				-4,
				2.433,
				3,
				2.933,
				3,
				1,
				3.389,
				3,
				3.844,
				0.617,
				4.3,
				0.099
			]
		},
		{
			"Target": "Parameter",
			"Id": "Param21",
			"Segments": [
				0,
				0,
				1,
				0.211,
				0,
				0.422,
				0,
				0.633,
				0,
				1,
				0.9,
				0,
				1.167,
				0,
				1.433,
				0,
				1,
				1.933,
				0,
				2.433,
				0,
				2.933,
				0,
				1,
				3.389,
				0,
				3.844,
				0,
				4.3,
				0
			]
		},
		{
			"Target": "Parameter",
			"Id": "Param90",
			"Segments": [
				0,
				0,
				1,
				0.211,
				0,
				0.422,
				4,
				0.633,
				4,
				1,
				0.9,
				4,
				1.167,
				-5,
				1.433,
				-5,
				1,
				1.933,
				-5,
				2.433,
				2,
				2.933,
				2,
				1,
				3.389,
				2,
				3.844,
				0.411,
				4.3,
				0.066
			]
		},
		{
			"Target": "Parameter",
			"Id": "Param24",
			"Segments": [
				0,
				0,
				1,
				0.311,
				0,
				0.622,
				1,
				0.933,
				1,
				1,
				1.211,
				1,
				1.489,
				-2,
				1.767,
				-2,
				1,
				2.2,
				-2,
				2.633,
				2,
				3.067,
				2,
				1,
				3.478,
				2,
				3.889,
				-0.443,
				4.3,
				-0.92
			]
		},
		{
			"Target": "Parameter",
			"Id": "Param23",
			"Segments": [
				0,
				0,
				1,
				0.367,
				0,
				0.733,
				2,
				1.1,
				2,
				1,
				1.378,
				2,
				1.656,
				-1,
				1.933,
				-1,
				1,
				2.367,
				-1,
				2.8,
				-1,
				3.233,
				-1,
				1,
				3.589,
				-1,
				3.944,
				-1,
				4.3,
				-1
			]
		},
		{
			"Target": "Parameter",
			"Id": "Param74",
			"Segments": [
				0,
				0,
				1,
				0.356,
				0,
				0.711,
				3,
				1.067,
				3,
				1,
				1.356,
				3,
				1.644,
				-4,
				1.933,
				-4,
				1,
				2.367,
				-4,
				2.8,
				0,
				3.233,
				0,
				1,
				3.589,
				0,
				3.944,
				-1.827,
				4.3,
				-2.63
			]
		},
		{
			"Target": "Parameter",
			"Id": "Param75",
			"Segments": [
				0,
				0,
				1,
				0.4,
				0,
				0.8,
				4,
				1.2,
				4,
				1,
				1.489,
				4,
				1.778,
				-6,
				2.067,
				-6,
				1,
				2.5,
				-6,
				2.933,
				3,
				3.367,
				3,
				1,
				3.678,
				3,
				3.989,
				-0.265,
				4.3,
				-2.335
			]
		},
		{
			"Target": "Parameter",
			"Id": "Param26",
			"Segments": [
				0,
				0,
				1,
				0.222,
				0,
				0.444,
				6,
				0.667,
				6,
				1,
				0.989,
				6,
				1.311,
				-2,
				1.633,
				-2,
				1,
				2.067,
				-2,
				2.5,
				-1,
				2.933,
				-1,
				1,
				3.378,
				-1,
				3.822,
				-6,
				4.267,
				-6,
				1,
				4.278,
				-6,
				4.289,
				-4,
				4.3,
				-4
			]
		},
		{
			"Target": "Parameter",
			"Id": "Param71",
			"Segments": [
				0,
				0,
				1,
				0.3,
				0,
				0.6,
				3,
				0.9,
				3,
				1,
				1.222,
				3,
				1.544,
				-4,
				1.867,
				-4,
				1,
				2.3,
				-4,
				2.733,
				3,
				3.167,
				3,
				1,
				3.544,
				3,
				3.922,
				3,
				4.3,
				3
			]
		},
		{
			"Target": "Parameter",
			"Id": "Param25",
			"Segments": [
				0,
				0,
				1,
				0.222,
				0,
				0.444,
				3,
				0.667,
				3,
				1,
				0.989,
				3,
				1.311,
				-2,
				1.633,
				-2,
				1,
				2.067,
				-2,
				2.5,
				1,
				2.933,
				1,
				1,
				3.389,
				1,
				3.844,
				-2,
				4.3,
				-2
			]
		},
		{
			"Target": "Parameter",
			"Id": "Param72",
			"Segments": [
				0,
				0,
				1,
				0.222,
				0,
				0.444,
				-1.653,
				0.667,
				-2,
				1,
				0.989,
				-2.503,
				1.311,
				-2.462,
				1.633,
				-3,
				1,
				2.067,
				-3.724,
				2.5,
				-5,
				2.933,
				-5,
				1,
				3.389,
				-5,
				3.844,
				-4,
				4.3,
				-4
			]
		},
		{
			"Target": "Parameter",
			"Id": "Param27",
			"Segments": [
				0,
				0,
				1,
				0.244,
				0,
				0.489,
				-0.211,
				0.733,
				-0.211,
				1,
				1.011,
				-0.211,
				1.289,
				0.165,
				1.567,
				0.165,
				1,
				1.944,
				0.165,
				2.322,
				-0.157,
				2.7,
				-0.157,
				1,
				3.044,
				-0.157,
				3.389,
				0.184,
				3.733,
				0.184,
				1,
				3.922,
				0.184,
				4.111,
				-0.013,
				4.3,
				-0.072
			]
		},
		{
			"Target": "Parameter",
			"Id": "Param83",
			"Segments": [
				0,
				4,
				1,
				0.256,
				4,
				0.511,
				9,
				0.767,
				9,
				1,
				1.111,
				9,
				1.456,
				-1.524,
				1.8,
				-1.524,
				1,
				2.144,
				-1.524,
				2.489,
				5.439,
				2.833,
				5.439,
				1,
				3.178,
				5.439,
				3.522,
				0.427,
				3.867,
				0.427,
				1,
				4.011,
				0.427,
				4.156,
				2.179,
				4.3,
				3.153
			]
		},
		{
			"Target": "Parameter",
			"Id": "Param84",
			"Segments": [
				0,
				3,
				1,
				0.3,
				3,
				0.6,
				7.966,
				0.9,
				7.966,
				1,
				1.244,
				7.966,
				1.589,
				-4.238,
				1.933,
				-4.238,
				1,
				2.256,
				-4.238,
				2.578,
				7,
				2.9,
				7,
				1,
				3.244,
				7,
				3.589,
				1,
				3.933,
				1,
				1,
				4.056,
				1,
				4.178,
				1.457,
				4.3,
				1.935
			]
		},
		{
			"Target": "Parameter",
			"Id": "Param30",
			"Segments": [
				0,
				0,
				0,
				4.3,
				0
			]
		},
		{
			"Target": "Parameter",
			"Id": "Param40",
			"Segments": [
				0,
				0,
				1,
				0.422,
				0,
				0.844,
				-0.3,
				1.267,
				-0.3,
				1,
				1.611,
				-0.3,
				1.956,
				0,
				2.3,
				0,
				1,
				2.711,
				0,
				3.122,
				-0.3,
				3.533,
				-0.3,
				1,
				3.789,
				-0.3,
				4.044,
				0,
				4.3,
				0
			]
		},
		{
			"Target": "Parameter",
			"Id": "Param29",
			"Segments": [
				0,
				0,
				1,
				0.244,
				0,
				0.489,
				0,
				0.733,
				0,
				1,
				1.189,
				0,
				1.644,
				0,
				2.1,
				0,
				1,
				2.367,
				0,
				2.633,
				0,
				2.9,
				0,
				1,
				3.322,
				0,
				3.744,
				0,
				4.167,
				0,
				0,
				4.3,
				0
			]
		},
		{
			"Target": "Parameter",
			"Id": "Param28",
			"Segments": [
				0,
				0,
				1,
				0.244,
				0,
				0.489,
				1,
				0.733,
				1,
				1,
				1.189,
				1,
				1.644,
				-6,
				2.1,
				-6,
				1,
				2.367,
				-6,
				2.633,
				-5,
				2.9,
				-5,
				1,
				3.322,
				-5,
				3.744,
				-6,
				4.167,
				-6,
				0,
				4.3,
				-6
			]
		},
		{
			"Target": "Parameter",
			"Id": "Param31",
			"Segments": [
				0,
				0,
				0,
				4.3,
				0
			]
		},
		{
			"Target": "Parameter",
			"Id": "Param41",
			"Segments": [
				0,
				0,
				1,
				0.589,
				0,
				1.178,
				0.2,
				1.767,
				0.2,
				1,
				2.122,
				0.2,
				2.478,
				0,
				2.833,
				0,
				1,
				3.322,
				0,
				3.811,
				0,
				4.3,
				0
			]
		},
		{
			"Target": "Parameter",
			"Id": "Param32",
			"Segments": [
				0,
				0,
				1,
				0.233,
				0,
				0.467,
				0,
				0.7,
				0,
				1,
				1.167,
				0,
				1.633,
				0,
				2.1,
				0,
				1,
				2.544,
				0,
				2.989,
				0,
				3.433,
				0,
				1,
				3.722,
				0,
				4.011,
				0,
				4.3,
				0
			]
		},
		{
			"Target": "Parameter",
			"Id": "Param33",
			"Segments": [
				0,
				0,
				1,
				0.233,
				0,
				0.467,
				1,
				0.7,
				1,
				1,
				1.167,
				1,
				1.633,
				-5,
				2.1,
				-5,
				1,
				2.544,
				-5,
				2.989,
				-4,
				3.433,
				-4,
				1,
				3.722,
				-4,
				4.011,
				-4.423,
				4.3,
				-4.718
			]
		},
		{
			"Target": "Parameter",
			"Id": "Param34",
			"Segments": [
				0,
				0,
				0,
				4.3,
				0
			]
		},
		{
			"Target": "Parameter",
			"Id": "Param44",
			"Segments": [
				0,
				0,
				0,
				4.3,
				0
			]
		},
		{
			"Target": "Parameter",
			"Id": "Param42",
			"Segments": [
				0,
				0,
				1,
				0.422,
				0,
				0.844,
				0.2,
				1.267,
				0.2,
				1,
				1.611,
				0.2,
				1.956,
				-0.2,
				2.3,
				-0.2,
				1,
				2.678,
				-0.2,
				3.056,
				0.2,
				3.433,
				0.2,
				1,
				3.722,
				0.2,
				4.011,
				0,
				4.3,
				0
			]
		},
		{
			"Target": "Parameter",
			"Id": "Param45",
			"Segments": [
				0,
				0,
				1,
				0.544,
				0,
				1.089,
				0.2,
				1.633,
				0.2,
				1,
				1.978,
				0.2,
				2.322,
				-0.2,
				2.667,
				-0.2,
				1,
				3.044,
				-0.2,
				3.422,
				0.2,
				3.8,
				0.2,
				1,
				3.967,
				0.2,
				4.133,
				0,
				4.3,
				0
			]
		},
		{
			"Target": "Parameter",
			"Id": "Param35",
			"Segments": [
				0,
				8,
				1,
				0.367,
				8,
				0.733,
				8,
				1.1,
				8,
				1,
				1.478,
				8,
				1.856,
				8,
				2.233,
				8,
				1,
				2.722,
				8,
				3.211,
				8,
				3.7,
				8,
				0,
				4.3,
				8
			]
		},
		{
			"Target": "Parameter",
			"Id": "Param36",
			"Segments": [
				0,
				0,
				1,
				0.233,
				0,
				0.467,
				1,
				0.7,
				1,
				1,
				1.167,
				1,
				1.633,
				-4,
				2.1,
				-4,
				1,
				2.311,
				-4,
				2.522,
				-3,
				2.733,
				-3,
				1,
				3.222,
				-3,
				3.711,
				-4,
				4.2,
				-4,
				0,
				4.3,
				-4
			]
		},
		{
			"Target": "Parameter",
			"Id": "Param37",
			"Segments": [
				0,
				0,
				0,
				4.3,
				0
			]
		},
		{
			"Target": "Parameter",
			"Id": "Param46",
			"Segments": [
				0,
				0,
				0,
				4.3,
				0
			]
		},
		{
			"Target": "Parameter",
			"Id": "Param43",
			"Segments": [
				0,
				0,
				1,
				0.422,
				0,
				0.844,
				-0.2,
				1.267,
				-0.2,
				1,
				1.611,
				-0.2,
				1.956,
				0.2,
				2.3,
				0.2,
				1,
				2.678,
				0.2,
				3.056,
				-0.2,
				3.433,
				-0.2,
				1,
				3.722,
				-0.2,
				4.011,
				0,
				4.3,
				0
			]
		},
		{
			"Target": "Parameter",
			"Id": "Param47",
			"Segments": [
				0,
				0,
				1,
				0.567,
				0,
				1.133,
				-0.2,
				1.7,
				-0.2,
				1,
				2.044,
				-0.2,
				2.389,
				0.2,
				2.733,
				0.2,
				1,
				3.111,
				0.2,
				3.489,
				-0.2,
				3.867,
				-0.2,
				1,
				4.011,
				-0.2,
				4.156,
				0,
				4.3,
				0
			]
		},
		{
			"Target": "Parameter",
			"Id": "Param38",
			"Segments": [
				0,
				-8,
				1,
				0.422,
				-8,
				0.844,
				-8,
				1.267,
				-8,
				1,
				1.744,
				-8,
				2.222,
				-8,
				2.7,
				-8,
				1,
				3.167,
				-8,
				3.633,
				-8,
				4.1,
				-8,
				0,
				4.3,
				-8
			]
		},
		{
			"Target": "Parameter",
			"Id": "Param39",
			"Segments": [
				0,
				0,
				1,
				0.233,
				0,
				0.467,
				1,
				0.7,
				1,
				1,
				1.178,
				1,
				1.656,
				-4,
				2.133,
				-4,
				1,
				2.5,
				-4,
				2.867,
				-3,
				3.233,
				-3,
				1,
				3.589,
				-3,
				3.944,
				-3.58,
				4.3,
				-3.857
			]
		},
		{
			"Target": "Parameter",
			"Id": "Param48",
			"Segments": [
				0,
				0,
				1,
				0.356,
				0,
				0.711,
				1,
				1.067,
				1,
				1,
				1.378,
				1,
				1.689,
				0,
				2,
				0,
				1,
				2.311,
				0,
				2.622,
				1,
				2.933,
				1,
				1,
				3.222,
				1,
				3.511,
				0,
				3.8,
				0,
				1,
				3.967,
				0,
				4.133,
				0.25,
				4.3,
				0.5
			]
		},
		{
			"Target": "Parameter",
			"Id": "Param49",
			"Segments": [
				0,
				0,
				0,
				4.3,
				0
			]
		},
		{
			"Target": "Parameter",
			"Id": "Param50",
			"Segments": [
				0,
				0,
				1,
				0.211,
				0,
				0.422,
				0.4,
				0.633,
				0.4,
				1,
				1.056,
				0.4,
				1.478,
				-0.5,
				1.9,
				-0.5,
				1,
				2.3,
				-0.5,
				2.7,
				-0.3,
				3.1,
				-0.3,
				1,
				3.5,
				-0.3,
				3.9,
				-0.462,
				4.3,
				-0.494
			]
		},
		{
			"Target": "Parameter",
			"Id": "Param51",
			"Segments": [
				0,
				1,
				1,
				0.356,
				1,
				0.711,
				0,
				1.067,
				0,
				1,
				1.378,
				0,
				1.689,
				1,
				2,
				1,
				1,
				2.311,
				1,
				2.622,
				0,
				2.933,
				0,
				1,
				3.222,
				0,
				3.511,
				1,
				3.8,
				1,
				1,
				3.967,
				1,
				4.133,
				0.75,
				4.3,
				0.5
			]
		},
		{
			"Target": "Parameter",
			"Id": "Param52",
			"Segments": [
				0,
				0,
				0,
				4.3,
				0
			]
		},
		{
			"Target": "Parameter",
			"Id": "Param53",
			"Segments": [
				0,
				0,
				1,
				0.267,
				0,
				0.533,
				0.4,
				0.8,
				0.4,
				1,
				1.222,
				0.4,
				1.644,
				-0.5,
				2.067,
				-0.5,
				1,
				2.467,
				-0.5,
				2.867,
				-0.3,
				3.267,
				-0.3,
				1,
				3.611,
				-0.3,
				3.956,
				-0.457,
				4.3,
				-0.493
			]
		},
		{
			"Target": "Parameter",
			"Id": "Param54",
			"Segments": [
				0,
				0,
				1,
				0.3,
				0,
				0.6,
				1,
				0.9,
				1,
				1,
				1.211,
				1,
				1.522,
				0,
				1.833,
				0,
				1,
				2.144,
				0,
				2.456,
				1,
				2.767,
				1,
				1,
				3.056,
				1,
				3.344,
				0,
				3.633,
				0,
				1,
				3.856,
				0,
				4.078,
				0.444,
				4.3,
				0.741
			]
		},
		{
			"Target": "Parameter",
			"Id": "Param55",
			"Segments": [
				0,
				0,
				0,
				4.3,
				0
			]
		},
		{
			"Target": "Parameter",
			"Id": "Param56",
			"Segments": [
				0,
				0,
				1,
				0.311,
				0,
				0.622,
				0.4,
				0.933,
				0.4,
				1,
				1.356,
				0.4,
				1.778,
				-0.5,
				2.2,
				-0.5,
				1,
				2.6,
				-0.5,
				3,
				-0.3,
				3.4,
				-0.3,
				1,
				3.7,
				-0.3,
				4,
				-0.452,
				4.3,
				-0.491
			]
		},
		{
			"Target": "Parameter",
			"Id": "Param57",
			"Segments": [
				0,
				0,
				1,
				0.356,
				0,
				0.711,
				1,
				1.067,
				1,
				1,
				1.378,
				1,
				1.689,
				0,
				2,
				0,
				1,
				2.311,
				0,
				2.622,
				1,
				2.933,
				1,
				1,
				3.222,
				1,
				3.511,
				0,
				3.8,
				0,
				1,
				3.967,
				0,
				4.133,
				0.25,
				4.3,
				0.5
			]
		},
		{
			"Target": "Parameter",
			"Id": "Param58",
			"Segments": [
				0,
				0,
				0,
				4.3,
				0
			]
		},
		{
			"Target": "Parameter",
			"Id": "Param59",
			"Segments": [
				0,
				0,
				1,
				0.211,
				0,
				0.422,
				0.3,
				0.633,
				0.3,
				1,
				1.056,
				0.3,
				1.478,
				-0.5,
				1.9,
				-0.5,
				1,
				2.3,
				-0.5,
				2.7,
				-0.3,
				3.1,
				-0.3,
				1,
				3.5,
				-0.3,
				3.9,
				-0.462,
				4.3,
				-0.494
			]
		},
		{
			"Target": "Parameter",
			"Id": "Param60",
			"Segments": [
				0,
				1,
				1,
				0.356,
				1,
				0.711,
				0,
				1.067,
				0,
				1,
				1.378,
				0,
				1.689,
				1,
				2,
				1,
				1,
				2.311,
				1,
				2.622,
				0,
				2.933,
				0,
				1,
				3.222,
				0,
				3.511,
				1,
				3.8,
				1,
				1,
				3.967,
				1,
				4.133,
				0.75,
				4.3,
				0.5
			]
		},
		{
			"Target": "Parameter",
			"Id": "Param61",
			"Segments": [
				0,
				0,
				0,
				4.3,
				0
			]
		},
		{
			"Target": "Parameter",
			"Id": "Param62",
			"Segments": [
				0,
				0,
				1,
				0.289,
				0,
				0.578,
				0.3,
				0.867,
				0.3,
				1,
				1.289,
				0.3,
				1.711,
				-0.5,
				2.133,
				-0.5,
				1,
				2.533,
				-0.5,
				2.933,
				-0.3,
				3.333,
				-0.3,
				1,
				3.656,
				-0.3,
				3.978,
				-0.454,
				4.3,
				-0.492
			]
		},
		{
			"Target": "Parameter",
			"Id": "Param63",
			"Segments": [
				0,
				0,
				1,
				0.3,
				0,
				0.6,
				1,
				0.9,
				1,
				1,
				1.211,
				1,
				1.522,
				0,
				1.833,
				0,
				1,
				2.144,
				0,
				2.456,
				1,
				2.767,
				1,
				1,
				3.056,
				1,
				3.344,
				0,
				3.633,
				0,
				1,
				3.856,
				0,
				4.078,
				0.444,
				4.3,
				0.741
			]
		},
		{
			"Target": "Parameter",
			"Id": "Param64",
			"Segments": [
				0,
				0,
				0,
				4.3,
				0
			]
		},
		{
			"Target": "Parameter",
			"Id": "Param65",
			"Segments": [
				0,
				0,
				1,
				0.333,
				0,
				0.667,
				0.5,
				1,
				0.5,
				1,
				1.422,
				0.5,
				1.844,
				-0.5,
				2.267,
				-0.5,
				1,
				2.667,
				-0.5,
				3.067,
				-0.3,
				3.467,
				-0.3,
				1,
				3.744,
				-0.3,
				4.022,
				-0.449,
				4.3,
				-0.49
			]
		},
		{
			"Target": "Parameter",
			"Id": "Param66",
			"Segments": [
				0,
				0,
				0,
				4.3,
				0
			]
		}
	]
}