{
	"Version": 3,
	"Meta": {
		"Duration": 3.87,
		"Fps": 30.0,
		"FadeInTime": 0.2,
		"Loop": true,
		"AreBeziersRestricted": true,
		"CurveCount": 73,
		"TotalSegmentCount": 313,
		"TotalPointCount": 864,
		"UserDataCount": 0,
		"TotalUserDataSize": 0
	},
	"Curves": [
		{
			"Target": "Model",
			"Id": "Opacity",
			"Segments": [
				0,
				1,
				0,
				3.87,
				1
			]
		},
		{
			"Target": "Parameter",
			"Id": "Param2",
			"Segments": [
				0,
				0,
				1,
				0.278,
				0,
				0.556,
				18,
				0.833,
				18,
				1,
				1.111,
				18,
				1.389,
				-12,
				1.667,
				-12,
				1,
				1.878,
				-12,
				2.089,
				7,
				2.3,
				7,
				1,
				2.589,
				7,
				2.878,
				-8,
				3.167,
				-8,
				0,
				3.867,
				-8
			]
		},
		{
			"Target": "Parameter",
			"Id": "Param3",
			"Segments": [
				0,
				0,
				1,
				0.289,
				0,
				0.578,
				19,
				0.867,
				19,
				1,
				1.144,
				19,
				1.422,
				-12,
				1.7,
				-12,
				1,
				1.911,
				-12,
				2.122,
				8,
				2.333,
				8,
				1,
				2.622,
				8,
				2.911,
				-18,
				3.2,
				-18,
				0,
				3.867,
				-18
			]
		},
		{
			"Target": "Parameter",
			"Id": "Param4",
			"Segments": [
				0,
				0,
				1,
				0.3,
				0,
				0.6,
				-11,
				0.9,
				-11,
				1,
				1.178,
				-11,
				1.456,
				12,
				1.733,
				12,
				1,
				1.944,
				12,
				2.156,
				-30,
				2.367,
				-30,
				1,
				2.656,
				-30,
				2.944,
				6,
				3.233,
				6,
				0,
				3.867,
				6
			]
		},
		{
			"Target": "Parameter",
			"Id": "ParamAngleX",
			"Segments": [
				0,
				0,
				1,
				0.222,
				0,
				0.444,
				-30,
				0.667,
				-30,
				1,
				0.9,
				-30,
				1.133,
				4,
				1.367,
				4,
				1,
				1.522,
				4,
				1.678,
				-0.67,
				1.833,
				-15,
				1,
				1.867,
				-18.071,
				1.9,
				-30,
				1.933,
				-30,
				1,
				1.989,
				-30,
				2.044,
				-30,
				2.1,
				-30,
				1,
				2.178,
				-30,
				2.256,
				-17.504,
				2.333,
				-11,
				1,
				2.611,
				12.23,
				2.889,
				20,
				3.167,
				20,
				0,
				3.867,
				20
			]
		},
		{
			"Target": "Parameter",
			"Id": "ParamAngleY",
			"Segments": [
				0,
				0,
				1,
				0.222,
				0,
				0.444,
				30,
				0.667,
				30,
				1,
				0.9,
				30,
				1.133,
				16,
				1.367,
				16,
				1,
				1.522,
				16,
				1.678,
				18,
				1.833,
				18,
				1,
				1.867,
				18,
				1.9,
				-28.414,
				1.933,
				-29,
				1,
				1.989,
				-29.977,
				2.044,
				-30,
				2.1,
				-30,
				1,
				2.178,
				-30,
				2.256,
				-30,
				2.333,
				-30,
				1,
				2.611,
				-30,
				2.889,
				-16,
				3.167,
				-16,
				0,
				3.867,
				-16
			]
		},
		{
			"Target": "Parameter",
			"Id": "ParamAngleZ",
			"Segments": [
				0,
				0,
				1,
				0.5,
				0,
				1,
				12,
				1.5,
				12,
				1,
				1.611,
				12,
				1.722,
				10.827,
				1.833,
				-1,
				1,
				1.922,
				-10.461,
				2.011,
				-30,
				2.1,
				-30,
				1,
				2.344,
				-30,
				2.589,
				-16,
				2.833,
				-16,
				0,
				3.867,
				-16
			]
		},
		{
			"Target": "Parameter",
			"Id": "ParamEyeLOpen",
			"Segments": [
				0,
				1,
				1,
				0.222,
				1,
				0.444,
				0.8,
				0.667,
				0.8,
				1,
				0.889,
				0.8,
				1.111,
				1,
				1.333,
				1,
				1,
				1.478,
				1,
				1.622,
				0,
				1.767,
				0,
				1,
				1.833,
				0,
				1.9,
				1,
				1.967,
				1,
				0,
				3.867,
				1
			]
		},
		{
			"Target": "Parameter",
			"Id": "ParamEyeLSmile",
			"Segments": [
				0,
				0,
				0,
				3.867,
				0
			]
		},
		{
			"Target": "Parameter",
			"Id": "Param23",
			"Segments": [
				0,
				0,
				0,
				3.867,
				0
			]
		},
		{
			"Target": "Parameter",
			"Id": "Param24",
			"Segments": [
				0,
				0,
				1,
				0.611,
				0,
				1.222,
				0,
				1.833,
				0,
				1,
				1.867,
				0,
				1.9,
				1,
				1.933,
				1,
				0,
				3.867,
				1
			]
		},
		{
			"Target": "Parameter",
			"Id": "Param25",
			"Segments": [
				0,
				0,
				0,
				3.867,
				0
			]
		},
		{
			"Target": "Parameter",
			"Id": "ParamBodyAngleX",
			"Segments": [
				0,
				0,
				1,
				0.467,
				0,
				0.933,
				2,
				1.4,
				2,
				1,
				1.656,
				2,
				1.911,
				-4,
				2.167,
				-4,
				1,
				2.478,
				-4,
				2.789,
				1,
				3.1,
				1,
				0,
				3.867,
				1
			]
		},
		{
			"Target": "Parameter",
			"Id": "ParamBodyAngleY",
			"Segments": [
				0,
				0,
				1,
				0.467,
				0,
				0.933,
				2,
				1.4,
				2,
				1,
				1.656,
				2,
				1.911,
				2,
				2.167,
				2,
				1,
				2.478,
				2,
				2.789,
				0,
				3.1,
				0,
				0,
				3.867,
				0
			]
		},
		{
			"Target": "Parameter",
			"Id": "ParamBodyAngleZ",
			"Segments": [
				0,
				0,
				1,
				0.556,
				0,
				1.111,
				2,
				1.667,
				2,
				1,
				1.756,
				2,
				1.844,
				-0.04,
				1.933,
				-2,
				1,
				2.011,
				-3.715,
				2.089,
				-4,
				2.167,
				-4,
				1,
				2.411,
				-4,
				2.656,
				0,
				2.9,
				0,
				0,
				3.867,
				0
			]
		},
		{
			"Target": "Parameter",
			"Id": "ParamBreath",
			"Segments": [
				0,
				0,
				1,
				0.278,
				0,
				0.556,
				1,
				0.833,
				1,
				1,
				1.111,
				1,
				1.389,
				0,
				1.667,
				0,
				1,
				1.944,
				0,
				2.222,
				1,
				2.5,
				1,
				1,
				2.778,
				1,
				3.056,
				0,
				3.333,
				0,
				0,
				3.867,
				0
			]
		},
		{
			"Target": "Parameter",
			"Id": "ParamEyeBallX",
			"Segments": [
				0,
				0,
				0,
				3.867,
				0
			]
		},
		{
			"Target": "Parameter",
			"Id": "ParamEyeBallY",
			"Segments": [
				0,
				0,
				0,
				3.867,
				0
			]
		},
		{
			"Target": "Parameter",
			"Id": "ParamHairFront",
			"Segments": [
				0,
				0,
				1,
				0.322,
				0,
				0.644,
				0.6,
				0.967,
				0.6,
				1,
				1.256,
				0.6,
				1.544,
				0.352,
				1.833,
				-0.3,
				1,
				2.011,
				-0.701,
				2.189,
				-1,
				2.367,
				-1,
				1,
				2.522,
				-1,
				2.678,
				0.3,
				2.833,
				0.3,
				1,
				2.967,
				0.3,
				3.1,
				-0.2,
				3.233,
				-0.2,
				1,
				3.378,
				-0.2,
				3.522,
				0.2,
				3.667,
				0.2,
				0,
				3.867,
				0.2
			]
		},
		{
			"Target": "Parameter",
			"Id": "ParamHairSide",
			"Segments": [
				0,
				0,
				1,
				0.322,
				0,
				0.644,
				0.7,
				0.967,
				0.7,
				1,
				1.256,
				0.7,
				1.544,
				0.635,
				1.833,
				0.1,
				1,
				2.011,
				-0.229,
				2.189,
				-1,
				2.367,
				-1,
				1,
				2.522,
				-1,
				2.678,
				0.2,
				2.833,
				0.2,
				1,
				2.967,
				0.2,
				3.1,
				-0.3,
				3.233,
				-0.3,
				1,
				3.378,
				-0.3,
				3.522,
				0.1,
				3.667,
				0.1,
				0,
				3.867,
				0.1
			]
		},
		{
			"Target": "Parameter",
			"Id": "Param36",
			"Segments": [
				0,
				-11,
				0,
				0.967,
				-11,
				1,
				1.256,
				-11,
				1.544,
				-11,
				1.833,
				-11,
				1,
				2.011,
				-11,
				2.189,
				-30,
				2.367,
				-30,
				1,
				2.522,
				-30,
				2.678,
				-11,
				2.833,
				-11,
				1,
				2.967,
				-11,
				3.1,
				-15,
				3.233,
				-15,
				1,
				3.378,
				-15,
				3.522,
				-12,
				3.667,
				-12,
				0,
				3.867,
				-12
			]
		},
		{
			"Target": "Parameter",
			"Id": "Param",
			"Segments": [
				0,
				0,
				1,
				0.322,
				0,
				0.644,
				-16,
				0.967,
				-16,
				1,
				1.256,
				-16,
				1.544,
				-6.974,
				1.833,
				12,
				1,
				2.011,
				23.676,
				2.189,
				30,
				2.367,
				30,
				1,
				2.522,
				30,
				2.678,
				-8,
				2.833,
				-8,
				1,
				2.967,
				-8,
				3.1,
				4,
				3.233,
				4,
				1,
				3.378,
				4,
				3.522,
				-6,
				3.667,
				-6,
				0,
				3.867,
				-6
			]
		},
		{
			"Target": "Parameter",
			"Id": "Param37",
			"Segments": [
				0,
				2,
				0,
				0.967,
				2,
				1,
				1.256,
				2,
				1.544,
				8,
				1.833,
				8,
				1,
				2.011,
				8,
				2.189,
				-30,
				2.367,
				-30,
				1,
				2.522,
				-30,
				2.678,
				-14,
				2.833,
				-14,
				1,
				2.967,
				-14,
				3.1,
				-15,
				3.233,
				-15,
				1,
				3.378,
				-15,
				3.522,
				-6,
				3.667,
				-6,
				0,
				3.867,
				-6
			]
		},
		{
			"Target": "Parameter",
			"Id": "ParamHairBack",
			"Segments": [
				0,
				0,
				1,
				0.322,
				0,
				0.644,
				1,
				0.967,
				1,
				1,
				1.256,
				1,
				1.544,
				0.71,
				1.833,
				-0.1,
				1,
				2.011,
				-0.598,
				2.189,
				-1,
				2.367,
				-1,
				1,
				2.522,
				-1,
				2.678,
				0.3,
				2.833,
				0.3,
				1,
				2.967,
				0.3,
				3.1,
				-0.2,
				3.233,
				-0.2,
				1,
				3.378,
				-0.2,
				3.522,
				0.2,
				3.667,
				0.2,
				0,
				3.867,
				0.2
			]
		},
		{
			"Target": "Parameter",
			"Id": "Param35",
			"Segments": [
				0,
				-6,
				0,
				0.967,
				-6,
				1,
				1.256,
				-6,
				1.544,
				9,
				1.833,
				9,
				1,
				2.011,
				9,
				2.189,
				-12,
				2.367,
				-12,
				1,
				2.522,
				-12,
				2.678,
				-11.002,
				2.833,
				-10,
				1,
				2.967,
				-9.141,
				3.1,
				-8.874,
				3.233,
				-8,
				1,
				3.378,
				-7.053,
				3.522,
				-6,
				3.667,
				-6,
				0,
				3.867,
				-6
			]
		},
		{
			"Target": "Parameter",
			"Id": "Param29",
			"Segments": [
				0,
				10,
				1,
				0.267,
				10,
				0.533,
				-30,
				0.8,
				-30,
				1,
				1.033,
				-30,
				1.267,
				9,
				1.5,
				9,
				1,
				1.711,
				9,
				1.922,
				-3.714,
				2.133,
				-16,
				1,
				2.222,
				-21.173,
				2.311,
				-21,
				2.4,
				-21,
				1,
				2.567,
				-21,
				2.733,
				-1,
				2.9,
				6,
				1,
				3.222,
				19.533,
				3.544,
				22,
				3.867,
				22
			]
		},
		{
			"Target": "Parameter",
			"Id": "Param30",
			"Segments": [
				0,
				30,
				1,
				0.267,
				30,
				0.533,
				30,
				0.8,
				30,
				1,
				1.033,
				30,
				1.267,
				11,
				1.5,
				11,
				1,
				1.711,
				11,
				1.922,
				14,
				2.133,
				14,
				1,
				2.222,
				14,
				2.311,
				-2,
				2.4,
				-2,
				1,
				2.567,
				-2,
				2.733,
				3.502,
				2.9,
				4,
				1,
				3.222,
				4.962,
				3.544,
				5,
				3.867,
				5
			]
		},
		{
			"Target": "Parameter",
			"Id": "Param31",
			"Segments": [
				0,
				-22,
				1,
				0.289,
				-22,
				0.578,
				-28,
				0.867,
				-28,
				1,
				1.078,
				-28,
				1.289,
				-27.699,
				1.5,
				-20,
				1,
				1.667,
				-13.922,
				1.833,
				9,
				2,
				9,
				1,
				2.178,
				9,
				2.356,
				-6,
				2.533,
				-6,
				1,
				2.7,
				-6,
				2.867,
				30,
				3.033,
				30,
				1,
				3.244,
				30,
				3.456,
				-11,
				3.667,
				-11,
				0,
				3.867,
				-11
			]
		},
		{
			"Target": "Parameter",
			"Id": "Param32",
			"Segments": [
				0,
				21,
				1,
				0.289,
				21,
				0.578,
				20.754,
				0.867,
				16,
				1,
				1.078,
				12.526,
				1.289,
				1,
				1.5,
				1,
				1,
				1.667,
				1,
				1.833,
				20,
				2,
				20,
				1,
				2.178,
				20,
				2.356,
				12,
				2.533,
				12,
				1,
				2.7,
				12,
				2.867,
				14,
				3.033,
				14,
				1,
				3.244,
				14,
				3.456,
				12,
				3.667,
				12,
				0,
				3.867,
				12
			]
		},
		{
			"Target": "Parameter",
			"Id": "Param7",
			"Segments": [
				0,
				0,
				1,
				0.311,
				0,
				0.622,
				-12,
				0.933,
				-12,
				1,
				1.122,
				-12,
				1.311,
				0,
				1.5,
				0,
				1,
				1.622,
				0,
				1.744,
				0,
				1.867,
				0,
				1,
				1.878,
				0,
				1.889,
				0.781,
				1.9,
				3,
				1,
				1.989,
				20.751,
				2.078,
				30,
				2.167,
				30,
				1,
				2.333,
				30,
				2.5,
				18.117,
				2.667,
				8,
				1,
				2.8,
				-0.094,
				2.933,
				-1,
				3.067,
				-1,
				0,
				3.867,
				-1
			]
		},
		{
			"Target": "Parameter",
			"Id": "Param6",
			"Segments": [
				0,
				0,
				0,
				3.867,
				0
			]
		},
		{
			"Target": "Parameter",
			"Id": "Param5",
			"Segments": [
				0,
				0,
				1,
				0.5,
				0,
				1,
				0,
				1.5,
				0,
				1,
				1.556,
				0,
				1.611,
				2,
				1.667,
				2,
				1,
				1.822,
				2,
				1.978,
				-21,
				2.133,
				-21,
				1,
				2.222,
				-21,
				2.311,
				-1,
				2.4,
				-1,
				0,
				3.867,
				-1
			]
		},
		{
			"Target": "Parameter",
			"Id": "Param8",
			"Segments": [
				0,
				0,
				1,
				0.556,
				0,
				1.111,
				0,
				1.667,
				0,
				1,
				1.722,
				0,
				1.778,
				-8.371,
				1.833,
				-14,
				1,
				1.922,
				-23.006,
				2.011,
				-25,
				2.1,
				-25,
				1,
				2.322,
				-25,
				2.544,
				-6,
				2.767,
				-6,
				0,
				3.867,
				-6
			]
		},
		{
			"Target": "Parameter",
			"Id": "Param9",
			"Segments": [
				0,
				0,
				1,
				0.611,
				0,
				1.222,
				11,
				1.833,
				11,
				1,
				1.856,
				11,
				1.878,
				7.667,
				1.9,
				1,
				1,
				1.967,
				-19,
				2.033,
				-29,
				2.1,
				-29,
				1,
				2.267,
				-29,
				2.433,
				-20.058,
				2.6,
				2,
				1,
				2.667,
				10.823,
				2.733,
				18,
				2.8,
				18,
				0,
				3.867,
				18
			]
		},
		{
			"Target": "Parameter",
			"Id": "Param10",
			"Segments": [
				0,
				0,
				1,
				0.556,
				0,
				1.111,
				0,
				1.667,
				0,
				1,
				1.778,
				0,
				1.889,
				-30,
				2,
				-30,
				1,
				2.344,
				-30,
				2.689,
				17,
				3.033,
				17,
				1,
				3.133,
				17,
				3.233,
				6,
				3.333,
				6,
				1,
				3.433,
				6,
				3.533,
				10,
				3.633,
				10,
				0,
				3.867,
				10
			]
		},
		{
			"Target": "Parameter",
			"Id": "Param13",
			"Segments": [
				0,
				0,
				1,
				0.222,
				0,
				0.444,
				18,
				0.667,
				18,
				1,
				0.856,
				18,
				1.044,
				5,
				1.233,
				5,
				1,
				1.378,
				5,
				1.522,
				21,
				1.667,
				21,
				1,
				1.767,
				21,
				1.867,
				-5.254,
				1.967,
				-16,
				1,
				2.089,
				-29.134,
				2.211,
				-30,
				2.333,
				-30,
				1,
				2.456,
				-30,
				2.578,
				-17,
				2.7,
				-17,
				1,
				2.811,
				-17,
				2.922,
				-30,
				3.033,
				-30,
				0,
				3.867,
				-30
			]
		},
		{
			"Target": "Parameter",
			"Id": "Param14",
			"Segments": [
				0,
				0,
				1,
				0.222,
				0,
				0.444,
				16,
				0.667,
				16,
				1,
				1,
				16,
				1.333,
				12.772,
				1.667,
				0,
				1,
				1.767,
				-3.832,
				1.867,
				-30,
				1.967,
				-30,
				0,
				3.867,
				-30
			]
		},
		{
			"Target": "Parameter",
			"Id": "Param12",
			"Segments": [
				0,
				0,
				1,
				0.322,
				0,
				0.644,
				15,
				0.967,
				15,
				1,
				1.2,
				15,
				1.433,
				12.772,
				1.667,
				0,
				1,
				1.778,
				-6.082,
				1.889,
				-30,
				2,
				-30,
				1,
				2.278,
				-30,
				2.556,
				-16.147,
				2.833,
				8,
				1,
				2.944,
				17.659,
				3.056,
				21,
				3.167,
				21,
				1,
				3.322,
				21,
				3.478,
				-7,
				3.633,
				-7,
				0,
				3.867,
				-7
			]
		},
		{
			"Target": "Parameter",
			"Id": "Param11",
			"Segments": [
				0,
				0,
				1,
				0.333,
				0,
				0.667,
				12,
				1,
				12,
				1,
				1.233,
				12,
				1.467,
				10.347,
				1.7,
				0,
				1,
				1.811,
				-4.927,
				1.922,
				-30,
				2.033,
				-30,
				1,
				2.311,
				-30,
				2.589,
				-12.591,
				2.867,
				10,
				1,
				2.978,
				19.036,
				3.089,
				20,
				3.2,
				20,
				1,
				3.356,
				20,
				3.511,
				-7,
				3.667,
				-7,
				0,
				3.867,
				-7
			]
		},
		{
			"Target": "Parameter",
			"Id": "Param27",
			"Segments": [
				0,
				0,
				1,
				0.233,
				0,
				0.467,
				24.631,
				0.7,
				27,
				1,
				1.011,
				30.159,
				1.322,
				30,
				1.633,
				30,
				1,
				1.722,
				30,
				1.811,
				-12,
				1.9,
				-12,
				1,
				1.989,
				-12,
				2.078,
				-4,
				2.167,
				-4,
				1,
				2.278,
				-4,
				2.389,
				-12,
				2.5,
				-12,
				1,
				2.622,
				-12,
				2.744,
				5,
				2.867,
				5,
				1,
				3.022,
				5,
				3.178,
				-8,
				3.333,
				-8,
				1,
				3.433,
				-8,
				3.533,
				6,
				3.633,
				6,
				0,
				3.867,
				6
			]
		},
		{
			"Target": "Parameter",
			"Id": "Param28",
			"Segments": [
				0,
				0,
				1,
				0.233,
				0,
				0.467,
				3.747,
				0.7,
				9,
				1,
				1.022,
				16.254,
				1.344,
				19,
				1.667,
				19,
				1,
				1.756,
				19,
				1.844,
				-26,
				1.933,
				-26,
				1,
				2.022,
				-26,
				2.111,
				-18,
				2.2,
				-18,
				1,
				2.311,
				-18,
				2.422,
				-26,
				2.533,
				-26,
				1,
				2.656,
				-26,
				2.778,
				-4,
				2.9,
				-4,
				1,
				3.056,
				-4,
				3.211,
				-16,
				3.367,
				-16,
				1,
				3.467,
				-16,
				3.567,
				-6,
				3.667,
				-6,
				0,
				3.867,
				-6
			]
		},
		{
			"Target": "Parameter",
			"Id": "Param15",
			"Segments": [
				0,
				0,
				1,
				0.344,
				0,
				0.689,
				5,
				1.033,
				5,
				1,
				1.322,
				5,
				1.611,
				-1,
				1.9,
				-1,
				1,
				1.978,
				-1,
				2.056,
				6,
				2.133,
				6,
				1,
				2.444,
				6,
				2.756,
				-5,
				3.067,
				-5,
				0,
				3.867,
				-5
			]
		},
		{
			"Target": "Parameter",
			"Id": "Param16",
			"Segments": [
				0,
				0,
				1,
				0.344,
				0,
				0.689,
				12,
				1.033,
				12,
				1,
				1.322,
				12,
				1.611,
				-7,
				1.9,
				-7,
				1,
				1.978,
				-7,
				2.056,
				9,
				2.133,
				9,
				1,
				2.444,
				9,
				2.756,
				-8,
				3.067,
				-8,
				0,
				3.867,
				-8
			]
		},
		{
			"Target": "Parameter",
			"Id": "Param17",
			"Segments": [
				0,
				0,
				1,
				0.289,
				0,
				0.578,
				-30,
				0.867,
				-30,
				1,
				1.078,
				-30,
				1.289,
				30,
				1.5,
				30,
				1,
				1.611,
				30,
				1.722,
				16.026,
				1.833,
				-6,
				1,
				1.922,
				-23.621,
				2.011,
				-30,
				2.1,
				-30,
				1,
				2.244,
				-30,
				2.389,
				17,
				2.533,
				17,
				1,
				2.689,
				17,
				2.844,
				-12,
				3,
				-12,
				1,
				3.156,
				-12,
				3.311,
				0,
				3.467,
				0,
				0,
				3.867,
				0
			]
		},
		{
			"Target": "Parameter",
			"Id": "Param18",
			"Segments": [
				0,
				0,
				1,
				0.3,
				0,
				0.6,
				-29,
				0.9,
				-29,
				1,
				1.233,
				-29,
				1.567,
				14,
				1.9,
				14,
				1,
				1.978,
				14,
				2.056,
				-30,
				2.133,
				-30,
				1,
				2.289,
				-30,
				2.444,
				26,
				2.6,
				26,
				1,
				2.756,
				26,
				2.911,
				-6,
				3.067,
				-6,
				1,
				3.222,
				-6,
				3.378,
				7,
				3.533,
				7,
				0,
				3.867,
				7
			]
		},
		{
			"Target": "Parameter",
			"Id": "Param19",
			"Segments": [
				0,
				0,
				1,
				0.311,
				0,
				0.622,
				17,
				0.933,
				17,
				1,
				1.233,
				17,
				1.533,
				-7,
				1.833,
				-7,
				1,
				1.911,
				-7,
				1.989,
				18,
				2.067,
				18,
				1,
				2.211,
				18,
				2.356,
				-5,
				2.5,
				-5,
				1,
				2.656,
				-5,
				2.811,
				12,
				2.967,
				12,
				1,
				3.122,
				12,
				3.278,
				1,
				3.433,
				1,
				0,
				3.867,
				1
			]
		},
		{
			"Target": "Parameter",
			"Id": "Param20",
			"Segments": [
				0,
				0,
				1,
				0.278,
				0,
				0.556,
				-30,
				0.833,
				-30,
				1,
				1.067,
				-30,
				1.3,
				15,
				1.533,
				15,
				1,
				1.744,
				15,
				1.956,
				11.144,
				2.167,
				-4,
				1,
				2.233,
				-8.782,
				2.3,
				-30,
				2.367,
				-30,
				1,
				2.578,
				-30,
				2.789,
				18,
				3,
				18,
				1,
				3.178,
				18,
				3.356,
				-9,
				3.533,
				-9,
				1,
				3.644,
				-9,
				3.756,
				2.57,
				3.867,
				4.674
			]
		},
		{
			"Target": "Parameter",
			"Id": "Param21",
			"Segments": [
				0,
				0,
				1,
				0.344,
				0,
				0.689,
				22,
				1.033,
				22,
				1,
				1.256,
				22,
				1.478,
				20.63,
				1.7,
				13,
				1,
				1.789,
				9.948,
				1.878,
				-18,
				1.967,
				-18,
				1,
				2.078,
				-18,
				2.189,
				3,
				2.3,
				3,
				1,
				2.456,
				3,
				2.611,
				-8,
				2.767,
				-8,
				1,
				2.922,
				-8,
				3.078,
				11,
				3.233,
				11,
				0,
				3.867,
				11
			]
		},
		{
			"Target": "Parameter",
			"Id": "Param26",
			"Segments": [
				0,
				0,
				1,
				0.244,
				0,
				0.489,
				-12,
				0.733,
				-12,
				1,
				1.011,
				-12,
				1.289,
				15,
				1.567,
				15,
				1,
				1.678,
				15,
				1.789,
				4,
				1.9,
				4,
				1,
				2,
				4,
				2.1,
				30,
				2.2,
				30,
				1,
				2.344,
				30,
				2.489,
				-8,
				2.633,
				-8,
				1,
				2.822,
				-8,
				3.011,
				18,
				3.2,
				18,
				1,
				3.389,
				18,
				3.578,
				-10,
				3.767,
				-10,
				0,
				3.867,
				-10
			]
		},
		{
			"Target": "Parameter",
			"Id": "Param22",
			"Segments": [
				0,
				0,
				1,
				0.344,
				0,
				0.689,
				27,
				1.033,
				27,
				1,
				1.256,
				27,
				1.478,
				24.47,
				1.7,
				12,
				1,
				1.789,
				7.012,
				1.878,
				-17,
				1.967,
				-17,
				1,
				2.078,
				-17,
				2.189,
				6,
				2.3,
				6,
				1,
				2.456,
				6,
				2.611,
				-12,
				2.767,
				-12,
				1,
				2.922,
				-12,
				3.078,
				16,
				3.233,
				16,
				0,
				3.867,
				16
			]
		},
		{
			"Target": "Parameter",
			"Id": "Param33",
			"Segments": [
				0,
				0,
				1,
				0.333,
				0,
				0.667,
				-30,
				1,
				-30,
				1,
				1.256,
				-30,
				1.511,
				-21.171,
				1.767,
				0,
				1,
				1.789,
				1.841,
				1.811,
				18.708,
				1.833,
				24,
				1,
				1.856,
				29.292,
				1.878,
				30,
				1.9,
				30,
				0,
				3.867,
				30
			]
		},
		{
			"Target": "Parameter",
			"Id": "Param34",
			"Segments": [
				0,
				0,
				1,
				0.322,
				0,
				0.644,
				-21,
				0.967,
				-21,
				1,
				1.233,
				-21,
				1.5,
				-16.605,
				1.767,
				0,
				1,
				1.844,
				4.843,
				1.922,
				30,
				2,
				30,
				0,
				3.867,
				30
			]
		},
		{
			"Target": "Parameter",
			"Id": "Param38",
			"Segments": [
				0,
				16,
				0,
				0.967,
				16,
				1,
				1.267,
				16,
				1.567,
				-19,
				1.867,
				-19,
				1,
				2.156,
				-19,
				2.444,
				24,
				2.733,
				24,
				1,
				2.989,
				24,
				3.244,
				-10,
				3.5,
				-10,
				0,
				3.867,
				-10
			]
		},
		{
			"Target": "PartOpacity",
			"Id": "Part2",
			"Segments": [
				0,
				1,
				0,
				3.87,
				1
			]
		},
		{
			"Target": "PartOpacity",
			"Id": "Part3",
			"Segments": [
				0,
				1,
				0,
				3.87,
				1
			]
		},
		{
			"Target": "PartOpacity",
			"Id": "Part",
			"Segments": [
				0,
				1,
				0,
				3.87,
				1
			]
		},
		{
			"Target": "PartOpacity",
			"Id": "Part4",
			"Segments": [
				0,
				1,
				0,
				3.87,
				1
			]
		},
		{
			"Target": "PartOpacity",
			"Id": "Part5",
			"Segments": [
				0,
				1,
				0,
				3.87,
				1
			]
		},
		{
			"Target": "PartOpacity",
			"Id": "Part6",
			"Segments": [
				0,
				1,
				0,
				3.87,
				1
			]
		},
		{
			"Target": "PartOpacity",
			"Id": "Part7",
			"Segments": [
				0,
				1,
				0,
				3.87,
				1
			]
		},
		{
			"Target": "PartOpacity",
			"Id": "Part8",
			"Segments": [
				0,
				1,
				0,
				3.87,
				1
			]
		},
		{
			"Target": "PartOpacity",
			"Id": "Part9",
			"Segments": [
				0,
				1,
				0,
				3.87,
				1
			]
		},
		{
			"Target": "PartOpacity",
			"Id": "Part10",
			"Segments": [
				0,
				1,
				0,
				3.87,
				1
			]
		},
		{
			"Target": "PartOpacity",
			"Id": "Part11",
			"Segments": [
				0,
				1,
				0,
				3.87,
				1
			]
		},
		{
			"Target": "PartOpacity",
			"Id": "Part12",
			"Segments": [
				0,
				1,
				0,
				3.87,
				1
			]
		},
		{
			"Target": "PartOpacity",
			"Id": "Part13",
			"Segments": [
				0,
				1,
				0,
				3.87,
				1
			]
		},
		{
			"Target": "PartOpacity",
			"Id": "Part14",
			"Segments": [
				0,
				1,
				0,
				3.87,
				1
			]
		},
		{
			"Target": "PartOpacity",
			"Id": "Part15",
			"Segments": [
				0,
				1,
				0,
				3.87,
				1
			]
		},
		{
			"Target": "PartOpacity",
			"Id": "Part16",
			"Segments": [
				0,
				1,
				0,
				3.87,
				1
			]
		},
		{
			"Target": "PartOpacity",
			"Id": "Part17",
			"Segments": [
				0,
				1,
				0,
				3.87,
				1
			]
		},
		{
			"Target": "PartOpacity",
			"Id": "Part18",
			"Segments": [
				0,
				1,
				0,
				3.87,
				1
			]
		},
		{
			"Target": "PartOpacity",
			"Id": "Part19",
			"Segments": [
				0,
				1,
				0,
				3.87,
				1
			]
		},
		{
			"Target": "PartOpacity",
			"Id": "Part20",
			"Segments": [
				0,
				1,
				0,
				3.87,
				1
			]
		}
	]
}