{
	"Version": 3,
	"Meta": {
		"Duration": 4.467,
		"Fps": 30.0,
		"FadeInTime": 0.2,
		"Loop": true,
		"AreBeziersRestricted": true,
		"CurveCount": 113,
		"TotalSegmentCount": 580,
		"TotalPointCount": 1633,
		"UserDataCount": 0,
		"TotalUserDataSize": 0
	},
	"Curves": [
		{
			"Target": "Parameter",
			"Id": "ParamAngleX",
			"Segments": [
				0,
				0,
				1,
				0.333,
				0,
				0.667,
				7,
				1,
				7,
				1,
				1.156,
				7,
				1.311,
				-18,
				1.467,
				-18,
				1,
				1.711,
				-18,
				1.956,
				-4,
				2.2,
				-4,
				1,
				2.444,
				-4,
				2.689,
				-11,
				2.933,
				-11,
				1,
				3.144,
				-11,
				3.356,
				-4,
				3.567,
				-4,
				0,
				4.467,
				-4
			]
		},
		{
			"Target": "Parameter",
			"Id": "ParamAngleY",
			"Segments": [
				0,
				-30,
				1,
				0.333,
				-30,
				0.667,
				11,
				1,
				11,
				1,
				1.156,
				11,
				1.311,
				-30,
				1.467,
				-30,
				1,
				1.711,
				-30,
				1.956,
				-10,
				2.2,
				-10,
				1,
				2.444,
				-10,
				2.689,
				-21,
				2.933,
				-21,
				1,
				3.144,
				-21,
				3.356,
				-11,
				3.567,
				-11,
				0,
				4.467,
				-11
			]
		},
		{
			"Target": "Parameter",
			"Id": "ParamAngleZ",
			"Segments": [
				0,
				0,
				1,
				0.356,
				0,
				0.711,
				9,
				1.067,
				9,
				1,
				1.233,
				9,
				1.4,
				-7.595,
				1.567,
				-9,
				1,
				1.811,
				-11.061,
				2.056,
				-11,
				2.3,
				-11,
				1,
				2.544,
				-11,
				2.789,
				-7.522,
				3.033,
				-3,
				1,
				3.244,
				0.905,
				3.456,
				2,
				3.667,
				2,
				1,
				3.9,
				2,
				4.133,
				-3,
				4.367,
				-3,
				0,
				4.467,
				-3
			]
		},
		{
			"Target": "Parameter",
			"Id": "ParamEyeLOpen",
			"Segments": [
				0,
				0,
				1,
				0.522,
				0,
				1.044,
				1,
				1.567,
				1,
				0,
				4.467,
				1
			]
		},
		{
			"Target": "Parameter",
			"Id": "ParamEyeLSmile",
			"Segments": [
				0,
				0,
				0,
				4.467,
				0
			]
		},
		{
			"Target": "Parameter",
			"Id": "ParamEyeROpen",
			"Segments": [
				0,
				0,
				1,
				0.522,
				0,
				1.044,
				1,
				1.567,
				1,
				0,
				4.467,
				1
			]
		},
		{
			"Target": "Parameter",
			"Id": "ParamEyeRSmile",
			"Segments": [
				0,
				0,
				0,
				4.467,
				0
			]
		},
		{
			"Target": "Parameter",
			"Id": "Param2",
			"Segments": [
				0,
				0,
				1,
				0.333,
				0,
				0.667,
				0,
				1,
				0,
				1,
				1.189,
				0,
				1.378,
				1,
				1.567,
				1,
				0,
				4.467,
				1
			]
		},
		{
			"Target": "Parameter",
			"Id": "Param",
			"Segments": [
				0,
				0,
				0,
				4.467,
				0
			]
		},
		{
			"Target": "Parameter",
			"Id": "ParamEyeBallX",
			"Segments": [
				0,
				-1,
				1,
				0.333,
				-1,
				0.667,
				0,
				1,
				0,
				1,
				1.189,
				0,
				1.378,
				0,
				1.567,
				0,
				0,
				4.467,
				0
			]
		},
		{
			"Target": "Parameter",
			"Id": "ParamEyeBallY",
			"Segments": [
				0,
				-0.5,
				1,
				0.333,
				-0.5,
				0.667,
				0,
				1,
				0,
				1,
				1.189,
				0,
				1.378,
				0,
				1.567,
				0,
				0,
				4.467,
				0
			]
		},
		{
			"Target": "Parameter",
			"Id": "ParamBrowRY",
			"Segments": [
				0,
				0,
				1,
				0.344,
				0,
				0.689,
				0,
				1.033,
				0,
				1,
				1.222,
				0,
				1.411,
				-0.5,
				1.6,
				-0.5,
				0,
				4.467,
				-0.5
			]
		},
		{
			"Target": "Parameter",
			"Id": "ParamBrowRX",
			"Segments": [
				0,
				0,
				1,
				0.344,
				0,
				0.689,
				0,
				1.033,
				0,
				1,
				1.222,
				0,
				1.411,
				0,
				1.6,
				0,
				0,
				4.467,
				0
			]
		},
		{
			"Target": "Parameter",
			"Id": "ParamBrowLY",
			"Segments": [
				0,
				0,
				1,
				0.344,
				0,
				0.689,
				0,
				1.033,
				0,
				1,
				1.222,
				0,
				1.411,
				-0.5,
				1.6,
				-0.5,
				0,
				4.467,
				-0.5
			]
		},
		{
			"Target": "Parameter",
			"Id": "ParamBrowLX",
			"Segments": [
				0,
				0,
				1,
				0.344,
				0,
				0.689,
				0,
				1.033,
				0,
				1,
				1.222,
				0,
				1.411,
				0,
				1.6,
				0,
				0,
				4.467,
				0
			]
		},
		{
			"Target": "Parameter",
			"Id": "ParamBrowLAngle",
			"Segments": [
				0,
				-0.4,
				1,
				0.344,
				-0.4,
				0.689,
				0,
				1.033,
				0,
				1,
				1.222,
				0,
				1.411,
				-0.5,
				1.6,
				-0.5,
				0,
				4.467,
				-0.5
			]
		},
		{
			"Target": "Parameter",
			"Id": "ParamBrowRAngle",
			"Segments": [
				0,
				0,
				1,
				0.344,
				0,
				0.689,
				0,
				1.033,
				0,
				1,
				1.222,
				0,
				1.411,
				-0.5,
				1.6,
				-0.5,
				0,
				4.467,
				-0.5
			]
		},
		{
			"Target": "Parameter",
			"Id": "Param67",
			"Segments": [
				0,
				0,
				1,
				0.344,
				0,
				0.689,
				-1,
				1.033,
				-1,
				1,
				1.222,
				-1,
				1.411,
				1,
				1.6,
				1,
				1,
				1.889,
				1,
				2.178,
				-0.4,
				2.467,
				-0.4,
				1,
				2.733,
				-0.4,
				3,
				0.2,
				3.267,
				0.2,
				1,
				3.6,
				0.2,
				3.933,
				0,
				4.267,
				0,
				0,
				4.467,
				0
			]
		},
		{
			"Target": "Parameter",
			"Id": "Param68",
			"Segments": [
				0,
				0,
				1,
				0.422,
				0,
				0.844,
				-1,
				1.267,
				-1,
				1,
				1.456,
				-1,
				1.644,
				1,
				1.833,
				1,
				1,
				2.122,
				1,
				2.411,
				-0.4,
				2.7,
				-0.4,
				1,
				2.967,
				-0.4,
				3.233,
				0.2,
				3.5,
				0.2,
				1,
				3.822,
				0.2,
				4.144,
				0.013,
				4.467,
				0.001
			]
		},
		{
			"Target": "Parameter",
			"Id": "Param69",
			"Segments": [
				0,
				0,
				1,
				0.344,
				0,
				0.689,
				-0.5,
				1.033,
				-0.5,
				1,
				1.222,
				-0.5,
				1.411,
				0.8,
				1.6,
				0.8,
				1,
				1.889,
				0.8,
				2.178,
				-0.3,
				2.467,
				-0.3,
				1,
				2.733,
				-0.3,
				3,
				0.3,
				3.267,
				0.3,
				1,
				3.6,
				0.3,
				3.933,
				0.1,
				4.267,
				0.1,
				0,
				4.467,
				0.1
			]
		},
		{
			"Target": "Parameter",
			"Id": "Param70",
			"Segments": [
				0,
				0,
				1,
				0.422,
				0,
				0.844,
				0.138,
				1.267,
				0.5,
				1,
				1.456,
				0.662,
				1.644,
				0.8,
				1.833,
				0.8,
				1,
				2.122,
				0.8,
				2.411,
				-0.4,
				2.7,
				-0.4,
				1,
				2.967,
				-0.4,
				3.233,
				0.3,
				3.5,
				0.3,
				1,
				3.822,
				0.3,
				4.144,
				0.113,
				4.467,
				0.101
			]
		},
		{
			"Target": "Parameter",
			"Id": "ParamMouthOpenY",
			"Segments": [
				0,
				0,
				0,
				4.467,
				0
			]
		},
		{
			"Target": "Parameter",
			"Id": "ParamMouthForm",
			"Segments": [
				0,
				0,
				0,
				4.467,
				0
			]
		},
		{
			"Target": "Parameter",
			"Id": "ParamBodyAngleX",
			"Segments": [
				0,
				0,
				1,
				0.278,
				0,
				0.556,
				10,
				0.833,
				10,
				1,
				1.078,
				10,
				1.322,
				10,
				1.567,
				10,
				0,
				4.467,
				10
			]
		},
		{
			"Target": "Parameter",
			"Id": "ParamBodyAngleY",
			"Segments": [
				0,
				0,
				1,
				0.278,
				0,
				0.556,
				10,
				0.833,
				10,
				1,
				1.078,
				10,
				1.322,
				-2,
				1.567,
				-2,
				1,
				1.789,
				-2,
				2.011,
				3,
				2.233,
				3,
				1,
				2.456,
				3,
				2.678,
				0,
				2.9,
				0,
				1,
				3.089,
				0,
				3.278,
				2,
				3.467,
				2,
				1,
				3.689,
				2,
				3.911,
				0,
				4.133,
				0,
				0,
				4.467,
				0
			]
		},
		{
			"Target": "Parameter",
			"Id": "ParamBodyAngleZ",
			"Segments": [
				0,
				0,
				1,
				0.278,
				0,
				0.556,
				10,
				0.833,
				10,
				1,
				1.078,
				10,
				1.322,
				-3,
				1.567,
				-3,
				1,
				1.789,
				-3,
				2.011,
				8,
				2.233,
				8,
				1,
				2.456,
				8,
				2.678,
				-1,
				2.9,
				-1,
				1,
				3.089,
				-1,
				3.278,
				3,
				3.467,
				3,
				1,
				3.689,
				3,
				3.911,
				0,
				4.133,
				0,
				0,
				4.467,
				0
			]
		},
		{
			"Target": "Parameter",
			"Id": "Param22",
			"Segments": [
				0,
				0,
				0,
				4.467,
				0
			]
		},
		{
			"Target": "Parameter",
			"Id": "ParamBreath",
			"Segments": [
				0,
				0,
				1,
				0.278,
				0,
				0.556,
				0.5,
				0.833,
				0.5,
				1,
				1.167,
				0.5,
				1.5,
				0,
				1.833,
				0,
				0,
				4.467,
				0
			]
		},
		{
			"Target": "Parameter",
			"Id": "Param4",
			"Segments": [
				0,
				0,
				1,
				0.344,
				0,
				0.689,
				-0.6,
				1.033,
				-0.6,
				1,
				1.144,
				-0.6,
				1.256,
				1,
				1.367,
				1,
				1,
				1.811,
				1,
				2.256,
				0.2,
				2.7,
				0.2,
				1,
				2.967,
				0.2,
				3.233,
				0.5,
				3.5,
				0.5,
				1,
				3.822,
				0.5,
				4.144,
				0,
				4.467,
				0
			]
		},
		{
			"Target": "Parameter",
			"Id": "Param3",
			"Segments": [
				0,
				0,
				1,
				0.344,
				0,
				0.689,
				-0.6,
				1.033,
				-0.6,
				1,
				1.144,
				-0.6,
				1.256,
				1,
				1.367,
				1,
				1,
				1.811,
				1,
				2.256,
				0.2,
				2.7,
				0.2,
				1,
				2.967,
				0.2,
				3.233,
				0.5,
				3.5,
				0.5,
				1,
				3.822,
				0.5,
				4.144,
				0,
				4.467,
				0
			]
		},
		{
			"Target": "Parameter",
			"Id": "ParamHairFront",
			"Segments": [
				0,
				0,
				1,
				0.344,
				0,
				0.689,
				-0.3,
				1.033,
				-0.3,
				1,
				1.222,
				-0.3,
				1.411,
				0.3,
				1.6,
				0.3,
				1,
				1.811,
				0.3,
				2.022,
				-0.2,
				2.233,
				-0.2,
				1,
				2.467,
				-0.2,
				2.7,
				0.2,
				2.933,
				0.2,
				1,
				3.167,
				0.2,
				3.4,
				-0.1,
				3.633,
				-0.1,
				1,
				3.856,
				-0.1,
				4.078,
				0,
				4.3,
				0,
				0,
				4.467,
				0
			]
		},
		{
			"Target": "Parameter",
			"Id": "Param6",
			"Segments": [
				0,
				0,
				1,
				0.389,
				0,
				0.778,
				-0.3,
				1.167,
				-0.3,
				1,
				1.356,
				-0.3,
				1.544,
				0.3,
				1.733,
				0.3,
				1,
				1.944,
				0.3,
				2.156,
				-0.2,
				2.367,
				-0.2,
				1,
				2.6,
				-0.2,
				2.833,
				0.2,
				3.067,
				0.2,
				1,
				3.3,
				0.2,
				3.533,
				-0.1,
				3.767,
				-0.1,
				1,
				3.989,
				-0.1,
				4.211,
				0,
				4.433,
				0,
				0,
				4.467,
				0
			]
		},
		{
			"Target": "Parameter",
			"Id": "Param5",
			"Segments": [
				0,
				0,
				1,
				0.344,
				0,
				0.689,
				0.3,
				1.033,
				0.3,
				1,
				1.222,
				0.3,
				1.411,
				-0.3,
				1.6,
				-0.3,
				1,
				1.811,
				-0.3,
				2.022,
				0.2,
				2.233,
				0.2,
				1,
				2.467,
				0.2,
				2.7,
				-0.2,
				2.933,
				-0.2,
				1,
				3.167,
				-0.2,
				3.4,
				0.1,
				3.633,
				0.1,
				1,
				3.856,
				0.1,
				4.078,
				0,
				4.3,
				0,
				0,
				4.467,
				0
			]
		},
		{
			"Target": "Parameter",
			"Id": "Param7",
			"Segments": [
				0,
				0,
				1,
				0.389,
				0,
				0.778,
				0.3,
				1.167,
				0.3,
				1,
				1.356,
				0.3,
				1.544,
				-0.3,
				1.733,
				-0.3,
				1,
				1.944,
				-0.3,
				2.156,
				0.2,
				2.367,
				0.2,
				1,
				2.6,
				0.2,
				2.833,
				-0.2,
				3.067,
				-0.2,
				1,
				3.3,
				-0.2,
				3.533,
				0.1,
				3.767,
				0.1,
				1,
				3.989,
				0.1,
				4.211,
				0,
				4.433,
				0,
				0,
				4.467,
				0
			]
		},
		{
			"Target": "Parameter",
			"Id": "ParamHairSide",
			"Segments": [
				0,
				0,
				1,
				0.344,
				0,
				0.689,
				-0.4,
				1.033,
				-0.4,
				1,
				1.222,
				-0.4,
				1.411,
				0.4,
				1.6,
				0.4,
				1,
				1.811,
				0.4,
				2.022,
				-0.3,
				2.233,
				-0.3,
				1,
				2.467,
				-0.3,
				2.7,
				0.2,
				2.933,
				0.2,
				1,
				3.167,
				0.2,
				3.4,
				-0.1,
				3.633,
				-0.1,
				1,
				3.856,
				-0.1,
				4.078,
				0,
				4.3,
				0,
				0,
				4.467,
				0
			]
		},
		{
			"Target": "Parameter",
			"Id": "Param8",
			"Segments": [
				0,
				0,
				1,
				0.344,
				0,
				0.689,
				0.4,
				1.033,
				0.4,
				1,
				1.222,
				0.4,
				1.411,
				-0.4,
				1.6,
				-0.4,
				1,
				1.811,
				-0.4,
				2.022,
				0.3,
				2.233,
				0.3,
				1,
				2.467,
				0.3,
				2.7,
				-0.2,
				2.933,
				-0.2,
				1,
				3.167,
				-0.2,
				3.4,
				0.1,
				3.633,
				0.1,
				1,
				3.856,
				0.1,
				4.078,
				0,
				4.3,
				0,
				0,
				4.467,
				0
			]
		},
		{
			"Target": "Parameter",
			"Id": "ParamHairBack",
			"Segments": [
				0,
				0,
				0,
				0.133,
				0,
				1,
				0.478,
				0,
				0.822,
				-0.3,
				1.167,
				-0.3,
				1,
				1.367,
				-0.3,
				1.567,
				0.6,
				1.767,
				0.6,
				1,
				1.989,
				0.6,
				2.211,
				-0.2,
				2.433,
				-0.2,
				1,
				2.656,
				-0.2,
				2.878,
				0.2,
				3.1,
				0.2,
				1,
				3.322,
				0.2,
				3.544,
				-0.1,
				3.767,
				-0.1,
				1,
				3.989,
				-0.1,
				4.211,
				0,
				4.433,
				0,
				0,
				4.467,
				0
			]
		},
		{
			"Target": "Parameter",
			"Id": "Param73",
			"Segments": [
				0,
				0,
				0,
				0.2,
				0,
				1,
				0.544,
				0,
				0.889,
				-0.5,
				1.233,
				-0.5,
				1,
				1.433,
				-0.5,
				1.633,
				0.7,
				1.833,
				0.7,
				1,
				2.056,
				0.7,
				2.278,
				-0.3,
				2.5,
				-0.3,
				1,
				2.722,
				-0.3,
				2.944,
				0.2,
				3.167,
				0.2,
				1,
				3.389,
				0.2,
				3.611,
				-0.2,
				3.833,
				-0.2,
				1,
				4.044,
				-0.2,
				4.256,
				-0.019,
				4.467,
				-0.001
			]
		},
		{
			"Target": "Parameter",
			"Id": "Param76",
			"Segments": [
				0,
				0,
				0,
				0.133,
				0,
				1,
				0.478,
				0,
				0.822,
				0.5,
				1.167,
				0.5,
				1,
				1.367,
				0.5,
				1.567,
				-0.3,
				1.767,
				-0.3,
				1,
				1.989,
				-0.3,
				2.211,
				0.3,
				2.433,
				0.3,
				1,
				2.656,
				0.3,
				2.878,
				-0.2,
				3.1,
				-0.2,
				1,
				3.322,
				-0.2,
				3.544,
				0.1,
				3.767,
				0.1,
				1,
				3.989,
				0.1,
				4.211,
				0,
				4.433,
				0,
				0,
				4.467,
				0
			]
		},
		{
			"Target": "Parameter",
			"Id": "Param77",
			"Segments": [
				0,
				0,
				0,
				0.2,
				0,
				1,
				0.544,
				0,
				0.889,
				0.5,
				1.233,
				0.5,
				1,
				1.433,
				0.5,
				1.633,
				-0.5,
				1.833,
				-0.5,
				1,
				2.056,
				-0.5,
				2.278,
				0.3,
				2.5,
				0.3,
				1,
				2.722,
				0.3,
				2.944,
				-0.3,
				3.167,
				-0.3,
				1,
				3.389,
				-0.3,
				3.611,
				0.2,
				3.833,
				0.2,
				1,
				4.044,
				0.2,
				4.256,
				0.019,
				4.467,
				0.001
			]
		},
		{
			"Target": "Parameter",
			"Id": "Param10",
			"Segments": [
				0,
				0,
				0,
				0.167,
				0,
				1,
				0.544,
				0,
				0.922,
				-0.7,
				1.3,
				-0.7,
				1,
				1.5,
				-0.7,
				1.7,
				1,
				1.9,
				1,
				1,
				2.111,
				1,
				2.322,
				-0.5,
				2.533,
				-0.5,
				1,
				2.767,
				-0.5,
				3,
				0.6,
				3.233,
				0.6,
				1,
				3.467,
				0.6,
				3.7,
				-0.2,
				3.933,
				-0.2,
				1,
				4.111,
				-0.2,
				4.289,
				-0.072,
				4.467,
				-0.021
			]
		},
		{
			"Target": "Parameter",
			"Id": "Param78",
			"Segments": [
				0,
				0,
				0,
				0.067,
				0,
				1,
				0.411,
				0,
				0.756,
				0.5,
				1.1,
				0.5,
				1,
				1.3,
				0.5,
				1.5,
				-0.4,
				1.7,
				-0.4,
				1,
				1.922,
				-0.4,
				2.144,
				0.3,
				2.367,
				0.3,
				1,
				2.589,
				0.3,
				2.811,
				-0.2,
				3.033,
				-0.2,
				1,
				3.256,
				-0.2,
				3.478,
				0.1,
				3.7,
				0.1,
				1,
				3.922,
				0.1,
				4.144,
				0,
				4.367,
				0,
				0,
				4.467,
				0
			]
		},
		{
			"Target": "Parameter",
			"Id": "Param79",
			"Segments": [
				0,
				0,
				0,
				0.133,
				0,
				1,
				0.478,
				0,
				0.822,
				0.6,
				1.167,
				0.6,
				1,
				1.367,
				0.6,
				1.567,
				-0.7,
				1.767,
				-0.7,
				1,
				1.989,
				-0.7,
				2.211,
				0.3,
				2.433,
				0.3,
				1,
				2.656,
				0.3,
				2.878,
				-0.4,
				3.1,
				-0.4,
				1,
				3.322,
				-0.4,
				3.544,
				0.2,
				3.767,
				0.2,
				1,
				3.989,
				0.2,
				4.211,
				0,
				4.433,
				0,
				0,
				4.467,
				0
			]
		},
		{
			"Target": "Parameter",
			"Id": "Param11",
			"Segments": [
				0,
				0,
				1,
				0.367,
				0,
				0.733,
				-0.6,
				1.1,
				-0.6,
				1,
				1.289,
				-0.6,
				1.478,
				0.6,
				1.667,
				0.6,
				1,
				1.878,
				0.6,
				2.089,
				-0.4,
				2.3,
				-0.4,
				1,
				2.533,
				-0.4,
				2.767,
				0.4,
				3,
				0.4,
				1,
				3.233,
				0.4,
				3.467,
				-0.2,
				3.7,
				-0.2,
				1,
				3.922,
				-0.2,
				4.144,
				0,
				4.367,
				0,
				0,
				4.467,
				0
			]
		},
		{
			"Target": "Parameter",
			"Id": "Param9",
			"Segments": [
				0,
				0,
				0,
				0.067,
				0,
				1,
				0.411,
				0,
				0.756,
				0.5,
				1.1,
				0.5,
				1,
				1.3,
				0.5,
				1.5,
				-0.4,
				1.7,
				-0.4,
				1,
				1.922,
				-0.4,
				2.144,
				0.3,
				2.367,
				0.3,
				1,
				2.589,
				0.3,
				2.811,
				-0.2,
				3.033,
				-0.2,
				1,
				3.256,
				-0.2,
				3.478,
				0.1,
				3.7,
				0.1,
				1,
				3.922,
				0.1,
				4.144,
				0,
				4.367,
				0,
				0,
				4.467,
				0
			]
		},
		{
			"Target": "Parameter",
			"Id": "Param82",
			"Segments": [
				0,
				0,
				0,
				0.133,
				0,
				1,
				0.478,
				0,
				0.822,
				0.5,
				1.167,
				0.5,
				1,
				1.367,
				0.5,
				1.567,
				-0.7,
				1.767,
				-0.7,
				1,
				1.989,
				-0.7,
				2.211,
				0.3,
				2.433,
				0.3,
				1,
				2.656,
				0.3,
				2.878,
				-0.5,
				3.1,
				-0.5,
				1,
				3.322,
				-0.5,
				3.544,
				0.2,
				3.767,
				0.2,
				1,
				3.989,
				0.2,
				4.211,
				0,
				4.433,
				0,
				0,
				4.467,
				0
			]
		},
		{
			"Target": "Parameter",
			"Id": "Param12",
			"Segments": [
				0,
				0,
				1,
				0.389,
				0,
				0.778,
				-0.6,
				1.167,
				-0.6,
				1,
				1.356,
				-0.6,
				1.544,
				0.6,
				1.733,
				0.6,
				1,
				1.944,
				0.6,
				2.156,
				-0.4,
				2.367,
				-0.4,
				1,
				2.6,
				-0.4,
				2.833,
				0.4,
				3.067,
				0.4,
				1,
				3.3,
				0.4,
				3.533,
				-0.2,
				3.767,
				-0.2,
				1,
				3.989,
				-0.2,
				4.211,
				0,
				4.433,
				0,
				0,
				4.467,
				0
			]
		},
		{
			"Target": "Parameter",
			"Id": "Param14",
			"Segments": [
				0,
				0,
				0,
				0.167,
				0,
				1,
				0.533,
				0,
				0.9,
				-0.6,
				1.267,
				-0.6,
				1,
				1.456,
				-0.6,
				1.644,
				0.6,
				1.833,
				0.6,
				1,
				2.044,
				0.6,
				2.256,
				-0.4,
				2.467,
				-0.4,
				1,
				2.7,
				-0.4,
				2.933,
				0.4,
				3.167,
				0.4,
				1,
				3.4,
				0.4,
				3.633,
				-0.2,
				3.867,
				-0.2,
				1,
				4.067,
				-0.2,
				4.267,
				-0.038,
				4.467,
				-0.006
			]
		},
		{
			"Target": "Parameter",
			"Id": "Param13",
			"Segments": [
				0,
				0,
				0,
				0.167,
				0,
				1,
				0.556,
				0,
				0.944,
				-0.7,
				1.333,
				-0.7,
				1,
				1.522,
				-0.7,
				1.711,
				1,
				1.9,
				1,
				1,
				2.111,
				1,
				2.322,
				-0.5,
				2.533,
				-0.5,
				1,
				2.767,
				-0.5,
				3,
				0.6,
				3.233,
				0.6,
				1,
				3.467,
				0.6,
				3.7,
				-0.2,
				3.933,
				-0.2,
				1,
				4.111,
				-0.2,
				4.289,
				-0.072,
				4.467,
				-0.021
			]
		},
		{
			"Target": "Parameter",
			"Id": "Param15",
			"Segments": [
				0,
				0,
				1,
				0.422,
				0,
				0.844,
				-0.6,
				1.267,
				-0.6,
				1,
				1.456,
				-0.6,
				1.644,
				0.6,
				1.833,
				0.6,
				1,
				2.044,
				0.6,
				2.256,
				-0.4,
				2.467,
				-0.4,
				1,
				2.7,
				-0.4,
				2.933,
				0.4,
				3.167,
				0.4,
				1,
				3.4,
				0.4,
				3.633,
				-0.2,
				3.867,
				-0.2,
				1,
				4.067,
				-0.2,
				4.267,
				-0.038,
				4.467,
				-0.006
			]
		},
		{
			"Target": "Parameter",
			"Id": "Param16",
			"Segments": [
				0,
				0,
				1,
				0.344,
				0,
				0.689,
				-6,
				1.033,
				-6,
				1,
				1.222,
				-6,
				1.411,
				8,
				1.6,
				8,
				1,
				1.811,
				8,
				2.022,
				-2,
				2.233,
				-2,
				1,
				2.467,
				-2,
				2.7,
				1,
				2.933,
				1,
				1,
				3.2,
				1,
				3.467,
				0,
				3.733,
				0,
				0,
				4.467,
				0
			]
		},
		{
			"Target": "Parameter",
			"Id": "Param17",
			"Segments": [
				0,
				0,
				1,
				0.344,
				0,
				0.689,
				-9,
				1.033,
				-9,
				1,
				1.222,
				-9,
				1.411,
				9,
				1.6,
				9,
				1,
				1.811,
				9,
				2.022,
				-3,
				2.233,
				-3,
				1,
				2.467,
				-3,
				2.7,
				1,
				2.933,
				1,
				1,
				3.2,
				1,
				3.467,
				-1,
				3.733,
				-1,
				1,
				3.922,
				-1,
				4.111,
				0,
				4.3,
				0,
				0,
				4.467,
				0
			]
		},
		{
			"Target": "Parameter",
			"Id": "Param18",
			"Segments": [
				0,
				0,
				1,
				0.344,
				0,
				0.689,
				5,
				1.033,
				5,
				1,
				1.222,
				5,
				1.411,
				-4,
				1.6,
				-4,
				1,
				1.811,
				-4,
				2.022,
				3,
				2.233,
				3,
				1,
				2.467,
				3,
				2.7,
				-2,
				2.933,
				-2,
				1,
				3.167,
				-2,
				3.4,
				1,
				3.633,
				1,
				1,
				3.867,
				1,
				4.1,
				0,
				4.333,
				0,
				0,
				4.467,
				0
			]
		},
		{
			"Target": "Parameter",
			"Id": "Param19",
			"Segments": [
				0,
				0,
				1,
				0.344,
				0,
				0.689,
				-3,
				1.033,
				-3,
				1,
				1.222,
				-3,
				1.411,
				0,
				1.6,
				0,
				1,
				1.811,
				0,
				2.022,
				-0.5,
				2.233,
				-0.5,
				1,
				2.467,
				-0.5,
				2.7,
				0,
				2.933,
				0,
				1,
				3.167,
				0,
				3.4,
				0,
				3.633,
				0,
				1,
				3.867,
				0,
				4.1,
				0,
				4.333,
				0,
				0,
				4.467,
				0
			]
		},
		{
			"Target": "Parameter",
			"Id": "Param85",
			"Segments": [
				0,
				0,
				0,
				0.133,
				0,
				1,
				0.467,
				0,
				0.8,
				8,
				1.133,
				8,
				1,
				1.333,
				8,
				1.533,
				-10,
				1.733,
				-10,
				1,
				1.944,
				-10,
				2.156,
				5,
				2.367,
				5,
				1,
				2.6,
				5,
				2.833,
				-3,
				3.067,
				-3,
				1,
				3.311,
				-3,
				3.556,
				2,
				3.8,
				2,
				1,
				4.022,
				2,
				4.244,
				0.347,
				4.467,
				0.047
			]
		},
		{
			"Target": "Parameter",
			"Id": "Param88",
			"Segments": [
				0,
				0,
				0,
				0.2,
				0,
				1,
				0.533,
				0,
				0.867,
				8,
				1.2,
				8,
				1,
				1.4,
				8,
				1.6,
				-10,
				1.8,
				-10,
				1,
				2.011,
				-10,
				2.222,
				5,
				2.433,
				5,
				1,
				2.667,
				5,
				2.9,
				-3,
				3.133,
				-3,
				1,
				3.378,
				-3,
				3.622,
				2,
				3.867,
				2,
				1,
				4.067,
				2,
				4.267,
				0.661,
				4.467,
				0.174
			]
		},
		{
			"Target": "Parameter",
			"Id": "Param86",
			"Segments": [
				0,
				0,
				0,
				0.133,
				0,
				1,
				0.467,
				0,
				0.8,
				10,
				1.133,
				10,
				1,
				1.333,
				10,
				1.533,
				-10,
				1.733,
				-10,
				1,
				1.944,
				-10,
				2.156,
				5,
				2.367,
				5,
				1,
				2.6,
				5,
				2.833,
				-3,
				3.067,
				-3,
				1,
				3.311,
				-3,
				3.556,
				2,
				3.8,
				2,
				1,
				4.022,
				2,
				4.244,
				0.347,
				4.467,
				0.047
			]
		},
		{
			"Target": "Parameter",
			"Id": "Param87",
			"Segments": [
				0,
				0,
				0,
				0.2,
				0,
				1,
				0.533,
				0,
				0.867,
				0,
				1.2,
				0,
				1,
				1.4,
				0,
				1.6,
				1,
				1.8,
				1,
				1,
				2.011,
				1,
				2.222,
				0,
				2.433,
				0,
				1,
				2.667,
				0,
				2.9,
				0,
				3.133,
				0,
				1,
				3.378,
				0,
				3.622,
				0,
				3.867,
				0,
				1,
				4.067,
				0,
				4.267,
				0,
				4.467,
				0
			]
		},
		{
			"Target": "Parameter",
			"Id": "Param20",
			"Segments": [
				0,
				0,
				0,
				0.1,
				0,
				1,
				0.433,
				0,
				0.767,
				10,
				1.1,
				10,
				1,
				1.3,
				10,
				1.5,
				-10,
				1.7,
				-10,
				1,
				1.911,
				-10,
				2.122,
				5,
				2.333,
				5,
				1,
				2.567,
				5,
				2.8,
				-3,
				3.033,
				-3,
				1,
				3.278,
				-3,
				3.522,
				2,
				3.767,
				2,
				1,
				4,
				2,
				4.233,
				0.178,
				4.467,
				0.012
			]
		},
		{
			"Target": "Parameter",
			"Id": "Param89",
			"Segments": [
				0,
				0,
				0,
				0.167,
				0,
				1,
				0.5,
				0,
				0.833,
				10,
				1.167,
				10,
				1,
				1.367,
				10,
				1.567,
				-10,
				1.767,
				-10,
				1,
				1.978,
				-10,
				2.189,
				5,
				2.4,
				5,
				1,
				2.633,
				5,
				2.867,
				-3,
				3.1,
				-3,
				1,
				3.344,
				-3,
				3.589,
				2,
				3.833,
				2,
				1,
				4.044,
				2,
				4.256,
				0.508,
				4.467,
				0.101
			]
		},
		{
			"Target": "Parameter",
			"Id": "Param21",
			"Segments": [
				0,
				0,
				0,
				0.1,
				0,
				1,
				0.433,
				0,
				0.767,
				10,
				1.1,
				10,
				1,
				1.3,
				10,
				1.5,
				-10,
				1.7,
				-10,
				1,
				1.911,
				-10,
				2.122,
				5,
				2.333,
				5,
				1,
				2.567,
				5,
				2.8,
				-3,
				3.033,
				-3,
				1,
				3.278,
				-3,
				3.522,
				2,
				3.767,
				2,
				1,
				4,
				2,
				4.233,
				0.178,
				4.467,
				0.012
			]
		},
		{
			"Target": "Parameter",
			"Id": "Param90",
			"Segments": [
				0,
				0,
				0,
				0.167,
				0,
				1,
				0.5,
				0,
				0.833,
				10,
				1.167,
				10,
				1,
				1.367,
				10,
				1.567,
				-10,
				1.767,
				-10,
				1,
				1.978,
				-10,
				2.189,
				5,
				2.4,
				5,
				1,
				2.633,
				5,
				2.867,
				-3,
				3.1,
				-3,
				1,
				3.344,
				-3,
				3.589,
				2,
				3.833,
				2,
				1,
				4.044,
				2,
				4.256,
				0.508,
				4.467,
				0.101
			]
		},
		{
			"Target": "Parameter",
			"Id": "Param24",
			"Segments": [
				0,
				7,
				1,
				0.211,
				7,
				0.422,
				7,
				0.633,
				7,
				1,
				0.767,
				7,
				0.9,
				8,
				1.033,
				8,
				1,
				1.222,
				8,
				1.411,
				-5,
				1.6,
				-5,
				1,
				1.811,
				-5,
				2.022,
				4,
				2.233,
				4,
				1,
				2.467,
				4,
				2.7,
				-3,
				2.933,
				-3,
				1,
				3.167,
				-3,
				3.4,
				2,
				3.633,
				2,
				1,
				3.867,
				2,
				4.1,
				0,
				4.333,
				0,
				0,
				4.467,
				0
			]
		},
		{
			"Target": "Parameter",
			"Id": "Param23",
			"Segments": [
				0,
				-1,
				1,
				0.278,
				-1,
				0.556,
				2.068,
				0.833,
				5,
				1,
				1.011,
				6.877,
				1.189,
				7,
				1.367,
				7,
				1,
				1.556,
				7,
				1.744,
				-3,
				1.933,
				-3,
				1,
				2.144,
				-3,
				2.356,
				5,
				2.567,
				5,
				1,
				2.8,
				5,
				3.033,
				-3,
				3.267,
				-3,
				1,
				3.5,
				-3,
				3.733,
				2,
				3.967,
				2,
				1,
				4.133,
				2,
				4.3,
				0.98,
				4.467,
				0.396
			]
		},
		{
			"Target": "Parameter",
			"Id": "Param74",
			"Segments": [
				0,
				0,
				1,
				0.211,
				0,
				0.422,
				4,
				0.633,
				4,
				1,
				0.8,
				4,
				0.967,
				4,
				1.133,
				4,
				1,
				1.333,
				4,
				1.533,
				-2,
				1.733,
				-2,
				1,
				1.944,
				-2,
				2.156,
				3,
				2.367,
				3,
				1,
				2.6,
				3,
				2.833,
				-1,
				3.067,
				-1,
				1,
				3.3,
				-1,
				3.533,
				1,
				3.767,
				1,
				1,
				4,
				1,
				4.233,
				-0.667,
				4.467,
				-0.957
			]
		},
		{
			"Target": "Parameter",
			"Id": "Param75",
			"Segments": [
				0,
				0,
				1,
				0.244,
				0,
				0.489,
				3,
				0.733,
				3,
				1,
				0.9,
				3,
				1.067,
				2.601,
				1.233,
				2,
				1,
				1.433,
				1.279,
				1.633,
				1,
				1.833,
				1,
				1,
				2.044,
				1,
				2.256,
				2,
				2.467,
				2,
				1,
				2.7,
				2,
				2.933,
				-2,
				3.167,
				-2,
				1,
				3.4,
				-2,
				3.633,
				1,
				3.867,
				1,
				1,
				4.067,
				1,
				4.267,
				-0.837,
				4.467,
				-1.636
			]
		},
		{
			"Target": "Parameter",
			"Id": "Param26",
			"Segments": [
				0,
				0,
				0,
				0.267,
				0,
				1,
				0.622,
				0,
				0.978,
				-5,
				1.333,
				-5,
				1,
				1.511,
				-5,
				1.689,
				5,
				1.867,
				5,
				1,
				2.078,
				5,
				2.289,
				-2,
				2.5,
				-2,
				1,
				2.733,
				-2,
				2.967,
				-1.302,
				3.2,
				0,
				1,
				3.444,
				1.364,
				3.689,
				2,
				3.933,
				2,
				1,
				4.111,
				2,
				4.289,
				1.111,
				4.467,
				0.519
			]
		},
		{
			"Target": "Parameter",
			"Id": "Param71",
			"Segments": [
				0,
				0,
				0,
				0.333,
				0,
				1,
				0.689,
				0,
				1.044,
				-5,
				1.4,
				-5,
				1,
				1.578,
				-5,
				1.756,
				4,
				1.933,
				4,
				1,
				2.144,
				4,
				2.356,
				-1.16,
				2.567,
				-3,
				1,
				2.8,
				-5.033,
				3.033,
				-5,
				3.267,
				-5,
				1,
				3.511,
				-5,
				3.756,
				3,
				4,
				3,
				1,
				4.156,
				3,
				4.311,
				1.639,
				4.467,
				0.505
			]
		},
		{
			"Target": "Parameter",
			"Id": "Param25",
			"Segments": [
				0,
				0,
				0,
				0.267,
				0,
				1,
				0.622,
				0,
				0.978,
				-5,
				1.333,
				-5,
				1,
				1.511,
				-5,
				1.689,
				5,
				1.867,
				5,
				1,
				2.078,
				5,
				2.289,
				-2,
				2.5,
				-2,
				1,
				2.733,
				-2,
				2.967,
				-1.997,
				3.2,
				-1,
				1,
				3.444,
				0.045,
				3.689,
				2,
				3.933,
				2,
				1,
				4.111,
				2,
				4.289,
				1.111,
				4.467,
				0.519
			]
		},
		{
			"Target": "Parameter",
			"Id": "Param72",
			"Segments": [
				0,
				0,
				0,
				0.3,
				0,
				1,
				0.656,
				0,
				1.011,
				-5,
				1.367,
				-5,
				1,
				1.544,
				-5,
				1.722,
				5,
				1.9,
				5,
				1,
				2.111,
				5,
				2.322,
				-4,
				2.533,
				-4,
				1,
				2.767,
				-4,
				3,
				-4,
				3.233,
				-4,
				1,
				3.478,
				-4,
				3.722,
				2,
				3.967,
				2,
				1,
				4.133,
				2,
				4.3,
				1.219,
				4.467,
				0.633
			]
		},
		{
			"Target": "Parameter",
			"Id": "Param27",
			"Segments": [
				0,
				0,
				1,
				0.4,
				0,
				0.8,
				-2.861,
				1.2,
				-2.861,
				1,
				1.344,
				-2.861,
				1.489,
				1.735,
				1.633,
				1.735,
				1,
				1.833,
				1.735,
				2.033,
				-0.903,
				2.233,
				-0.903,
				1,
				2.5,
				-0.903,
				2.767,
				1.203,
				3.033,
				1.203,
				1,
				3.267,
				1.203,
				3.5,
				-0.797,
				3.733,
				-0.797,
				1,
				3.956,
				-0.797,
				4.178,
				0.203,
				4.4,
				0.203,
				0,
				4.467,
				0.203
			]
		},
		{
			"Target": "Parameter",
			"Id": "Param83",
			"Segments": [
				0,
				0,
				1,
				0.378,
				0,
				0.756,
				10,
				1.133,
				10,
				1,
				1.389,
				10,
				1.644,
				-10,
				1.9,
				-10,
				1,
				2.078,
				-10,
				2.256,
				-5,
				2.433,
				-5,
				1,
				2.633,
				-5,
				2.833,
				-5.74,
				3.033,
				-7,
				1,
				3.256,
				-8.4,
				3.478,
				-9,
				3.7,
				-9,
				0,
				4.467,
				-9
			]
		},
		{
			"Target": "Parameter",
			"Id": "Param84",
			"Segments": [
				0,
				0,
				1,
				0.378,
				0,
				0.756,
				-10,
				1.133,
				-10,
				1,
				1.389,
				-10,
				1.644,
				10,
				1.9,
				10,
				1,
				2.078,
				10,
				2.256,
				7,
				2.433,
				7,
				1,
				2.633,
				7,
				2.833,
				9,
				3.033,
				9,
				1,
				3.256,
				9,
				3.478,
				8,
				3.7,
				8,
				0,
				4.467,
				8
			]
		},
		{
			"Target": "Parameter",
			"Id": "Param30",
			"Segments": [
				0,
				0,
				1,
				0.344,
				0,
				0.689,
				0.5,
				1.033,
				0.5,
				1,
				1.222,
				0.5,
				1.411,
				0,
				1.6,
				0,
				0,
				4.467,
				0
			]
		},
		{
			"Target": "Parameter",
			"Id": "Param40",
			"Segments": [
				0,
				0,
				0,
				4.467,
				0
			]
		},
		{
			"Target": "Parameter",
			"Id": "Param29",
			"Segments": [
				0,
				0,
				1,
				0.344,
				0,
				0.689,
				-1,
				1.033,
				-1,
				1,
				1.222,
				-1,
				1.411,
				3,
				1.6,
				3,
				0,
				4.467,
				3
			]
		},
		{
			"Target": "Parameter",
			"Id": "Param28",
			"Segments": [
				0,
				0,
				1,
				0.344,
				0,
				0.689,
				-2,
				1.033,
				-2,
				1,
				1.222,
				-2,
				1.411,
				5,
				1.6,
				5,
				1,
				1.811,
				5,
				2.022,
				2,
				2.233,
				2,
				1,
				2.467,
				2,
				2.7,
				4,
				2.933,
				4,
				1,
				3.167,
				4,
				3.4,
				2,
				3.633,
				2,
				0,
				4.467,
				2
			]
		},
		{
			"Target": "Parameter",
			"Id": "Param31",
			"Segments": [
				0,
				0,
				1,
				0.344,
				0,
				0.689,
				0.5,
				1.033,
				0.5,
				1,
				1.222,
				0.5,
				1.411,
				0,
				1.6,
				0,
				0,
				4.467,
				0
			]
		},
		{
			"Target": "Parameter",
			"Id": "Param41",
			"Segments": [
				0,
				0,
				0,
				4.467,
				0
			]
		},
		{
			"Target": "Parameter",
			"Id": "Param32",
			"Segments": [
				0,
				0,
				1,
				0.344,
				0,
				0.689,
				1,
				1.033,
				1,
				1,
				1.222,
				1,
				1.411,
				-2,
				1.6,
				-2,
				0,
				4.467,
				-2
			]
		},
		{
			"Target": "Parameter",
			"Id": "Param33",
			"Segments": [
				0,
				0,
				1,
				0.344,
				0,
				0.689,
				-2,
				1.033,
				-2,
				1,
				1.222,
				-2,
				1.411,
				4,
				1.6,
				4,
				1,
				1.811,
				4,
				2.022,
				2,
				2.233,
				2,
				1,
				2.467,
				2,
				2.7,
				4,
				2.933,
				4,
				1,
				3.167,
				4,
				3.4,
				2,
				3.633,
				2,
				0,
				4.467,
				2
			]
		},
		{
			"Target": "Parameter",
			"Id": "Param34",
			"Segments": [
				0,
				0,
				1,
				0.344,
				0,
				0.689,
				0.5,
				1.033,
				0.5,
				1,
				1.222,
				0.5,
				1.411,
				0,
				1.6,
				0,
				0,
				4.467,
				0
			]
		},
		{
			"Target": "Parameter",
			"Id": "Param44",
			"Segments": [
				0,
				0,
				1,
				0.344,
				0,
				0.689,
				0.5,
				1.033,
				0.5,
				1,
				1.222,
				0.5,
				1.411,
				0,
				1.6,
				0,
				0,
				4.467,
				0
			]
		},
		{
			"Target": "Parameter",
			"Id": "Param42",
			"Segments": [
				0,
				-0.3,
				0,
				4.467,
				-0.3
			]
		},
		{
			"Target": "Parameter",
			"Id": "Param45",
			"Segments": [
				0,
				0,
				0,
				4.467,
				0
			]
		},
		{
			"Target": "Parameter",
			"Id": "Param35",
			"Segments": [
				0,
				2,
				1,
				0.344,
				2,
				0.689,
				-7,
				1.033,
				-7,
				1,
				1.222,
				-7,
				1.411,
				10,
				1.6,
				10,
				0,
				4.467,
				10
			]
		},
		{
			"Target": "Parameter",
			"Id": "Param36",
			"Segments": [
				0,
				-2,
				1,
				0.344,
				-2,
				0.689,
				-5,
				1.033,
				-5,
				1,
				1.222,
				-5,
				1.411,
				10,
				1.6,
				10,
				1,
				1.811,
				10,
				2.022,
				7,
				2.233,
				7,
				1,
				2.467,
				7,
				2.7,
				9,
				2.933,
				9,
				1,
				3.167,
				9,
				3.4,
				7,
				3.633,
				7,
				1,
				3.856,
				7,
				4.078,
				8,
				4.3,
				8,
				0,
				4.467,
				8
			]
		},
		{
			"Target": "Parameter",
			"Id": "Param37",
			"Segments": [
				0,
				0,
				1,
				0.344,
				0,
				0.689,
				0.5,
				1.033,
				0.5,
				1,
				1.222,
				0.5,
				1.411,
				0,
				1.6,
				0,
				0,
				4.467,
				0
			]
		},
		{
			"Target": "Parameter",
			"Id": "Param46",
			"Segments": [
				0,
				0,
				1,
				0.344,
				0,
				0.689,
				0.5,
				1.033,
				0.5,
				1,
				1.222,
				0.5,
				1.411,
				0,
				1.6,
				0,
				0,
				4.467,
				0
			]
		},
		{
			"Target": "Parameter",
			"Id": "Param43",
			"Segments": [
				0,
				0,
				0,
				4.467,
				0
			]
		},
		{
			"Target": "Parameter",
			"Id": "Param47",
			"Segments": [
				0,
				0,
				0,
				4.467,
				0
			]
		},
		{
			"Target": "Parameter",
			"Id": "Param38",
			"Segments": [
				0,
				-1,
				1,
				0.344,
				-1,
				0.689,
				6,
				1.033,
				6,
				1,
				1.222,
				6,
				1.411,
				-8,
				1.6,
				-8,
				0,
				4.467,
				-8
			]
		},
		{
			"Target": "Parameter",
			"Id": "Param39",
			"Segments": [
				0,
				0,
				1,
				0.344,
				0,
				0.689,
				-2,
				1.033,
				-2,
				1,
				1.222,
				-2,
				1.411,
				10,
				1.6,
				10,
				1,
				1.811,
				10,
				2.022,
				7,
				2.233,
				7,
				1,
				2.467,
				7,
				2.7,
				9,
				2.933,
				9,
				1,
				3.167,
				9,
				3.4,
				7,
				3.633,
				7,
				1,
				3.856,
				7,
				4.078,
				8,
				4.3,
				8,
				0,
				4.467,
				8
			]
		},
		{
			"Target": "Parameter",
			"Id": "Param48",
			"Segments": [
				0,
				0,
				1,
				0.367,
				0,
				0.733,
				1,
				1.1,
				1,
				1,
				1.433,
				1,
				1.767,
				0.003,
				2.1,
				0.003,
				1,
				2.433,
				0.003,
				2.767,
				0.997,
				3.1,
				0.997,
				1,
				3.389,
				0.997,
				3.678,
				0.004,
				3.967,
				0.004,
				0,
				4.467,
				0.004
			]
		},
		{
			"Target": "Parameter",
			"Id": "Param49",
			"Segments": [
				0,
				0,
				1,
				0.367,
				0,
				0.733,
				0,
				1.1,
				0,
				1,
				1.3,
				0,
				1.5,
				0,
				1.7,
				0,
				1,
				1.911,
				0,
				2.122,
				0,
				2.333,
				0,
				1,
				2.567,
				0,
				2.8,
				0,
				3.033,
				0,
				1,
				3.267,
				0,
				3.5,
				0,
				3.733,
				0,
				0,
				4.467,
				0
			]
		},
		{
			"Target": "Parameter",
			"Id": "Param50",
			"Segments": [
				0,
				0,
				1,
				0.367,
				0,
				0.733,
				0.4,
				1.1,
				0.4,
				1,
				1.3,
				0.4,
				1.5,
				-0.5,
				1.7,
				-0.5,
				1,
				1.911,
				-0.5,
				2.122,
				0.2,
				2.333,
				0.2,
				1,
				2.567,
				0.2,
				2.8,
				-0.2,
				3.033,
				-0.2,
				1,
				3.267,
				-0.2,
				3.5,
				0,
				3.733,
				0,
				0,
				4.467,
				0
			]
		},
		{
			"Target": "Parameter",
			"Id": "Param51",
			"Segments": [
				0,
				1,
				1,
				0.367,
				1,
				0.733,
				0,
				1.1,
				0,
				1,
				1.433,
				0,
				1.767,
				1,
				2.1,
				1,
				1,
				2.433,
				1,
				2.767,
				0,
				3.1,
				0,
				1,
				3.389,
				0,
				3.678,
				1,
				3.967,
				1,
				0,
				4.467,
				1
			]
		},
		{
			"Target": "Parameter",
			"Id": "Param52",
			"Segments": [
				0,
				0,
				1,
				0.389,
				0,
				0.778,
				0,
				1.167,
				0,
				1,
				1.367,
				0,
				1.567,
				0,
				1.767,
				0,
				1,
				1.978,
				0,
				2.189,
				0,
				2.4,
				0,
				1,
				2.633,
				0,
				2.867,
				0,
				3.1,
				0,
				1,
				3.333,
				0,
				3.567,
				0,
				3.8,
				0,
				0,
				4.467,
				0
			]
		},
		{
			"Target": "Parameter",
			"Id": "Param53",
			"Segments": [
				0,
				0,
				1,
				0.389,
				0,
				0.778,
				0.4,
				1.167,
				0.4,
				1,
				1.367,
				0.4,
				1.567,
				-0.5,
				1.767,
				-0.5,
				1,
				1.978,
				-0.5,
				2.189,
				0.2,
				2.4,
				0.2,
				1,
				2.633,
				0.2,
				2.867,
				-0.2,
				3.1,
				-0.2,
				1,
				3.333,
				-0.2,
				3.567,
				0,
				3.8,
				0,
				0,
				4.467,
				0
			]
		},
		{
			"Target": "Parameter",
			"Id": "Param54",
			"Segments": [
				0,
				0,
				1,
				0.311,
				0,
				0.622,
				1,
				0.933,
				1,
				1,
				1.267,
				1,
				1.6,
				0,
				1.933,
				0,
				1,
				2.267,
				0,
				2.6,
				1,
				2.933,
				1,
				1,
				3.222,
				1,
				3.511,
				0,
				3.8,
				0,
				0,
				4.467,
				0
			]
		},
		{
			"Target": "Parameter",
			"Id": "Param55",
			"Segments": [
				0,
				0,
				1,
				0.411,
				0,
				0.822,
				0,
				1.233,
				0,
				1,
				1.433,
				0,
				1.633,
				0,
				1.833,
				0,
				1,
				2.044,
				0,
				2.256,
				0,
				2.467,
				0,
				1,
				2.7,
				0,
				2.933,
				0,
				3.167,
				0,
				1,
				3.4,
				0,
				3.633,
				0,
				3.867,
				0,
				0,
				4.467,
				0
			]
		},
		{
			"Target": "Parameter",
			"Id": "Param56",
			"Segments": [
				0,
				0,
				1,
				0.411,
				0,
				0.822,
				0.4,
				1.233,
				0.4,
				1,
				1.433,
				0.4,
				1.633,
				-0.5,
				1.833,
				-0.5,
				1,
				2.044,
				-0.5,
				2.256,
				0.2,
				2.467,
				0.2,
				1,
				2.7,
				0.2,
				2.933,
				-0.2,
				3.167,
				-0.2,
				1,
				3.4,
				-0.2,
				3.633,
				0,
				3.867,
				0,
				0,
				4.467,
				0
			]
		},
		{
			"Target": "Parameter",
			"Id": "Param57",
			"Segments": [
				0,
				0,
				1,
				0.367,
				0,
				0.733,
				1,
				1.1,
				1,
				1,
				1.433,
				1,
				1.767,
				0,
				2.1,
				0,
				1,
				2.433,
				0,
				2.767,
				1,
				3.1,
				1,
				1,
				3.389,
				1,
				3.678,
				0,
				3.967,
				0,
				0,
				4.467,
				0
			]
		},
		{
			"Target": "Parameter",
			"Id": "Param58",
			"Segments": [
				0,
				0,
				1,
				0.367,
				0,
				0.733,
				0,
				1.1,
				0,
				1,
				1.3,
				0,
				1.5,
				0,
				1.7,
				0,
				1,
				1.911,
				0,
				2.122,
				0,
				2.333,
				0,
				1,
				2.567,
				0,
				2.8,
				0,
				3.033,
				0,
				1,
				3.267,
				0,
				3.5,
				0,
				3.733,
				0,
				0,
				4.467,
				0
			]
		},
		{
			"Target": "Parameter",
			"Id": "Param59",
			"Segments": [
				0,
				0,
				1,
				0.367,
				0,
				0.733,
				0.4,
				1.1,
				0.4,
				1,
				1.3,
				0.4,
				1.5,
				-0.5,
				1.7,
				-0.5,
				1,
				1.911,
				-0.5,
				2.122,
				0.2,
				2.333,
				0.2,
				1,
				2.567,
				0.2,
				2.8,
				-0.2,
				3.033,
				-0.2,
				1,
				3.267,
				-0.2,
				3.5,
				0,
				3.733,
				0,
				0,
				4.467,
				0
			]
		},
		{
			"Target": "Parameter",
			"Id": "Param60",
			"Segments": [
				0,
				1,
				1,
				0.367,
				1,
				0.733,
				0,
				1.1,
				0,
				1,
				1.433,
				0,
				1.767,
				1,
				2.1,
				1,
				1,
				2.433,
				1,
				2.767,
				0,
				3.1,
				0,
				1,
				3.389,
				0,
				3.678,
				1,
				3.967,
				1,
				0,
				4.467,
				1
			]
		},
		{
			"Target": "Parameter",
			"Id": "Param61",
			"Segments": [
				0,
				0,
				1,
				0.389,
				0,
				0.778,
				0,
				1.167,
				0,
				1,
				1.367,
				0,
				1.567,
				0,
				1.767,
				0,
				1,
				1.978,
				0,
				2.189,
				0,
				2.4,
				0,
				1,
				2.633,
				0,
				2.867,
				0,
				3.1,
				0,
				1,
				3.333,
				0,
				3.567,
				0,
				3.8,
				0,
				0,
				4.467,
				0
			]
		},
		{
			"Target": "Parameter",
			"Id": "Param62",
			"Segments": [
				0,
				0,
				1,
				0.389,
				0,
				0.778,
				0.4,
				1.167,
				0.4,
				1,
				1.367,
				0.4,
				1.567,
				-0.5,
				1.767,
				-0.5,
				1,
				1.978,
				-0.5,
				2.189,
				0.2,
				2.4,
				0.2,
				1,
				2.633,
				0.2,
				2.867,
				-0.2,
				3.1,
				-0.2,
				1,
				3.333,
				-0.2,
				3.567,
				0,
				3.8,
				0,
				0,
				4.467,
				0
			]
		},
		{
			"Target": "Parameter",
			"Id": "Param63",
			"Segments": [
				0,
				0,
				1,
				0.311,
				0,
				0.622,
				1,
				0.933,
				1,
				1,
				1.267,
				1,
				1.6,
				0,
				1.933,
				0,
				1,
				2.267,
				0,
				2.6,
				1,
				2.933,
				1,
				1,
				3.222,
				1,
				3.511,
				0,
				3.8,
				0,
				0,
				4.467,
				0
			]
		},
		{
			"Target": "Parameter",
			"Id": "Param64",
			"Segments": [
				0,
				0,
				1,
				0.411,
				0,
				0.822,
				0,
				1.233,
				0,
				1,
				1.433,
				0,
				1.633,
				0,
				1.833,
				0,
				1,
				2.044,
				0,
				2.256,
				0,
				2.467,
				0,
				1,
				2.7,
				0,
				2.933,
				0,
				3.167,
				0,
				1,
				3.4,
				0,
				3.633,
				0,
				3.867,
				0,
				0,
				4.467,
				0
			]
		},
		{
			"Target": "Parameter",
			"Id": "Param65",
			"Segments": [
				0,
				0,
				1,
				0.411,
				0,
				0.822,
				0.4,
				1.233,
				0.4,
				1,
				1.433,
				0.4,
				1.633,
				-0.5,
				1.833,
				-0.5,
				1,
				2.044,
				-0.5,
				2.256,
				0.2,
				2.467,
				0.2,
				1,
				2.7,
				0.2,
				2.933,
				-0.2,
				3.167,
				-0.2,
				1,
				3.4,
				-0.2,
				3.633,
				0,
				3.867,
				0,
				0,
				4.467,
				0
			]
		},
		{
			"Target": "Parameter",
			"Id": "Param81",
			"Segments": [
				0,
				0,
				1,
				0.278,
				0,
				0.556,
				2,
				0.833,
				2,
				1,
				1.078,
				2,
				1.322,
				-1,
				1.567,
				-1,
				1,
				2.533,
				-1,
				3.5,
				-0.212,
				4.467,
				-0.035
			]
		},
		{
			"Target": "Parameter",
			"Id": "Param66",
			"Segments": [
				0,
				0,
				0,
				4.467,
				0
			]
		}
	]
}