{
	"Version": 3,
	"Meta": {
		"Duration": 7.667,
		"Fps": 30.0,
		"Loop": true,
		"AreBeziersRestricted": true,
		"CurveCount": 161,
		"TotalSegmentCount": 1024,
		"TotalPointCount": 3081,
		"UserDataCount": 0,
		"TotalUserDataSize": 0
	},
	"Curves": [
		{
			"Target": "Model",
			"Id": "Opacity",
			"Segments": [
				0,
				1,
				0,
				7.67,
				1
			]
		},
		{
			"Target": "Model",
			"Id": "EyeBlink",
			"Segments": [
				0,
				1,
				0,
				7.667,
				1
			]
		},
		{
			"Target": "Model",
			"Id": "LipSync",
			"Segments": [
				0,
				0,
				1,
				2.556,
				0,
				5.111,
				0,
				7.667,
				0
			]
		},
		{
			"Target": "Parameter",
			"Id": "Param85",
			"Segments": [
				0,
				-0.609,
				1,
				0.111,
				-0.609,
				0.222,
				-0.609,
				0.333,
				-0.609,
				1,
				0.744,
				-0.609,
				1.156,
				0.62,
				1.567,
				0.62,
				1,
				1.989,
				0.62,
				2.411,
				-0.609,
				2.833,
				-0.609,
				1,
				3.244,
				-0.609,
				3.656,
				0.62,
				4.067,
				0.62,
				1,
				4.478,
				0.62,
				4.889,
				-0.609,
				5.3,
				-0.609,
				1,
				5.711,
				-0.609,
				6.122,
				0.62,
				6.533,
				0.62,
				1,
				6.911,
				0.62,
				7.289,
				-0.364,
				7.667,
				-0.571
			]
		},
		{
			"Target": "Parameter",
			"Id": "Param86",
			"Segments": [
				0,
				1.036,
				1,
				0.344,
				1.036,
				0.689,
				1.036,
				1.033,
				1.036,
				1,
				1.444,
				1.036,
				1.856,
				-1.124,
				2.267,
				-1.124,
				1,
				2.689,
				-1.124,
				3.111,
				1.036,
				3.533,
				1.036,
				1,
				3.944,
				1.036,
				4.356,
				-1.124,
				4.767,
				-1.124,
				1,
				5.178,
				-1.124,
				5.589,
				1.036,
				6,
				1.036,
				1,
				6.411,
				1.036,
				6.822,
				-1.124,
				7.233,
				-1.124,
				1,
				7.378,
				-1.124,
				7.522,
				-0.871,
				7.667,
				-0.538
			]
		},
		{
			"Target": "Parameter",
			"Id": "Param87",
			"Segments": [
				0,
				0.521,
				1,
				0.411,
				0.521,
				0.822,
				-0.686,
				1.233,
				-0.686,
				1,
				1.656,
				-0.686,
				2.078,
				0.521,
				2.5,
				0.521,
				1,
				2.911,
				0.521,
				3.322,
				-0.686,
				3.733,
				-0.686,
				1,
				4.144,
				-0.686,
				4.556,
				0.521,
				4.967,
				0.521,
				1,
				5.378,
				0.521,
				5.789,
				-0.686,
				6.2,
				-0.686,
				1,
				6.622,
				-0.686,
				7.044,
				0.521,
				7.467,
				0.521,
				1,
				7.533,
				0.521,
				7.6,
				0.489,
				7.667,
				0.436
			]
		},
		{
			"Target": "Parameter",
			"Id": "Param88",
			"Segments": [
				0,
				-0.823,
				1,
				0.233,
				-0.823,
				0.467,
				-0.823,
				0.7,
				-0.823,
				1,
				1.111,
				-0.823,
				1.522,
				1.003,
				1.933,
				1.003,
				1,
				2.356,
				1.003,
				2.778,
				-0.823,
				3.2,
				-0.823,
				1,
				3.611,
				-0.823,
				4.022,
				1.003,
				4.433,
				1.003,
				1,
				4.844,
				1.003,
				5.256,
				-0.823,
				5.667,
				-0.823,
				1,
				6.078,
				-0.823,
				6.489,
				1.003,
				6.9,
				1.003,
				1,
				7.156,
				1.003,
				7.411,
				0.334,
				7.667,
				-0.194
			]
		},
		{
			"Target": "Parameter",
			"Id": "Param89",
			"Segments": [
				0,
				-0.445,
				1,
				0.133,
				-0.445,
				0.267,
				-0.445,
				0.4,
				-0.445,
				1,
				0.811,
				-0.445,
				1.222,
				0.55,
				1.633,
				0.55,
				1,
				2.056,
				0.55,
				2.478,
				-0.445,
				2.9,
				-0.445,
				1,
				3.311,
				-0.445,
				3.722,
				0.55,
				4.133,
				0.55,
				1,
				4.544,
				0.55,
				4.956,
				-0.445,
				5.367,
				-0.445,
				1,
				5.778,
				-0.445,
				6.189,
				0.55,
				6.6,
				0.55,
				1,
				6.956,
				0.55,
				7.311,
				-0.156,
				7.667,
				-0.379
			]
		},
		{
			"Target": "Parameter",
			"Id": "Param90",
			"Segments": [
				0,
				0.772,
				1,
				0.367,
				0.772,
				0.733,
				0.772,
				1.1,
				0.772,
				1,
				1.511,
				0.772,
				1.922,
				-0.745,
				2.333,
				-0.745,
				1,
				2.756,
				-0.745,
				3.178,
				0.772,
				3.6,
				0.772,
				1,
				4.011,
				0.772,
				4.422,
				-0.745,
				4.833,
				-0.745,
				1,
				5.244,
				-0.745,
				5.656,
				0.772,
				6.067,
				0.772,
				1,
				6.478,
				0.772,
				6.889,
				-0.745,
				7.3,
				-0.745,
				1,
				7.422,
				-0.745,
				7.544,
				-0.618,
				7.667,
				-0.437
			]
		},
		{
			"Target": "Parameter",
			"Id": "Param91",
			"Segments": [
				0,
				1.677,
				1,
				0.322,
				1.677,
				0.644,
				1.677,
				0.967,
				1.677,
				1,
				1.389,
				1.677,
				1.811,
				-2.076,
				2.233,
				-2.076,
				1,
				2.644,
				-2.076,
				3.056,
				1.677,
				3.467,
				1.677,
				1,
				3.878,
				1.677,
				4.289,
				-2.076,
				4.7,
				-2.076,
				1,
				5.111,
				-2.076,
				5.522,
				1.677,
				5.933,
				1.677,
				1,
				6.356,
				1.677,
				6.778,
				-2.076,
				7.2,
				-2.076,
				1,
				7.356,
				-2.076,
				7.511,
				-1.539,
				7.667,
				-0.871
			]
		},
		{
			"Target": "Parameter",
			"Id": "Param92",
			"Segments": [
				0,
				2.717,
				1,
				0.144,
				2.717,
				0.289,
				2.717,
				0.433,
				2.717,
				1,
				0.844,
				2.717,
				1.256,
				-3.103,
				1.667,
				-3.103,
				1,
				2.089,
				-3.103,
				2.511,
				2.717,
				2.933,
				2.717,
				1,
				3.344,
				2.717,
				3.756,
				-3.103,
				4.167,
				-3.103,
				1,
				4.578,
				-3.103,
				4.989,
				2.717,
				5.4,
				2.717,
				1,
				5.811,
				2.717,
				6.222,
				-3.103,
				6.633,
				-3.103,
				1,
				6.978,
				-3.103,
				7.322,
				0.77,
				7.667,
				2.197
			]
		},
		{
			"Target": "Parameter",
			"Id": "Param93",
			"Segments": [
				0,
				0.233,
				1,
				0.389,
				0.233,
				0.778,
				0.233,
				1.167,
				0.233,
				1,
				1.589,
				0.233,
				2.011,
				-0.346,
				2.433,
				-0.346,
				1,
				2.844,
				-0.346,
				3.256,
				0.233,
				3.667,
				0.233,
				1,
				4.078,
				0.233,
				4.489,
				-0.346,
				4.9,
				-0.346,
				1,
				5.311,
				-0.346,
				5.722,
				0.233,
				6.133,
				0.233,
				1,
				6.556,
				0.233,
				6.978,
				-0.346,
				7.4,
				-0.346,
				1,
				7.489,
				-0.346,
				7.578,
				-0.319,
				7.667,
				-0.277
			]
		},
		{
			"Target": "Parameter",
			"Id": "Param94",
			"Segments": [
				0,
				0.511,
				1,
				0.211,
				0.511,
				0.422,
				0.511,
				0.633,
				0.511,
				1,
				1.044,
				0.511,
				1.456,
				-0.489,
				1.867,
				-0.489,
				1,
				2.289,
				-0.489,
				2.711,
				0.511,
				3.133,
				0.511,
				1,
				3.544,
				0.511,
				3.956,
				-0.489,
				4.367,
				-0.489,
				1,
				4.778,
				-0.489,
				5.189,
				0.511,
				5.6,
				0.511,
				1,
				6.011,
				0.511,
				6.422,
				-0.489,
				6.833,
				-0.489,
				1,
				7.111,
				-0.489,
				7.389,
				-0.056,
				7.667,
				0.24
			]
		},
		{
			"Target": "Parameter",
			"Id": "Param95",
			"Segments": [
				0,
				-0.511,
				1,
				0.411,
				-0.511,
				0.822,
				0.472,
				1.233,
				0.472,
				1,
				1.656,
				0.472,
				2.078,
				-0.511,
				2.5,
				-0.511,
				1,
				2.911,
				-0.511,
				3.322,
				0.472,
				3.733,
				0.472,
				1,
				4.144,
				0.472,
				4.556,
				-0.511,
				4.967,
				-0.511,
				1,
				5.378,
				-0.511,
				5.789,
				0.472,
				6.2,
				0.472,
				1,
				6.622,
				0.472,
				7.044,
				-0.511,
				7.467,
				-0.511,
				1,
				7.533,
				-0.511,
				7.6,
				-0.485,
				7.667,
				-0.442
			]
		},
		{
			"Target": "Parameter",
			"Id": "Param96",
			"Segments": [
				0,
				0.736,
				1,
				0.233,
				0.736,
				0.467,
				0.736,
				0.7,
				0.736,
				1,
				1.111,
				0.736,
				1.522,
				-0.869,
				1.933,
				-0.869,
				1,
				2.356,
				-0.869,
				2.778,
				0.736,
				3.2,
				0.736,
				1,
				3.611,
				0.736,
				4.022,
				-0.869,
				4.433,
				-0.869,
				1,
				4.844,
				-0.869,
				5.256,
				0.736,
				5.667,
				0.736,
				1,
				6.078,
				0.736,
				6.489,
				-0.869,
				6.9,
				-0.869,
				1,
				7.156,
				-0.869,
				7.411,
				-0.281,
				7.667,
				0.183
			]
		},
		{
			"Target": "Parameter",
			"Id": "Param100",
			"Segments": [
				0,
				0,
				0,
				6.433,
				-51.18,
				0,
				7.667,
				-51.18
			]
		},
		{
			"Target": "Parameter",
			"Id": "Param101",
			"Segments": [
				0,
				0,
				1,
				1.244,
				0,
				2.489,
				-30,
				3.733,
				-30,
				1,
				4.633,
				-30,
				5.533,
				0,
				6.433,
				0,
				0,
				7.667,
				0
			]
		},
		{
			"Target": "Parameter",
			"Id": "Param102",
			"Segments": [
				0,
				-15,
				0,
				6.433,
				-58.08,
				0,
				7.667,
				-58.08
			]
		},
		{
			"Target": "Parameter",
			"Id": "Param103",
			"Segments": [
				0,
				0,
				1,
				0.733,
				0,
				1.467,
				-30,
				2.2,
				-30,
				1,
				3.611,
				-30,
				5.022,
				-1,
				6.433,
				-1,
				0,
				7.667,
				-1
			]
		},
		{
			"Target": "Parameter",
			"Id": "ParamBrowRX",
			"Segments": [
				0,
				0,
				0,
				7.667,
				0
			]
		},
		{
			"Target": "Parameter",
			"Id": "ParamBrowRY",
			"Segments": [
				0,
				0.2,
				1,
				0.333,
				0.2,
				0.667,
				0.2,
				1,
				0.2,
				1,
				1.267,
				0.2,
				1.533,
				0.1,
				1.8,
				0.1,
				0,
				7.667,
				0.1
			]
		},
		{
			"Target": "Parameter",
			"Id": "ParamBrowRAngle",
			"Segments": [
				0,
				0.1,
				1,
				0.6,
				0.1,
				1.2,
				0,
				1.8,
				0,
				1,
				2.278,
				0,
				2.756,
				0.4,
				3.233,
				0.4,
				0,
				7.667,
				0.4
			]
		},
		{
			"Target": "Parameter",
			"Id": "ParamBrowRForm",
			"Segments": [
				0,
				-0.2,
				0,
				7.667,
				-0.2
			]
		},
		{
			"Target": "Parameter",
			"Id": "ParamMouthForm",
			"Segments": [
				0,
				-3.5,
				1,
				0.178,
				-3.5,
				0.356,
				-4,
				0.533,
				-4,
				1,
				0.778,
				-4,
				1.022,
				-3,
				1.267,
				-3,
				1,
				1.467,
				-3,
				1.667,
				-4,
				1.867,
				-4,
				1,
				2.089,
				-4,
				2.311,
				-4,
				2.533,
				-4,
				1,
				2.8,
				-4,
				3.067,
				-3.5,
				3.333,
				-3.5,
				0,
				7.667,
				-3.5
			]
		},
		{
			"Target": "Parameter",
			"Id": "ParamMouthOpenY",
			"Segments": [
				0,
				1,
				1,
				0.033,
				1,
				0.067,
				0.787,
				0.1,
				0.497,
				1,
				0.122,
				0.303,
				0.144,
				0.254,
				0.167,
				0.254,
				1,
				0.189,
				0.254,
				0.211,
				0.486,
				0.233,
				0.486,
				1,
				0.322,
				0.486,
				0.411,
				0.166,
				0.5,
				0.166,
				1,
				0.522,
				0.166,
				0.544,
				0.966,
				0.567,
				0.966,
				1,
				0.656,
				0.966,
				0.744,
				0.599,
				0.833,
				0.599,
				1,
				0.856,
				0.599,
				0.878,
				0.99,
				0.9,
				0.99,
				1,
				0.944,
				0.99,
				0.989,
				0.342,
				1.033,
				0.342,
				1,
				1.056,
				0.342,
				1.078,
				0.982,
				1.1,
				0.982,
				1,
				1.122,
				0.982,
				1.144,
				0.63,
				1.167,
				0.63,
				1,
				1.189,
				0.63,
				1.211,
				0.935,
				1.233,
				0.935,
				1,
				1.256,
				0.935,
				1.278,
				0.785,
				1.3,
				0.785,
				1,
				1.322,
				0.785,
				1.344,
				0.913,
				1.367,
				0.913,
				1,
				1.411,
				0.913,
				1.456,
				0.542,
				1.5,
				0.542,
				1,
				1.522,
				0.542,
				1.544,
				0.694,
				1.567,
				0.694,
				1,
				1.656,
				0.694,
				1.744,
				0.163,
				1.833,
				0.163,
				1,
				2.056,
				0.163,
				2.278,
				0.163,
				2.5,
				0.163,
				1,
				2.522,
				0.163,
				2.544,
				0.795,
				2.567,
				0.795,
				1,
				2.611,
				0.795,
				2.656,
				0.36,
				2.7,
				0.36,
				1,
				2.744,
				0.36,
				2.789,
				0.893,
				2.833,
				0.893,
				1,
				2.856,
				0.893,
				2.878,
				0.448,
				2.9,
				0.448,
				1,
				2.922,
				0.448,
				2.944,
				0.549,
				2.967,
				0.549,
				1,
				3.067,
				0.549,
				3.167,
				0.404,
				3.267,
				0.404,
				1,
				3.4,
				0.404,
				3.533,
				0.404,
				3.667,
				0.404,
				1,
				3.7,
				0.404,
				3.733,
				0.655,
				3.767,
				0.655,
				1,
				3.789,
				0.655,
				3.811,
				0.507,
				3.833,
				0.507,
				1,
				3.856,
				0.507,
				3.878,
				0.634,
				3.9,
				0.634,
				1,
				3.944,
				0.634,
				3.989,
				0.479,
				4.033,
				0.479,
				1,
				4.056,
				0.479,
				4.078,
				0.609,
				4.1,
				0.609,
				1,
				4.189,
				0.609,
				4.278,
				0.163,
				4.367,
				0.163,
				1,
				4.5,
				0.163,
				4.633,
				1,
				4.767,
				1,
				0,
				7.667,
				1
			]
		},
		{
			"Target": "Parameter",
			"Id": "Param3",
			"Segments": [
				0,
				30,
				0,
				7.667,
				30
			]
		},
		{
			"Target": "Parameter",
			"Id": "Param4",
			"Segments": [
				0,
				-30,
				0,
				7.667,
				-30
			]
		},
		{
			"Target": "Parameter",
			"Id": "Param5",
			"Segments": [
				0,
				0,
				0,
				7.667,
				0
			]
		},
		{
			"Target": "Parameter",
			"Id": "Param119",
			"Segments": [
				0,
				-30,
				0,
				7.667,
				-30
			]
		},
		{
			"Target": "Parameter",
			"Id": "ParamEyeLOpen",
			"Segments": [
				0,
				1,
				0,
				7.667,
				1
			]
		},
		{
			"Target": "Parameter",
			"Id": "ParamEyeLSmile",
			"Segments": [
				0,
				0,
				0,
				7.667,
				0
			]
		},
		{
			"Target": "Parameter",
			"Id": "Param121",
			"Segments": [
				0,
				0,
				0,
				2.1,
				0,
				1,
				2.478,
				0,
				2.856,
				13,
				3.233,
				13,
				1,
				3.733,
				13,
				4.233,
				0,
				4.733,
				0,
				0,
				7.667,
				0
			]
		},
		{
			"Target": "Parameter",
			"Id": "Param115",
			"Segments": [
				0,
				30,
				0,
				7.667,
				30
			]
		},
		{
			"Target": "Parameter",
			"Id": "Param116",
			"Segments": [
				0,
				30,
				0,
				7.667,
				30
			]
		},
		{
			"Target": "Parameter",
			"Id": "Param117",
			"Segments": [
				0,
				30,
				0,
				7.667,
				30
			]
		},
		{
			"Target": "Parameter",
			"Id": "Param118",
			"Segments": [
				0,
				-30,
				0,
				7.667,
				-30
			]
		},
		{
			"Target": "Parameter",
			"Id": "ParamEyeROpen",
			"Segments": [
				0,
				0.8,
				1,
				0.211,
				0.8,
				0.422,
				0.8,
				0.633,
				0.8,
				1,
				0.744,
				0.8,
				0.856,
				0,
				0.967,
				0,
				1,
				1.089,
				0,
				1.211,
				0,
				1.333,
				0,
				1,
				1.444,
				0,
				1.556,
				0.8,
				1.667,
				0.8,
				1,
				2.144,
				0.8,
				2.622,
				0.7,
				3.1,
				0.7,
				1,
				3.4,
				0.7,
				3.7,
				0.8,
				4,
				0.8,
				1,
				4.111,
				0.8,
				4.222,
				0,
				4.333,
				0,
				1,
				5.444,
				0,
				6.556,
				0.8,
				7.667,
				0.8
			]
		},
		{
			"Target": "Parameter",
			"Id": "ParamEyeRSmile",
			"Segments": [
				0,
				1,
				1,
				0.322,
				1,
				0.644,
				0,
				0.967,
				0,
				1,
				1.089,
				0,
				1.211,
				0,
				1.333,
				0,
				0,
				7.667,
				0
			]
		},
		{
			"Target": "Parameter",
			"Id": "ParamEyeBallX",
			"Segments": [
				0,
				-0.1,
				1,
				0.322,
				-0.1,
				0.644,
				0,
				0.967,
				0,
				1,
				1.089,
				0,
				1.211,
				-0.5,
				1.333,
				-0.5,
				1,
				2.222,
				-0.5,
				3.111,
				0,
				4,
				0,
				1,
				5.222,
				0,
				6.444,
				-0.1,
				7.667,
				-0.1
			]
		},
		{
			"Target": "Parameter",
			"Id": "ParamEyeBallY",
			"Segments": [
				0,
				0,
				1,
				0.322,
				0,
				0.644,
				0,
				0.967,
				0,
				1,
				1.089,
				0,
				1.211,
				0.4,
				1.333,
				0.4,
				1,
				2.222,
				0.4,
				3.111,
				0,
				4,
				0,
				1,
				5.222,
				0,
				6.444,
				0.5,
				7.667,
				0.5
			]
		},
		{
			"Target": "Parameter",
			"Id": "Param",
			"Segments": [
				0,
				0,
				1,
				1.333,
				0,
				2.667,
				0,
				4,
				0,
				0,
				7.667,
				0
			]
		},
		{
			"Target": "Parameter",
			"Id": "Param2",
			"Segments": [
				0,
				0,
				1,
				1.333,
				0,
				2.667,
				0,
				4,
				0,
				1,
				5.222,
				0,
				6.444,
				0.3,
				7.667,
				0.3
			]
		},
		{
			"Target": "Parameter",
			"Id": "Param97",
			"Segments": [
				0,
				-0.4,
				1,
				1.333,
				-0.4,
				2.667,
				0,
				4,
				0,
				1,
				5.222,
				0,
				6.444,
				-0.1,
				7.667,
				-0.1
			]
		},
		{
			"Target": "Parameter",
			"Id": "ParamHairFront",
			"Segments": [
				0,
				0,
				1,
				0.289,
				0,
				0.578,
				-1,
				0.867,
				-1,
				1,
				1,
				-1,
				1.133,
				0.4,
				1.267,
				0.4,
				1,
				1.389,
				0.4,
				1.511,
				-0.4,
				1.633,
				-0.4,
				1,
				1.767,
				-0.4,
				1.9,
				0.4,
				2.033,
				0.4,
				1,
				2.3,
				0.4,
				2.567,
				-0.818,
				2.833,
				-0.818,
				1,
				3.2,
				-0.818,
				3.567,
				0.832,
				3.933,
				0.832,
				1,
				4.178,
				0.832,
				4.422,
				-1,
				4.667,
				-1,
				1,
				5,
				-1,
				5.333,
				0.832,
				5.667,
				0.832,
				1,
				5.922,
				0.832,
				6.178,
				-1,
				6.433,
				-1,
				1,
				6.778,
				-1,
				7.122,
				-0.818,
				7.467,
				-0.818,
				0,
				7.667,
				-0.818
			]
		},
		{
			"Target": "Parameter",
			"Id": "ParamHairSide",
			"Segments": [
				0,
				0,
				1,
				0.189,
				0,
				0.378,
				0.5,
				0.567,
				0.5,
				1,
				0.689,
				0.5,
				0.811,
				-0.5,
				0.933,
				-0.5,
				1,
				1.089,
				-0.5,
				1.244,
				0.4,
				1.4,
				0.4,
				1,
				1.556,
				0.4,
				1.711,
				-0.3,
				1.867,
				-0.3,
				1,
				2,
				-0.3,
				2.133,
				0.6,
				2.267,
				0.6,
				1,
				2.533,
				0.6,
				2.8,
				-0.818,
				3.067,
				-0.818,
				1,
				3.467,
				-0.818,
				3.867,
				0.832,
				4.267,
				0.832,
				1,
				4.689,
				0.832,
				5.111,
				-0.818,
				5.533,
				-0.818,
				1,
				5.933,
				-0.818,
				6.333,
				0.832,
				6.733,
				0.832,
				1,
				7.044,
				0.832,
				7.356,
				-0.018,
				7.667,
				-0.498
			]
		},
		{
			"Target": "Parameter",
			"Id": "ParamHairBack",
			"Segments": [
				0,
				0,
				1,
				0.356,
				0,
				0.711,
				0.818,
				1.067,
				0.818,
				1,
				1.467,
				0.818,
				1.867,
				-0.832,
				2.267,
				-0.832,
				1,
				2.7,
				-0.832,
				3.133,
				0.818,
				3.567,
				0.818,
				1,
				3.967,
				0.818,
				4.367,
				-0.832,
				4.767,
				-0.832,
				1,
				5.189,
				-0.832,
				5.611,
				0.818,
				6.033,
				0.818,
				1,
				6.433,
				0.818,
				6.833,
				-0.832,
				7.233,
				-0.832,
				0,
				7.667,
				-0.832
			]
		},
		{
			"Target": "Parameter",
			"Id": "Param14",
			"Segments": [
				0,
				0,
				1,
				0.256,
				0,
				0.511,
				-0.41,
				0.767,
				-0.41,
				1,
				0.9,
				-0.41,
				1.033,
				0.4,
				1.167,
				0.4,
				1,
				1.289,
				0.4,
				1.411,
				-0.4,
				1.533,
				-0.4,
				1,
				1.667,
				-0.4,
				1.8,
				0.4,
				1.933,
				0.4,
				1,
				2.2,
				0.4,
				2.467,
				-0.396,
				2.733,
				-0.396,
				1,
				3.1,
				-0.396,
				3.467,
				0.418,
				3.833,
				0.418,
				1,
				3.978,
				0.418,
				4.122,
				-0.578,
				4.267,
				-0.578,
				1,
				4.6,
				-0.578,
				4.933,
				0.418,
				5.267,
				0.418,
				1,
				5.522,
				0.418,
				5.778,
				-0.578,
				6.033,
				-0.578,
				1,
				6.367,
				-0.578,
				6.7,
				0,
				7.033,
				0,
				0,
				7.667,
				0
			]
		},
		{
			"Target": "Parameter",
			"Id": "Param15",
			"Segments": [
				0,
				0,
				1,
				0.356,
				0,
				0.711,
				-0.41,
				1.067,
				-0.41,
				1,
				1.2,
				-0.41,
				1.333,
				0.4,
				1.467,
				0.4,
				1,
				1.589,
				0.4,
				1.711,
				-0.4,
				1.833,
				-0.4,
				1,
				1.967,
				-0.4,
				2.1,
				0.4,
				2.233,
				0.4,
				1,
				2.5,
				0.4,
				2.767,
				-0.396,
				3.033,
				-0.396,
				1,
				3.4,
				-0.396,
				3.767,
				0.418,
				4.133,
				0.418,
				1,
				4.278,
				0.418,
				4.422,
				-0.578,
				4.567,
				-0.578,
				1,
				4.9,
				-0.578,
				5.233,
				0.418,
				5.567,
				0.418,
				1,
				5.822,
				0.418,
				6.078,
				-0.578,
				6.333,
				-0.578,
				1,
				6.678,
				-0.578,
				7.022,
				0.026,
				7.367,
				0.026,
				0,
				7.667,
				0.026
			]
		},
		{
			"Target": "Parameter",
			"Id": "Param6",
			"Segments": [
				0,
				0,
				1,
				0.333,
				0,
				0.667,
				-0.667,
				1,
				-0.667,
				1,
				1.133,
				-0.667,
				1.267,
				0.606,
				1.4,
				0.606,
				1,
				1.522,
				0.606,
				1.644,
				-0.58,
				1.767,
				-0.58,
				1,
				1.9,
				-0.58,
				2.033,
				0.404,
				2.167,
				0.606,
				1,
				2.411,
				0.975,
				2.656,
				1,
				2.9,
				1,
				1,
				3.167,
				1,
				3.433,
				1.019,
				3.7,
				0.916,
				1,
				3.944,
				0.822,
				4.189,
				-0.989,
				4.433,
				-0.989,
				1,
				4.789,
				-0.989,
				5.144,
				0.916,
				5.5,
				0.916,
				1,
				5.756,
				0.916,
				6.011,
				-0.578,
				6.267,
				-0.578,
				1,
				6.6,
				-0.578,
				6.933,
				0,
				7.267,
				0,
				0,
				7.667,
				0
			]
		},
		{
			"Target": "Parameter",
			"Id": "Param7",
			"Segments": [
				0,
				0,
				1,
				0.433,
				0,
				0.867,
				-0.371,
				1.3,
				-0.371,
				1,
				1.433,
				-0.371,
				1.567,
				0.262,
				1.7,
				0.262,
				1,
				1.822,
				0.262,
				1.944,
				-0.361,
				2.067,
				-0.361,
				1,
				2.2,
				-0.361,
				2.333,
				0.262,
				2.467,
				0.262,
				1,
				2.711,
				0.262,
				2.956,
				-0.5,
				3.2,
				-0.5,
				1,
				3.467,
				-0.5,
				3.733,
				0.6,
				4,
				0.6,
				1,
				4.244,
				0.6,
				4.489,
				-0.578,
				4.733,
				-0.578,
				1,
				5.089,
				-0.578,
				5.444,
				0.64,
				5.8,
				0.64,
				1,
				6.056,
				0.64,
				6.311,
				-0.578,
				6.567,
				-0.578,
				1,
				6.911,
				-0.578,
				7.256,
				0.026,
				7.6,
				0.026,
				0,
				7.667,
				0.026
			]
		},
		{
			"Target": "Parameter",
			"Id": "Param8",
			"Segments": [
				0,
				0,
				1,
				0.244,
				0,
				0.489,
				-0.4,
				0.733,
				-0.4,
				1,
				0.933,
				-0.4,
				1.133,
				0.332,
				1.333,
				0.332,
				1,
				1.489,
				0.332,
				1.644,
				-0.39,
				1.8,
				-0.39,
				1,
				1.944,
				-0.39,
				2.089,
				0.332,
				2.233,
				0.332,
				1,
				2.556,
				0.332,
				2.878,
				-0.216,
				3.2,
				-0.216,
				1,
				3.467,
				-0.216,
				3.733,
				0.738,
				4,
				0.738,
				1,
				4.244,
				0.738,
				4.489,
				-0.989,
				4.733,
				-0.989,
				1,
				5.089,
				-0.989,
				5.444,
				0.779,
				5.8,
				0.779,
				1,
				6.056,
				0.779,
				6.311,
				-0.578,
				6.567,
				-0.578,
				1,
				6.9,
				-0.578,
				7.233,
				0,
				7.567,
				0,
				0,
				7.667,
				0
			]
		},
		{
			"Target": "Parameter",
			"Id": "Param9",
			"Segments": [
				0,
				0,
				1,
				0.344,
				0,
				0.689,
				-0.4,
				1.033,
				-0.4,
				1,
				1.233,
				-0.4,
				1.433,
				0.332,
				1.633,
				0.332,
				1,
				1.789,
				0.332,
				1.944,
				-0.39,
				2.1,
				-0.39,
				1,
				2.244,
				-0.39,
				2.389,
				0.332,
				2.533,
				0.332,
				1,
				2.856,
				0.332,
				3.178,
				-0.216,
				3.5,
				-0.216,
				1,
				3.767,
				-0.216,
				4.033,
				0.738,
				4.3,
				0.738,
				1,
				4.544,
				0.738,
				4.789,
				-0.989,
				5.033,
				-0.989,
				1,
				5.389,
				-0.989,
				5.744,
				0.779,
				6.1,
				0.779,
				1,
				6.356,
				0.779,
				6.611,
				-0.578,
				6.867,
				-0.578,
				1,
				7.133,
				-0.578,
				7.4,
				-0.216,
				7.667,
				-0.052
			]
		},
		{
			"Target": "Parameter",
			"Id": "Param16",
			"Segments": [
				0,
				0,
				1,
				0.189,
				0,
				0.378,
				-0.4,
				0.567,
				-0.4,
				1,
				0.767,
				-0.4,
				0.967,
				0.332,
				1.167,
				0.332,
				1,
				1.322,
				0.332,
				1.478,
				-0.39,
				1.633,
				-0.39,
				1,
				1.778,
				-0.39,
				1.922,
				0.332,
				2.067,
				0.332,
				1,
				2.389,
				0.332,
				2.711,
				-0.216,
				3.033,
				-0.216,
				1,
				3.3,
				-0.216,
				3.567,
				0.55,
				3.833,
				0.55,
				1,
				4.078,
				0.55,
				4.322,
				-0.563,
				4.567,
				-0.563,
				1,
				4.922,
				-0.563,
				5.278,
				0.591,
				5.633,
				0.591,
				1,
				5.878,
				0.591,
				6.122,
				-0.282,
				6.367,
				-0.282,
				1,
				6.711,
				-0.282,
				7.056,
				0,
				7.4,
				0,
				0,
				7.667,
				0
			]
		},
		{
			"Target": "Parameter",
			"Id": "Param17",
			"Segments": [
				0,
				0,
				1,
				0.289,
				0,
				0.578,
				-0.4,
				0.867,
				-0.4,
				1,
				1.067,
				-0.4,
				1.267,
				0.332,
				1.467,
				0.332,
				1,
				1.622,
				0.332,
				1.778,
				-0.39,
				1.933,
				-0.39,
				1,
				2.078,
				-0.39,
				2.222,
				0.332,
				2.367,
				0.332,
				1,
				2.689,
				0.332,
				3.011,
				-0.216,
				3.333,
				-0.216,
				1,
				3.6,
				-0.216,
				3.867,
				0.55,
				4.133,
				0.55,
				1,
				4.378,
				0.55,
				4.622,
				-0.563,
				4.867,
				-0.563,
				1,
				5.222,
				-0.563,
				5.578,
				0.591,
				5.933,
				0.591,
				1,
				6.178,
				0.591,
				6.422,
				-0.282,
				6.667,
				-0.282,
				1,
				7,
				-0.282,
				7.333,
				-0.011,
				7.667,
				0.023
			]
		},
		{
			"Target": "Parameter",
			"Id": "Param24",
			"Segments": [
				0,
				0,
				1,
				0.333,
				0,
				0.667,
				-0.4,
				1,
				-0.4,
				1,
				1.2,
				-0.4,
				1.4,
				0.332,
				1.6,
				0.332,
				1,
				1.756,
				0.332,
				1.911,
				-0.39,
				2.067,
				-0.39,
				1,
				2.211,
				-0.39,
				2.356,
				0.332,
				2.5,
				0.332,
				1,
				2.822,
				0.332,
				3.144,
				-0.216,
				3.467,
				-0.216,
				1,
				3.733,
				-0.216,
				4,
				0.55,
				4.267,
				0.55,
				1,
				4.511,
				0.55,
				4.756,
				-0.563,
				5,
				-0.563,
				1,
				5.356,
				-0.563,
				5.711,
				0.591,
				6.067,
				0.591,
				1,
				6.311,
				0.591,
				6.556,
				-0.282,
				6.8,
				-0.282,
				1,
				7.089,
				-0.282,
				7.378,
				-0.084,
				7.667,
				-0.02
			]
		},
		{
			"Target": "Parameter",
			"Id": "Param25",
			"Segments": [
				0,
				0,
				1,
				0.433,
				0,
				0.867,
				-0.4,
				1.3,
				-0.4,
				1,
				1.5,
				-0.4,
				1.7,
				0.332,
				1.9,
				0.332,
				1,
				2.056,
				0.332,
				2.211,
				-0.39,
				2.367,
				-0.39,
				1,
				2.511,
				-0.39,
				2.656,
				0.332,
				2.8,
				0.332,
				1,
				3.122,
				0.332,
				3.444,
				-0.216,
				3.767,
				-0.216,
				1,
				4.033,
				-0.216,
				4.3,
				0.55,
				4.567,
				0.55,
				1,
				4.811,
				0.55,
				5.056,
				-0.563,
				5.3,
				-0.563,
				1,
				5.656,
				-0.563,
				6.011,
				0.591,
				6.367,
				0.591,
				1,
				6.611,
				0.591,
				6.856,
				-0.282,
				7.1,
				-0.282,
				1,
				7.289,
				-0.282,
				7.478,
				-0.195,
				7.667,
				-0.113
			]
		},
		{
			"Target": "Parameter",
			"Id": "Param20",
			"Segments": [
				0,
				0.23,
				1,
				0.078,
				0.23,
				0.156,
				0.342,
				0.233,
				0.342,
				1,
				0.633,
				0.342,
				1.033,
				-0.311,
				1.433,
				-0.311,
				1,
				1.867,
				-0.311,
				2.3,
				0.342,
				2.733,
				0.342,
				1,
				3.1,
				0.342,
				3.467,
				-0.311,
				3.833,
				-0.311,
				1,
				4.256,
				-0.311,
				4.678,
				0.342,
				5.1,
				0.342,
				1,
				5.5,
				0.342,
				5.9,
				-0.311,
				6.3,
				-0.311,
				1,
				6.733,
				-0.311,
				7.167,
				0.342,
				7.6,
				0.342,
				1,
				7.622,
				0.342,
				7.644,
				0.34,
				7.667,
				0.336
			]
		},
		{
			"Target": "Parameter",
			"Id": "Param21",
			"Segments": [
				0,
				0.32,
				1,
				0.3,
				0.32,
				0.6,
				-0.4,
				0.9,
				-0.4,
				1,
				1.322,
				-0.4,
				1.744,
				0.513,
				2.167,
				0.513,
				1,
				2.544,
				0.513,
				2.922,
				-0.4,
				3.3,
				-0.4,
				1,
				3.722,
				-0.4,
				4.144,
				0.513,
				4.567,
				0.513,
				1,
				4.967,
				0.513,
				5.367,
				-0.4,
				5.767,
				-0.4,
				1,
				6.189,
				-0.4,
				6.611,
				0.513,
				7.033,
				0.513,
				1,
				7.244,
				0.513,
				7.456,
				0.272,
				7.667,
				0.038
			]
		},
		{
			"Target": "Parameter",
			"Id": "Param31",
			"Segments": [
				0,
				0.244,
				1,
				0.378,
				0.244,
				0.756,
				-0.265,
				1.133,
				-0.265,
				1,
				1.567,
				-0.265,
				2,
				0.252,
				2.433,
				0.252,
				1,
				2.8,
				0.252,
				3.167,
				-0.265,
				3.533,
				-0.265,
				1,
				3.956,
				-0.265,
				4.378,
				0.252,
				4.8,
				0.252,
				1,
				5.2,
				0.252,
				5.6,
				-0.265,
				6,
				-0.265,
				1,
				6.433,
				-0.265,
				6.867,
				0.252,
				7.3,
				0.252,
				1,
				7.422,
				0.252,
				7.544,
				0.204,
				7.667,
				0.137
			]
		},
		{
			"Target": "Parameter",
			"Id": "Param32",
			"Segments": [
				0,
				0.047,
				1,
				0.2,
				0.047,
				0.4,
				-0.354,
				0.6,
				-0.354,
				1,
				1.022,
				-0.354,
				1.444,
				0.423,
				1.867,
				0.423,
				1,
				2.244,
				0.423,
				2.622,
				-0.354,
				3,
				-0.354,
				1,
				3.422,
				-0.354,
				3.844,
				0.423,
				4.267,
				0.423,
				1,
				4.667,
				0.423,
				5.067,
				-0.354,
				5.467,
				-0.354,
				1,
				5.889,
				-0.354,
				6.311,
				0.423,
				6.733,
				0.423,
				1,
				7.044,
				0.423,
				7.356,
				-0.022,
				7.667,
				-0.238
			]
		},
		{
			"Target": "Parameter",
			"Id": "Param26",
			"Segments": [
				0,
				-0.1,
				1,
				0.178,
				-0.1,
				0.356,
				-0.534,
				0.533,
				-0.534,
				1,
				0.967,
				-0.534,
				1.4,
				0.507,
				1.833,
				0.507,
				1,
				2.2,
				0.507,
				2.567,
				-0.534,
				2.933,
				-0.534,
				1,
				3.356,
				-0.534,
				3.778,
				0.507,
				4.2,
				0.507,
				1,
				4.6,
				0.507,
				5,
				-0.534,
				5.4,
				-0.534,
				1,
				5.833,
				-0.534,
				6.267,
				0.507,
				6.7,
				0.507,
				1,
				7.022,
				0.507,
				7.344,
				-0.169,
				7.667,
				-0.431
			]
		},
		{
			"Target": "Parameter",
			"Id": "Param27",
			"Segments": [
				0,
				-0.623,
				1,
				0.422,
				-0.623,
				0.844,
				0.678,
				1.267,
				0.678,
				1,
				1.678,
				0.678,
				2.089,
				-0.623,
				2.5,
				-0.623,
				1,
				2.889,
				-0.623,
				3.278,
				0.678,
				3.667,
				0.678,
				1,
				4.067,
				0.678,
				4.467,
				-0.623,
				4.867,
				-0.623,
				1,
				5.289,
				-0.623,
				5.711,
				0.678,
				6.133,
				0.678,
				1,
				6.544,
				0.678,
				6.956,
				-0.623,
				7.367,
				-0.623,
				1,
				7.467,
				-0.623,
				7.567,
				-0.55,
				7.667,
				-0.439
			]
		},
		{
			"Target": "Parameter",
			"Id": "Param40",
			"Segments": [
				0,
				0.464,
				1,
				0.122,
				0.464,
				0.244,
				0.832,
				0.367,
				0.832,
				1,
				0.8,
				0.832,
				1.233,
				-0.818,
				1.667,
				-0.818,
				1,
				2.033,
				-0.818,
				2.4,
				0.832,
				2.767,
				0.832,
				1,
				3.189,
				0.832,
				3.611,
				-0.818,
				4.033,
				-0.818,
				1,
				4.433,
				-0.818,
				4.833,
				0.832,
				5.233,
				0.832,
				1,
				5.667,
				0.832,
				6.1,
				-0.818,
				6.533,
				-0.818,
				1,
				6.911,
				-0.818,
				7.289,
				0.654,
				7.667,
				0.818
			]
		},
		{
			"Target": "Parameter",
			"Id": "Param22",
			"Segments": [
				0,
				0.58,
				1,
				0.122,
				0.58,
				0.244,
				1,
				0.367,
				1,
				1,
				0.789,
				1,
				1.211,
				-0.975,
				1.633,
				-0.975,
				1,
				2.011,
				-0.975,
				2.389,
				1,
				2.767,
				1,
				1,
				3.178,
				1,
				3.589,
				-0.975,
				4,
				-0.975,
				1,
				4.411,
				-0.975,
				4.822,
				1,
				5.233,
				1,
				1,
				5.656,
				1,
				6.078,
				-0.975,
				6.5,
				-0.975,
				1,
				6.889,
				-0.975,
				7.278,
				0.792,
				7.667,
				0.983
			]
		},
		{
			"Target": "Parameter",
			"Id": "Param23",
			"Segments": [
				0,
				0.9,
				1,
				0.356,
				0.9,
				0.711,
				-1,
				1.067,
				-1,
				1,
				1.489,
				-1,
				1.911,
				1,
				2.333,
				1,
				1,
				2.711,
				1,
				3.089,
				-1,
				3.467,
				-1,
				1,
				3.878,
				-1,
				4.289,
				1,
				4.7,
				1,
				1,
				5.111,
				1,
				5.522,
				-1,
				5.933,
				-1,
				1,
				6.356,
				-1,
				6.778,
				1,
				7.2,
				1,
				1,
				7.356,
				1,
				7.511,
				0.714,
				7.667,
				0.358
			]
		},
		{
			"Target": "Parameter",
			"Id": "Param30",
			"Segments": [
				0,
				-0.814,
				1,
				0.389,
				-0.814,
				0.778,
				0.832,
				1.167,
				0.832,
				1,
				1.6,
				0.832,
				2.033,
				-0.818,
				2.467,
				-0.818,
				1,
				2.833,
				-0.818,
				3.2,
				0.832,
				3.567,
				0.832,
				1,
				3.989,
				0.832,
				4.411,
				-0.818,
				4.833,
				-0.818,
				1,
				5.233,
				-0.818,
				5.633,
				0.832,
				6.033,
				0.832,
				1,
				6.467,
				0.832,
				6.9,
				-0.818,
				7.333,
				-0.818,
				1,
				7.444,
				-0.818,
				7.556,
				-0.691,
				7.667,
				-0.507
			]
		},
		{
			"Target": "Parameter",
			"Id": "Param28",
			"Segments": [
				0,
				-0.887,
				1,
				0.4,
				-0.887,
				0.8,
				0.908,
				1.2,
				0.908,
				1,
				1.622,
				0.908,
				2.044,
				-0.891,
				2.467,
				-0.891,
				1,
				2.844,
				-0.891,
				3.222,
				0.908,
				3.6,
				0.908,
				1,
				4.011,
				0.908,
				4.422,
				-0.891,
				4.833,
				-0.891,
				1,
				5.244,
				-0.891,
				5.656,
				0.908,
				6.067,
				0.908,
				1,
				6.489,
				0.908,
				6.911,
				-0.891,
				7.333,
				-0.891,
				1,
				7.444,
				-0.891,
				7.556,
				-0.759,
				7.667,
				-0.567
			]
		},
		{
			"Target": "Parameter",
			"Id": "Param29",
			"Segments": [
				0,
				-0.161,
				1,
				0.222,
				-0.161,
				0.444,
				0.997,
				0.667,
				0.997,
				1,
				1.078,
				0.997,
				1.489,
				-0.989,
				1.9,
				-0.989,
				1,
				2.289,
				-0.989,
				2.678,
				0.997,
				3.067,
				0.997,
				1,
				3.478,
				0.997,
				3.889,
				-0.989,
				4.3,
				-0.989,
				1,
				4.711,
				-0.989,
				5.122,
				0.997,
				5.533,
				0.997,
				1,
				5.944,
				0.997,
				6.356,
				-0.989,
				6.767,
				-0.989,
				1,
				7.067,
				-0.989,
				7.367,
				0.014,
				7.667,
				0.594
			]
		},
		{
			"Target": "Parameter",
			"Id": "Param39",
			"Segments": [
				0,
				-0.573,
				1,
				0.1,
				-0.573,
				0.2,
				-0.818,
				0.3,
				-0.818,
				1,
				0.7,
				-0.818,
				1.1,
				0.832,
				1.5,
				0.832,
				1,
				1.9,
				0.832,
				2.3,
				-0.818,
				2.7,
				-0.818,
				1,
				3.1,
				-0.818,
				3.5,
				0.832,
				3.9,
				0.832,
				1,
				4.322,
				0.832,
				4.744,
				-0.818,
				5.167,
				-0.818,
				1,
				5.567,
				-0.818,
				5.967,
				0.832,
				6.367,
				0.832,
				1,
				6.8,
				0.832,
				7.233,
				-0.818,
				7.667,
				-0.818
			]
		},
		{
			"Target": "Parameter",
			"Id": "Param18",
			"Segments": [
				0,
				0.624,
				1,
				0.089,
				0.624,
				0.178,
				0.832,
				0.267,
				0.832,
				1,
				0.7,
				0.832,
				1.133,
				-0.818,
				1.567,
				-0.818,
				1,
				1.933,
				-0.818,
				2.3,
				0.832,
				2.667,
				0.832,
				1,
				3.089,
				0.832,
				3.511,
				-0.818,
				3.933,
				-0.818,
				1,
				4.333,
				-0.818,
				4.733,
				0.832,
				5.133,
				0.832,
				1,
				5.567,
				0.832,
				6,
				-0.818,
				6.433,
				-0.818,
				1,
				6.833,
				-0.818,
				7.233,
				0.832,
				7.633,
				0.832,
				1,
				7.644,
				0.832,
				7.656,
				0.831,
				7.667,
				0.829
			]
		},
		{
			"Target": "Parameter",
			"Id": "Param19",
			"Segments": [
				0,
				0.703,
				1,
				0.333,
				0.703,
				0.667,
				-0.989,
				1,
				-0.989,
				1,
				1.411,
				-0.989,
				1.822,
				0.922,
				2.233,
				0.922,
				1,
				2.622,
				0.922,
				3.011,
				-0.989,
				3.4,
				-0.989,
				1,
				3.8,
				-0.989,
				4.2,
				0.922,
				4.6,
				0.922,
				1,
				5.022,
				0.922,
				5.444,
				-0.989,
				5.867,
				-0.989,
				1,
				6.278,
				-0.989,
				6.689,
				0.922,
				7.1,
				0.922,
				1,
				7.289,
				0.922,
				7.478,
				0.539,
				7.667,
				0.116
			]
		},
		{
			"Target": "Parameter",
			"Id": "ParamAngleX",
			"Segments": [
				0,
				0,
				1,
				0.133,
				0,
				0.267,
				8,
				0.4,
				8,
				1,
				0.567,
				8,
				0.733,
				-24.567,
				0.9,
				-24.567,
				1,
				1.033,
				-24.567,
				1.167,
				5.197,
				1.3,
				5.197,
				1,
				1.433,
				5.197,
				1.567,
				-23.386,
				1.7,
				-23.386,
				1,
				1.889,
				-23.386,
				2.078,
				-0.125,
				2.267,
				3,
				1,
				2.467,
				6.309,
				2.667,
				6,
				2.867,
				6,
				1,
				3.167,
				6,
				3.467,
				-30,
				3.767,
				-30,
				1,
				3.956,
				-30,
				4.144,
				18,
				4.333,
				18,
				1,
				4.689,
				18,
				5.044,
				10.064,
				5.4,
				0,
				1,
				5.778,
				-10.694,
				6.156,
				-14,
				6.533,
				-14,
				1,
				6.911,
				-14,
				7.289,
				-10.963,
				7.667,
				-7.718
			]
		},
		{
			"Target": "Parameter",
			"Id": "ParamAngleY",
			"Segments": [
				0,
				0,
				1,
				0.2,
				0,
				0.4,
				7,
				0.6,
				7,
				1,
				0.767,
				7,
				0.933,
				-7,
				1.1,
				-7,
				1,
				1.211,
				-7,
				1.322,
				2,
				1.433,
				2,
				1,
				1.533,
				2,
				1.633,
				-3,
				1.733,
				-3,
				1,
				1.978,
				-3,
				2.222,
				-3,
				2.467,
				-3,
				1,
				2.611,
				-3,
				2.756,
				4,
				2.9,
				4,
				1,
				3.011,
				4,
				3.122,
				0,
				3.233,
				0,
				1,
				3.511,
				0,
				3.789,
				6,
				4.067,
				6,
				1,
				4.389,
				6,
				4.711,
				-7,
				5.033,
				-7,
				1,
				5.356,
				-7,
				5.678,
				18,
				6,
				18,
				1,
				6.178,
				18,
				6.356,
				18,
				6.533,
				18,
				1,
				6.911,
				18,
				7.289,
				15.076,
				7.667,
				11.277
			]
		},
		{
			"Target": "Parameter",
			"Id": "ParamAngleZ",
			"Segments": [
				0,
				0,
				1,
				0.256,
				0,
				0.511,
				-5,
				0.767,
				-5,
				1,
				1.189,
				-5,
				1.611,
				1.77,
				2.033,
				5,
				1,
				2.433,
				8.06,
				2.833,
				8,
				3.233,
				8,
				1,
				3.389,
				8,
				3.544,
				5.28,
				3.7,
				5,
				1,
				4.367,
				3.801,
				5.033,
				3.482,
				5.7,
				2,
				1,
				6.1,
				1.111,
				6.5,
				-4.992,
				6.9,
				-4.992,
				1,
				7.156,
				-4.992,
				7.411,
				-4.992,
				7.667,
				-4.992
			]
		},
		{
			"Target": "Parameter",
			"Id": "Param98",
			"Segments": [
				0,
				0,
				1,
				1.078,
				0,
				2.156,
				-7,
				3.233,
				-7,
				1,
				4,
				-7,
				4.767,
				3,
				5.533,
				3,
				0,
				7.667,
				3
			]
		},
		{
			"Target": "Parameter",
			"Id": "Param99",
			"Segments": [
				0,
				0,
				1,
				1.567,
				0,
				3.133,
				0,
				4.7,
				0,
				1,
				4.978,
				0,
				5.256,
				5,
				5.533,
				5,
				1,
				5.833,
				5,
				6.133,
				0,
				6.433,
				0,
				0,
				7.667,
				0
			]
		},
		{
			"Target": "Parameter",
			"Id": "Param124",
			"Segments": [
				0,
				0,
				0,
				4.4,
				0,
				1,
				4.611,
				0,
				4.822,
				16,
				5.033,
				16,
				1,
				5.2,
				16,
				5.367,
				0,
				5.533,
				0,
				0,
				7.667,
				0
			]
		},
		{
			"Target": "Parameter",
			"Id": "ParamBodyAngleX",
			"Segments": [
				0,
				0,
				1,
				0.167,
				0,
				0.333,
				7.894,
				0.5,
				7.894,
				1,
				0.911,
				7.894,
				1.322,
				-6.13,
				1.733,
				-8.031,
				1,
				2.211,
				-10.241,
				2.689,
				-10,
				3.167,
				-10,
				1,
				3.422,
				-10,
				3.678,
				10,
				3.933,
				10,
				1,
				4.067,
				10,
				4.2,
				-10,
				4.333,
				-10,
				1,
				4.689,
				-10,
				5.044,
				3,
				5.4,
				3,
				0,
				7.667,
				3
			]
		},
		{
			"Target": "Parameter",
			"Id": "ParamBodyAngleY",
			"Segments": [
				0,
				0,
				1,
				0.4,
				0,
				0.8,
				3,
				1.2,
				3,
				1,
				1.622,
				3,
				2.044,
				-2,
				2.467,
				-2,
				1,
				2.711,
				-2,
				2.956,
				-0.959,
				3.2,
				0,
				1,
				3.422,
				0.872,
				3.644,
				1,
				3.867,
				1,
				1,
				3.978,
				1,
				4.089,
				-2,
				4.2,
				-2,
				1,
				4.256,
				-2,
				4.311,
				-2,
				4.367,
				-2,
				1,
				4.656,
				-2,
				4.944,
				1,
				5.233,
				1,
				1,
				6.044,
				1,
				6.856,
				-0.642,
				7.667,
				-2.214
			]
		},
		{
			"Target": "Parameter",
			"Id": "ParamBodyAngleZ",
			"Segments": [
				0,
				0,
				1,
				0.222,
				0,
				0.444,
				0.887,
				0.667,
				1.251,
				1,
				1.067,
				1.906,
				1.467,
				2,
				1.867,
				2,
				1,
				2.344,
				2,
				2.822,
				1.947,
				3.3,
				1.251,
				1,
				3.522,
				0.927,
				3.744,
				-2,
				3.967,
				-2,
				1,
				4.078,
				-2,
				4.189,
				3,
				4.3,
				3,
				1,
				4.667,
				3,
				5.033,
				-2,
				5.4,
				-2,
				0,
				7.667,
				-2
			]
		},
		{
			"Target": "Parameter",
			"Id": "Param76",
			"Segments": [
				0,
				0,
				1,
				0.244,
				0,
				0.489,
				3.012,
				0.733,
				3.012,
				1,
				1.156,
				3.012,
				1.578,
				3.015,
				2,
				3,
				1,
				2.4,
				2.985,
				2.8,
				0,
				3.2,
				0,
				1,
				3.444,
				0,
				3.689,
				1,
				3.933,
				1,
				1,
				4.111,
				1,
				4.289,
				-3,
				4.467,
				-3,
				1,
				4.656,
				-3,
				4.844,
				-2.552,
				5.033,
				0,
				1,
				5.2,
				2.252,
				5.367,
				5,
				5.533,
				5,
				0,
				7.667,
				5
			]
		},
		{
			"Target": "Parameter",
			"Id": "Param120",
			"Segments": [
				0,
				0,
				1,
				1.367,
				0,
				2.733,
				30,
				4.1,
				30,
				1,
				4.311,
				30,
				4.522,
				-15,
				4.733,
				-15,
				1,
				5.056,
				-15,
				5.378,
				30,
				5.7,
				30,
				0,
				7.667,
				30
			]
		},
		{
			"Target": "Parameter",
			"Id": "Param77",
			"Segments": [
				0,
				0,
				1,
				2.556,
				0,
				5.111,
				4.983,
				7.667,
				6.332
			]
		},
		{
			"Target": "Parameter",
			"Id": "Param78",
			"Segments": [
				0,
				0,
				1,
				2.556,
				0,
				5.111,
				-5.815,
				7.667,
				-8.125
			]
		},
		{
			"Target": "Parameter",
			"Id": "ParamBreath",
			"Segments": [
				0,
				0,
				1,
				1.6,
				0,
				3.2,
				1,
				4.8,
				1,
				1,
				5.756,
				1,
				6.711,
				0.684,
				7.667,
				0.407
			]
		},
		{
			"Target": "Parameter",
			"Id": "Param49",
			"Segments": [
				0,
				0,
				1,
				0.311,
				0,
				0.622,
				-4.722,
				0.933,
				-4.722,
				1,
				1.344,
				-4.722,
				1.756,
				4.557,
				2.167,
				4.557,
				1,
				2.589,
				4.557,
				3.011,
				-4.722,
				3.433,
				-4.722,
				1,
				3.622,
				-4.722,
				3.811,
				4.557,
				4,
				4.557,
				1,
				4.122,
				4.557,
				4.244,
				-1,
				4.367,
				-1,
				1,
				4.778,
				-1,
				5.189,
				4.557,
				5.6,
				4.557,
				1,
				6.022,
				4.557,
				6.444,
				-4.722,
				6.867,
				-4.722,
				1,
				7.133,
				-4.722,
				7.4,
				-3.631,
				7.667,
				-2.198
			]
		},
		{
			"Target": "Parameter",
			"Id": "Param50",
			"Segments": [
				0,
				0,
				1,
				0.544,
				0,
				1.089,
				7.557,
				1.633,
				7.557,
				1,
				2.044,
				7.557,
				2.456,
				-9.055,
				2.867,
				-9.055,
				1,
				3.289,
				-9.055,
				3.711,
				7.557,
				4.133,
				7.557,
				1,
				4.322,
				7.557,
				4.511,
				-3,
				4.7,
				-3,
				1,
				4.822,
				-3,
				4.944,
				2,
				5.067,
				2,
				1,
				5.478,
				2,
				5.889,
				-9.055,
				6.3,
				-9.055,
				1,
				6.756,
				-9.055,
				7.211,
				-0.754,
				7.667,
				4.112
			]
		},
		{
			"Target": "Parameter",
			"Id": "Param73",
			"Segments": [
				0,
				0,
				0,
				7.667,
				0
			]
		},
		{
			"Target": "Parameter",
			"Id": "Param74",
			"Segments": [
				0,
				0,
				1,
				0.378,
				0,
				0.756,
				3.012,
				1.133,
				3.012,
				1,
				1.556,
				3.012,
				1.978,
				-2.802,
				2.4,
				-2.802,
				1,
				2.656,
				-2.802,
				2.911,
				1,
				3.167,
				1,
				1,
				3.344,
				1,
				3.522,
				1,
				3.7,
				1,
				1,
				4.089,
				1,
				4.478,
				-2.802,
				4.867,
				-2.802,
				1,
				5.167,
				-2.802,
				5.467,
				2.907,
				5.767,
				3,
				1,
				5.867,
				3.031,
				5.967,
				3.012,
				6.067,
				3.012,
				1,
				6.489,
				3.012,
				6.911,
				-2.802,
				7.333,
				-2.802,
				1,
				7.444,
				-2.802,
				7.556,
				-2.354,
				7.667,
				-1.706
			]
		},
		{
			"Target": "Parameter",
			"Id": "Param75",
			"Segments": [
				0,
				0,
				1,
				0.278,
				0,
				0.556,
				0.789,
				0.833,
				0.789,
				1,
				1.256,
				0.789,
				1.678,
				-0.413,
				2.1,
				-0.757,
				1,
				2.456,
				-1.047,
				2.811,
				-1,
				3.167,
				-1,
				1,
				3.356,
				-1,
				3.544,
				0,
				3.733,
				0,
				1,
				4.011,
				0,
				4.289,
				-0.757,
				4.567,
				-0.757,
				1,
				4.967,
				-0.757,
				5.367,
				0.789,
				5.767,
				0.789,
				1,
				6.189,
				0.789,
				6.611,
				-0.757,
				7.033,
				-0.757,
				1,
				7.244,
				-0.757,
				7.456,
				-0.326,
				7.667,
				0.08
			]
		},
		{
			"Target": "Parameter",
			"Id": "Param65",
			"Segments": [
				0,
				-5.23,
				1,
				0.167,
				-5.23,
				0.333,
				-5.23,
				0.5,
				-5.23,
				1,
				0.911,
				-5.23,
				1.322,
				4.79,
				1.733,
				4.79,
				1,
				2.156,
				4.79,
				2.578,
				-5.23,
				3,
				-5.23,
				1,
				3.411,
				-5.23,
				3.822,
				4.79,
				4.233,
				4.79,
				1,
				4.644,
				4.79,
				5.056,
				-5.23,
				5.467,
				-5.23,
				1,
				5.878,
				-5.23,
				6.289,
				4.79,
				6.7,
				4.79,
				1,
				7.022,
				4.79,
				7.344,
				-1.045,
				7.667,
				-3.81
			]
		},
		{
			"Target": "Parameter",
			"Id": "Param66",
			"Segments": [
				0,
				-9.055,
				1,
				0.4,
				-9.055,
				0.8,
				7.557,
				1.2,
				7.557,
				1,
				1.611,
				7.557,
				2.022,
				-9.055,
				2.433,
				-9.055,
				1,
				2.856,
				-9.055,
				3.278,
				7.557,
				3.7,
				7.557,
				1,
				4.111,
				7.557,
				4.522,
				-9.055,
				4.933,
				-9.055,
				1,
				5.344,
				-9.055,
				5.756,
				7.557,
				6.167,
				7.557,
				1,
				6.578,
				7.557,
				6.989,
				-9.055,
				7.4,
				-9.055,
				1,
				7.489,
				-9.055,
				7.578,
				-8.319,
				7.667,
				-7.156
			]
		},
		{
			"Target": "Parameter",
			"Id": "Param64",
			"Segments": [
				0,
				-1.494,
				1,
				0.167,
				-1.494,
				0.333,
				-1.494,
				0.5,
				-1.494,
				1,
				0.922,
				-1.494,
				1.344,
				1.872,
				1.767,
				1.872,
				1,
				2.167,
				1.872,
				2.567,
				-1.494,
				2.967,
				-1.494,
				1,
				3.389,
				-1.494,
				3.811,
				1.872,
				4.233,
				1.872,
				1,
				4.633,
				1.872,
				5.033,
				-1.494,
				5.433,
				-1.494,
				1,
				5.856,
				-1.494,
				6.278,
				1.872,
				6.7,
				1.872,
				1,
				7.022,
				1.872,
				7.344,
				-0.312,
				7.667,
				-1.162
			]
		},
		{
			"Target": "Parameter",
			"Id": "Param62",
			"Segments": [
				0,
				-5.23,
				1,
				0.411,
				-5.23,
				0.822,
				4.79,
				1.233,
				4.79,
				1,
				1.656,
				4.79,
				2.078,
				-5.23,
				2.5,
				-5.23,
				1,
				2.911,
				-5.23,
				3.322,
				4.79,
				3.733,
				4.79,
				1,
				4.144,
				4.79,
				4.556,
				-5.23,
				4.967,
				-5.23,
				1,
				5.378,
				-5.23,
				5.789,
				4.79,
				6.2,
				4.79,
				1,
				6.622,
				4.79,
				7.044,
				-5.23,
				7.467,
				-5.23,
				1,
				7.533,
				-5.23,
				7.6,
				-4.966,
				7.667,
				-4.525
			]
		},
		{
			"Target": "Parameter",
			"Id": "Param63",
			"Segments": [
				0,
				7.557,
				1,
				0.233,
				7.557,
				0.467,
				7.557,
				0.7,
				7.557,
				1,
				1.111,
				7.557,
				1.522,
				-9.055,
				1.933,
				-9.055,
				1,
				2.356,
				-9.055,
				2.778,
				7.557,
				3.2,
				7.557,
				1,
				3.611,
				7.557,
				4.022,
				-9.055,
				4.433,
				-9.055,
				1,
				4.844,
				-9.055,
				5.256,
				7.557,
				5.667,
				7.557,
				1,
				6.078,
				7.557,
				6.489,
				-9.055,
				6.9,
				-9.055,
				1,
				7.156,
				-9.055,
				7.411,
				-2.97,
				7.667,
				1.835
			]
		},
		{
			"Target": "Parameter",
			"Id": "Param61",
			"Segments": [
				0,
				1.647,
				1,
				0.422,
				1.647,
				0.844,
				-1.246,
				1.267,
				-1.246,
				1,
				1.667,
				-1.246,
				2.067,
				1.647,
				2.467,
				1.647,
				1,
				2.889,
				1.647,
				3.311,
				-1.246,
				3.733,
				-1.246,
				1,
				4.133,
				-1.246,
				4.533,
				1.647,
				4.933,
				1.647,
				1,
				5.356,
				1.647,
				5.778,
				-1.246,
				6.2,
				-1.246,
				1,
				6.6,
				-1.246,
				7,
				1.647,
				7.4,
				1.647,
				1,
				7.489,
				1.647,
				7.578,
				1.519,
				7.667,
				1.316
			]
		},
		{
			"Target": "Parameter",
			"Id": "Param10",
			"Segments": [
				0,
				-0.523,
				1,
				0.167,
				-0.523,
				0.333,
				-0.523,
				0.5,
				-0.523,
				1,
				0.911,
				-0.523,
				1.322,
				0.479,
				1.733,
				0.479,
				1,
				2.156,
				0.479,
				2.578,
				-0.523,
				3,
				-0.523,
				1,
				3.411,
				-0.523,
				3.822,
				0.479,
				4.233,
				0.479,
				1,
				4.644,
				0.479,
				5.056,
				-0.523,
				5.467,
				-0.523,
				1,
				5.878,
				-0.523,
				6.289,
				0.479,
				6.7,
				0.479,
				1,
				7.022,
				0.479,
				7.344,
				-0.105,
				7.667,
				-0.381
			]
		},
		{
			"Target": "Parameter",
			"Id": "Param11",
			"Segments": [
				0,
				-0.906,
				1,
				0.4,
				-0.906,
				0.8,
				0.756,
				1.2,
				0.756,
				1,
				1.611,
				0.756,
				2.022,
				-0.906,
				2.433,
				-0.906,
				1,
				2.856,
				-0.906,
				3.278,
				0.756,
				3.7,
				0.756,
				1,
				4.111,
				0.756,
				4.522,
				-0.906,
				4.933,
				-0.906,
				1,
				5.344,
				-0.906,
				5.756,
				0.756,
				6.167,
				0.756,
				1,
				6.578,
				0.756,
				6.989,
				-0.906,
				7.4,
				-0.906,
				1,
				7.489,
				-0.906,
				7.578,
				-0.832,
				7.667,
				-0.716
			]
		},
		{
			"Target": "Parameter",
			"Id": "Param12",
			"Segments": [
				0,
				-0.523,
				1,
				0.167,
				-0.523,
				0.333,
				-0.523,
				0.5,
				-0.523,
				1,
				0.911,
				-0.523,
				1.322,
				0.479,
				1.733,
				0.479,
				1,
				2.156,
				0.479,
				2.578,
				-0.523,
				3,
				-0.523,
				1,
				3.411,
				-0.523,
				3.822,
				0.479,
				4.233,
				0.479,
				1,
				4.644,
				0.479,
				5.056,
				-0.523,
				5.467,
				-0.523,
				1,
				5.878,
				-0.523,
				6.289,
				0.479,
				6.7,
				0.479,
				1,
				7.022,
				0.479,
				7.344,
				-0.105,
				7.667,
				-0.381
			]
		},
		{
			"Target": "Parameter",
			"Id": "Param13",
			"Segments": [
				0,
				-0.906,
				1,
				0.4,
				-0.906,
				0.8,
				0.756,
				1.2,
				0.756,
				1,
				1.611,
				0.756,
				2.022,
				-0.906,
				2.433,
				-0.906,
				1,
				2.856,
				-0.906,
				3.278,
				0.756,
				3.7,
				0.756,
				1,
				4.111,
				0.756,
				4.522,
				-0.906,
				4.933,
				-0.906,
				1,
				5.344,
				-0.906,
				5.756,
				0.756,
				6.167,
				0.756,
				1,
				6.578,
				0.756,
				6.989,
				-0.906,
				7.4,
				-0.906,
				1,
				7.489,
				-0.906,
				7.578,
				-0.832,
				7.667,
				-0.716
			]
		},
		{
			"Target": "Parameter",
			"Id": "Param79",
			"Segments": [
				0,
				-5.23,
				1,
				0.411,
				-5.23,
				0.822,
				4.79,
				1.233,
				4.79,
				1,
				1.656,
				4.79,
				2.078,
				-5.23,
				2.5,
				-5.23,
				1,
				2.911,
				-5.23,
				3.322,
				4.79,
				3.733,
				4.79,
				1,
				4.144,
				4.79,
				4.556,
				-5.23,
				4.967,
				-5.23,
				1,
				5.378,
				-5.23,
				5.789,
				4.79,
				6.2,
				4.79,
				1,
				6.622,
				4.79,
				7.044,
				-5.23,
				7.467,
				-5.23,
				1,
				7.533,
				-5.23,
				7.6,
				-4.966,
				7.667,
				-4.525
			]
		},
		{
			"Target": "Parameter",
			"Id": "Param80",
			"Segments": [
				0,
				-5.23,
				1,
				0.411,
				-5.23,
				0.822,
				4.79,
				1.233,
				4.79,
				1,
				1.656,
				4.79,
				2.078,
				-5.23,
				2.5,
				-5.23,
				1,
				2.911,
				-5.23,
				3.322,
				4.79,
				3.733,
				4.79,
				1,
				4.144,
				4.79,
				4.556,
				-5.23,
				4.967,
				-5.23,
				1,
				5.378,
				-5.23,
				5.789,
				4.79,
				6.2,
				4.79,
				1,
				6.622,
				4.79,
				7.044,
				-5.23,
				7.467,
				-5.23,
				1,
				7.533,
				-5.23,
				7.6,
				-4.966,
				7.667,
				-4.525
			]
		},
		{
			"Target": "Parameter",
			"Id": "Param81",
			"Segments": [
				0,
				7.557,
				1,
				0.233,
				7.557,
				0.467,
				7.557,
				0.7,
				7.557,
				1,
				1.111,
				7.557,
				1.522,
				-9.055,
				1.933,
				-9.055,
				1,
				2.356,
				-9.055,
				2.778,
				7.557,
				3.2,
				7.557,
				1,
				3.611,
				7.557,
				4.022,
				-9.055,
				4.433,
				-9.055,
				1,
				4.844,
				-9.055,
				5.256,
				7.557,
				5.667,
				7.557,
				1,
				6.078,
				7.557,
				6.489,
				-9.055,
				6.9,
				-9.055,
				1,
				7.156,
				-9.055,
				7.411,
				-2.97,
				7.667,
				1.835
			]
		},
		{
			"Target": "Parameter",
			"Id": "Param82",
			"Segments": [
				0,
				-5.23,
				1,
				0.167,
				-5.23,
				0.333,
				-5.23,
				0.5,
				-5.23,
				1,
				0.911,
				-5.23,
				1.322,
				4.79,
				1.733,
				4.79,
				1,
				2.156,
				4.79,
				2.578,
				-5.23,
				3,
				-5.23,
				1,
				3.411,
				-5.23,
				3.822,
				4.79,
				4.233,
				4.79,
				1,
				4.644,
				4.79,
				5.056,
				-5.23,
				5.467,
				-5.23,
				1,
				5.878,
				-5.23,
				6.289,
				4.79,
				6.7,
				4.79,
				1,
				7.022,
				4.79,
				7.344,
				-1.045,
				7.667,
				-3.81
			]
		},
		{
			"Target": "Parameter",
			"Id": "Param83",
			"Segments": [
				0,
				-5.23,
				1,
				0.167,
				-5.23,
				0.333,
				-5.23,
				0.5,
				-5.23,
				1,
				0.911,
				-5.23,
				1.322,
				4.79,
				1.733,
				4.79,
				1,
				2.156,
				4.79,
				2.578,
				-5.23,
				3,
				-5.23,
				1,
				3.411,
				-5.23,
				3.822,
				4.79,
				4.233,
				4.79,
				1,
				4.644,
				4.79,
				5.056,
				-5.23,
				5.467,
				-5.23,
				1,
				5.878,
				-5.23,
				6.289,
				4.79,
				6.7,
				4.79,
				1,
				7.022,
				4.79,
				7.344,
				-1.045,
				7.667,
				-3.81
			]
		},
		{
			"Target": "Parameter",
			"Id": "Param84",
			"Segments": [
				0,
				-9.055,
				1,
				0.4,
				-9.055,
				0.8,
				7.557,
				1.2,
				7.557,
				1,
				1.611,
				7.557,
				2.022,
				-9.055,
				2.433,
				-9.055,
				1,
				2.856,
				-9.055,
				3.278,
				7.557,
				3.7,
				7.557,
				1,
				4.111,
				7.557,
				4.522,
				-9.055,
				4.933,
				-9.055,
				1,
				5.344,
				-9.055,
				5.756,
				7.557,
				6.167,
				7.557,
				1,
				6.578,
				7.557,
				6.989,
				-9.055,
				7.4,
				-9.055,
				1,
				7.489,
				-9.055,
				7.578,
				-8.319,
				7.667,
				-7.156
			]
		},
		{
			"Target": "Parameter",
			"Id": "Param41",
			"Segments": [
				0,
				0,
				1,
				0.233,
				0,
				0.467,
				-2,
				0.7,
				-2,
				1,
				1.267,
				-2,
				1.833,
				2.26,
				2.4,
				2.26,
				1,
				2.811,
				2.26,
				3.222,
				-3,
				3.633,
				-3,
				1,
				3.767,
				-3,
				3.9,
				2.26,
				4.033,
				2.26,
				1,
				5.244,
				2.26,
				6.456,
				-1.273,
				7.667,
				-2.548
			]
		},
		{
			"Target": "Parameter",
			"Id": "Param42",
			"Segments": [
				0,
				0,
				1,
				0.378,
				0,
				0.756,
				-1,
				1.133,
				-1,
				1,
				1.667,
				-1,
				2.2,
				2.34,
				2.733,
				2.34,
				1,
				3.144,
				2.34,
				3.556,
				-2,
				3.967,
				-2,
				1,
				4.078,
				-2,
				4.189,
				2.34,
				4.3,
				2.34,
				1,
				5.422,
				2.34,
				6.544,
				2.209,
				7.667,
				1.557
			]
		},
		{
			"Target": "Parameter",
			"Id": "Param43",
			"Segments": [
				0,
				0,
				1,
				0.3,
				0,
				0.6,
				-1,
				0.9,
				-1,
				1,
				1.444,
				-1,
				1.989,
				2.46,
				2.533,
				2.46,
				1,
				2.978,
				2.46,
				3.422,
				-6,
				3.867,
				-6,
				1,
				3.978,
				-6,
				4.089,
				2.46,
				4.2,
				2.46,
				1,
				5.356,
				2.46,
				6.511,
				1.095,
				7.667,
				-0.141
			]
		},
		{
			"Target": "Parameter",
			"Id": "Param44",
			"Segments": [
				0,
				0,
				0,
				7.667,
				0
			]
		},
		{
			"Target": "Parameter",
			"Id": "Param47",
			"Segments": [
				0,
				0,
				0,
				7.667,
				0
			]
		},
		{
			"Target": "Parameter",
			"Id": "Param45",
			"Segments": [
				0,
				0,
				1,
				0.744,
				0,
				1.489,
				-6,
				2.233,
				-6,
				1,
				2.744,
				-6,
				3.256,
				-5.522,
				3.767,
				-2.539,
				1,
				4.011,
				-1.112,
				4.256,
				3.175,
				4.5,
				3.175,
				1,
				5.478,
				3.175,
				6.456,
				-9.994,
				7.433,
				-9.994,
				1,
				7.511,
				-9.994,
				7.589,
				-9.755,
				7.667,
				-9.342
			]
		},
		{
			"Target": "Parameter",
			"Id": "Param46",
			"Segments": [
				0,
				0,
				1,
				0.744,
				0,
				1.489,
				-1.464,
				2.233,
				-2,
				1,
				2.856,
				-2.448,
				3.478,
				-2.392,
				4.1,
				-2.392,
				1,
				4.344,
				-2.392,
				4.589,
				3.365,
				4.833,
				3.365,
				1,
				5.778,
				3.365,
				6.722,
				2.133,
				7.667,
				1.608
			]
		},
		{
			"Target": "Parameter",
			"Id": "Param48",
			"Segments": [
				0,
				0,
				1,
				0.511,
				0,
				1.022,
				-10,
				1.533,
				-10,
				1,
				2.267,
				-10,
				3,
				-9.758,
				3.733,
				-8,
				1,
				3.989,
				-7.387,
				4.244,
				6.376,
				4.5,
				6.376,
				1,
				5.5,
				6.376,
				6.5,
				3.049,
				7.5,
				-5.007,
				1,
				7.556,
				-5.455,
				7.611,
				-6.879,
				7.667,
				-7.885
			]
		},
		{
			"Target": "Parameter",
			"Id": "Param122",
			"Segments": [
				0,
				0,
				0,
				4.5,
				0,
				1,
				5.478,
				0,
				6.456,
				-6,
				7.433,
				-6,
				0,
				7.667,
				-6
			]
		},
		{
			"Target": "Parameter",
			"Id": "Param51",
			"Segments": [
				0,
				0,
				1,
				0.167,
				0,
				0.333,
				-8.37,
				0.5,
				-8.37,
				1,
				0.911,
				-8.37,
				1.322,
				9.175,
				1.733,
				9.175,
				1,
				2.156,
				9.175,
				2.578,
				-8.37,
				3,
				-8.37,
				1,
				3.411,
				-8.37,
				3.822,
				9.175,
				4.233,
				9.175,
				1,
				4.644,
				9.175,
				5.056,
				-8.37,
				5.467,
				-8.37,
				1,
				5.878,
				-8.37,
				6.289,
				9.175,
				6.7,
				9.175,
				1,
				7.022,
				9.175,
				7.344,
				-1.044,
				7.667,
				-5.884
			]
		},
		{
			"Target": "Parameter",
			"Id": "Param52",
			"Segments": [
				0,
				0,
				1,
				0.4,
				0,
				0.8,
				10,
				1.2,
				10,
				1,
				1.611,
				10,
				2.022,
				-10,
				2.433,
				-10,
				1,
				2.856,
				-10,
				3.278,
				10,
				3.7,
				10,
				1,
				4.111,
				10,
				4.522,
				-10,
				4.933,
				-10,
				1,
				5.344,
				-10,
				5.756,
				10,
				6.167,
				10,
				1,
				6.578,
				10,
				6.989,
				-10,
				7.4,
				-10,
				1,
				7.489,
				-10,
				7.578,
				-9.114,
				7.667,
				-7.714
			]
		},
		{
			"Target": "Parameter",
			"Id": "Param53",
			"Segments": [
				0,
				0,
				1,
				0.167,
				0,
				0.333,
				-7.344,
				0.5,
				-7.344,
				1,
				0.911,
				-7.344,
				1.322,
				6.665,
				1.733,
				6.665,
				1,
				2.156,
				6.665,
				2.578,
				-7.344,
				3,
				-7.344,
				1,
				3.411,
				-7.344,
				3.822,
				6.665,
				4.233,
				6.665,
				1,
				4.644,
				6.665,
				5.056,
				-7.344,
				5.467,
				-7.344,
				1,
				5.878,
				-7.344,
				6.289,
				6.665,
				6.7,
				6.665,
				1,
				7.022,
				6.665,
				7.344,
				-1.494,
				7.667,
				-5.359
			]
		},
		{
			"Target": "Parameter",
			"Id": "Param54",
			"Segments": [
				0,
				0,
				1,
				0.4,
				0,
				0.8,
				7.557,
				1.2,
				7.557,
				1,
				1.611,
				7.557,
				2.022,
				-9.055,
				2.433,
				-9.055,
				1,
				2.856,
				-9.055,
				3.278,
				7.557,
				3.7,
				7.557,
				1,
				4.111,
				7.557,
				4.522,
				-9.055,
				4.933,
				-9.055,
				1,
				5.344,
				-9.055,
				5.756,
				7.557,
				6.167,
				7.557,
				1,
				6.578,
				7.557,
				6.989,
				-9.055,
				7.4,
				-9.055,
				1,
				7.489,
				-9.055,
				7.578,
				-8.319,
				7.667,
				-7.156
			]
		},
		{
			"Target": "Parameter",
			"Id": "Param55",
			"Segments": [
				0,
				0,
				1,
				0.411,
				0,
				0.822,
				6.665,
				1.233,
				6.665,
				1,
				1.656,
				6.665,
				2.078,
				-7.344,
				2.5,
				-7.344,
				1,
				2.911,
				-7.344,
				3.322,
				6.665,
				3.733,
				6.665,
				1,
				4.144,
				6.665,
				4.556,
				-7.344,
				4.967,
				-7.344,
				1,
				5.378,
				-7.344,
				5.789,
				6.665,
				6.2,
				6.665,
				1,
				6.622,
				6.665,
				7.044,
				-7.344,
				7.467,
				-7.344,
				1,
				7.533,
				-7.344,
				7.6,
				-6.976,
				7.667,
				-6.359
			]
		},
		{
			"Target": "Parameter",
			"Id": "Param56",
			"Segments": [
				0,
				0,
				1,
				0.233,
				0,
				0.467,
				7.557,
				0.7,
				7.557,
				1,
				1.111,
				7.557,
				1.522,
				-9.055,
				1.933,
				-9.055,
				1,
				2.356,
				-9.055,
				2.778,
				7.557,
				3.2,
				7.557,
				1,
				3.611,
				7.557,
				4.022,
				-9.055,
				4.433,
				-9.055,
				1,
				4.844,
				-9.055,
				5.256,
				7.557,
				5.667,
				7.557,
				1,
				6.078,
				7.557,
				6.489,
				-9.055,
				6.9,
				-9.055,
				1,
				7.156,
				-9.055,
				7.411,
				-2.97,
				7.667,
				1.835
			]
		},
		{
			"Target": "Parameter",
			"Id": "Param57",
			"Segments": [
				0,
				0,
				1,
				0.167,
				0,
				0.333,
				-9.677,
				0.5,
				-9.677,
				1,
				0.911,
				-9.677,
				1.322,
				8.808,
				1.733,
				8.808,
				1,
				2.156,
				8.808,
				2.578,
				-9.677,
				3,
				-9.677,
				1,
				3.411,
				-9.677,
				3.822,
				8.808,
				4.233,
				8.808,
				1,
				4.644,
				8.808,
				5.056,
				-9.677,
				5.467,
				-9.677,
				1,
				5.878,
				-9.677,
				6.289,
				8.808,
				6.7,
				8.808,
				1,
				7.022,
				8.808,
				7.344,
				-1.958,
				7.667,
				-7.057
			]
		},
		{
			"Target": "Parameter",
			"Id": "Param58",
			"Segments": [
				0,
				-5.333,
				1,
				0.4,
				-5.333,
				0.8,
				9.699,
				1.2,
				9.699,
				1,
				1.611,
				9.699,
				2.022,
				-10,
				2.433,
				-10,
				1,
				2.856,
				-10,
				3.278,
				9.699,
				3.7,
				9.699,
				1,
				4.111,
				9.699,
				4.522,
				-10,
				4.933,
				-10,
				1,
				5.344,
				-10,
				5.756,
				9.699,
				6.167,
				9.699,
				1,
				6.578,
				9.699,
				6.989,
				-10,
				7.4,
				-10,
				1,
				7.489,
				-10,
				7.578,
				-9.127,
				7.667,
				-7.748
			]
		},
		{
			"Target": "Parameter",
			"Id": "Param59",
			"Segments": [
				0,
				-5.23,
				1,
				0.411,
				-5.23,
				0.822,
				4.79,
				1.233,
				4.79,
				1,
				1.656,
				4.79,
				2.078,
				-5.23,
				2.5,
				-5.23,
				1,
				2.911,
				-5.23,
				3.322,
				4.79,
				3.733,
				4.79,
				1,
				4.144,
				4.79,
				4.556,
				-5.23,
				4.967,
				-5.23,
				1,
				5.378,
				-5.23,
				5.789,
				4.79,
				6.2,
				4.79,
				1,
				6.622,
				4.79,
				7.044,
				-5.23,
				7.467,
				-5.23,
				1,
				7.533,
				-5.23,
				7.6,
				-4.966,
				7.667,
				-4.525
			]
		},
		{
			"Target": "Parameter",
			"Id": "Param60",
			"Segments": [
				0,
				7.557,
				1,
				0.233,
				7.557,
				0.467,
				7.557,
				0.7,
				7.557,
				1,
				1.111,
				7.557,
				1.522,
				-9.055,
				1.933,
				-9.055,
				1,
				2.356,
				-9.055,
				2.778,
				7.557,
				3.2,
				7.557,
				1,
				3.611,
				7.557,
				4.022,
				-9.055,
				4.433,
				-9.055,
				1,
				4.844,
				-9.055,
				5.256,
				7.557,
				5.667,
				7.557,
				1,
				6.078,
				7.557,
				6.489,
				-9.055,
				6.9,
				-9.055,
				1,
				7.156,
				-9.055,
				7.411,
				-2.97,
				7.667,
				1.835
			]
		},
		{
			"Target": "Parameter",
			"Id": "Param67",
			"Segments": [
				0,
				-2.076,
				1,
				0.411,
				-2.076,
				0.822,
				1.677,
				1.233,
				1.677,
				1,
				1.656,
				1.677,
				2.078,
				-2.076,
				2.5,
				-2.076,
				1,
				2.911,
				-2.076,
				3.322,
				1.677,
				3.733,
				1.677,
				1,
				4.144,
				1.677,
				4.556,
				-2.076,
				4.967,
				-2.076,
				1,
				5.378,
				-2.076,
				5.789,
				1.677,
				6.2,
				1.677,
				1,
				6.622,
				1.677,
				7.044,
				-2.076,
				7.467,
				-2.076,
				1,
				7.533,
				-2.076,
				7.6,
				-1.978,
				7.667,
				-1.812
			]
		},
		{
			"Target": "Parameter",
			"Id": "Param68",
			"Segments": [
				0,
				2.717,
				1,
				0.233,
				2.717,
				0.467,
				2.717,
				0.7,
				2.717,
				1,
				1.111,
				2.717,
				1.522,
				-3.103,
				1.933,
				-3.103,
				1,
				2.356,
				-3.103,
				2.778,
				2.717,
				3.2,
				2.717,
				1,
				3.611,
				2.717,
				4.022,
				-3.103,
				4.433,
				-3.103,
				1,
				4.844,
				-3.103,
				5.256,
				2.717,
				5.667,
				2.717,
				1,
				6.078,
				2.717,
				6.489,
				-3.103,
				6.9,
				-3.103,
				1,
				7.156,
				-3.103,
				7.411,
				-0.971,
				7.667,
				0.713
			]
		},
		{
			"Target": "Parameter",
			"Id": "Param69",
			"Segments": [
				0,
				0,
				1,
				0.522,
				0,
				1.044,
				-2,
				1.567,
				-2,
				1,
				1.978,
				-2,
				2.389,
				2,
				2.8,
				2,
				1,
				3.211,
				2,
				3.622,
				-5,
				4.033,
				-5,
				1,
				4.211,
				-5,
				4.389,
				4,
				4.567,
				4,
				1,
				4.867,
				4,
				5.167,
				-2,
				5.467,
				-2,
				1,
				5.867,
				-2,
				6.267,
				1.036,
				6.667,
				2,
				1,
				7,
				2.804,
				7.333,
				3.412,
				7.667,
				3.869
			]
		},
		{
			"Target": "Parameter",
			"Id": "Param70",
			"Segments": [
				0,
				0,
				1,
				0.433,
				0,
				0.867,
				-4,
				1.3,
				-4,
				1,
				1.722,
				-4,
				2.144,
				6,
				2.567,
				6,
				1,
				2.978,
				6,
				3.389,
				-10,
				3.8,
				-10,
				1,
				3.978,
				-10,
				4.156,
				10,
				4.333,
				10,
				1,
				4.633,
				10,
				4.933,
				-2,
				5.233,
				-2,
				1,
				5.556,
				-2,
				5.878,
				1,
				6.2,
				1,
				0,
				7.667,
				1
			]
		},
		{
			"Target": "Parameter",
			"Id": "Param71",
			"Segments": [
				0,
				0,
				1,
				1.267,
				0,
				2.533,
				-5,
				3.8,
				-5,
				1,
				3.978,
				-5,
				4.156,
				0,
				4.333,
				0,
				0,
				7.667,
				0
			]
		},
		{
			"Target": "Parameter",
			"Id": "Param72",
			"Segments": [
				0,
				0,
				1,
				1.267,
				0,
				2.533,
				3,
				3.8,
				3,
				1,
				3.978,
				3,
				4.156,
				-3,
				4.333,
				-3,
				0,
				7.667,
				-3
			]
		},
		{
			"Target": "Parameter",
			"Id": "Param33",
			"Segments": [
				0,
				0,
				1,
				0.056,
				0,
				0.111,
				-3.154,
				0.167,
				-5,
				1,
				0.233,
				-7.215,
				0.3,
				-7.785,
				0.367,
				-10,
				1,
				0.422,
				-11.846,
				0.478,
				-15,
				0.533,
				-15,
				1,
				0.589,
				-15,
				0.644,
				15,
				0.7,
				15,
				1,
				0.756,
				15,
				0.811,
				11.846,
				0.867,
				10,
				1,
				0.933,
				7.785,
				1,
				6.801,
				1.067,
				5,
				1,
				1.122,
				3.499,
				1.178,
				1.667,
				1.233,
				0,
				1,
				1.289,
				-1.667,
				1.344,
				-3.333,
				1.4,
				-5,
				1,
				1.456,
				-6.667,
				1.511,
				-7.889,
				1.567,
				-10,
				1,
				1.633,
				-12.533,
				1.7,
				-15,
				1.767,
				-15,
				1,
				1.822,
				-15,
				1.878,
				15,
				1.933,
				15,
				1,
				1.989,
				15,
				2.044,
				12.184,
				2.1,
				10,
				1,
				2.156,
				7.816,
				2.211,
				6.501,
				2.267,
				5,
				1,
				2.333,
				3.199,
				2.4,
				1.801,
				2.467,
				0,
				1,
				2.522,
				-1.501,
				2.578,
				-3.333,
				2.633,
				-5,
				1,
				2.689,
				-6.667,
				2.744,
				-7.816,
				2.8,
				-10,
				1,
				2.856,
				-12.184,
				2.911,
				-15,
				2.967,
				-15,
				1,
				3.033,
				-15,
				3.1,
				15,
				3.167,
				15,
				1,
				3.222,
				15,
				3.278,
				12.184,
				3.333,
				10,
				1,
				3.389,
				7.816,
				3.444,
				6.667,
				3.5,
				5,
				1,
				3.556,
				3.333,
				3.611,
				1.501,
				3.667,
				0,
				1,
				3.733,
				-1.801,
				3.8,
				-3.199,
				3.867,
				-5,
				1,
				3.922,
				-6.501,
				3.978,
				-7.816,
				4.033,
				-10,
				1,
				4.089,
				-12.184,
				4.144,
				-15,
				4.2,
				-15,
				1,
				4.256,
				-15,
				4.311,
				15,
				4.367,
				15,
				1,
				4.433,
				15,
				4.5,
				12.533,
				4.567,
				10,
				1,
				4.622,
				7.889,
				4.678,
				6.667,
				4.733,
				5,
				1,
				4.789,
				3.333,
				4.844,
				1.667,
				4.9,
				0,
				1,
				4.956,
				-1.667,
				5.011,
				-3.499,
				5.067,
				-5,
				1,
				5.133,
				-6.801,
				5.2,
				-7.785,
				5.267,
				-10,
				1,
				5.322,
				-11.846,
				5.378,
				-15,
				5.433,
				-15,
				1,
				5.489,
				-15,
				5.544,
				15,
				5.6,
				15,
				1,
				5.656,
				15,
				5.711,
				11.846,
				5.767,
				10,
				1,
				5.833,
				7.785,
				5.9,
				6.801,
				5.967,
				5,
				1,
				6.022,
				3.499,
				6.078,
				1.667,
				6.133,
				0,
				1,
				6.189,
				-1.667,
				6.244,
				-3.333,
				6.3,
				-5,
				1,
				6.356,
				-6.667,
				6.411,
				-7.889,
				6.467,
				-10,
				1,
				6.533,
				-12.533,
				6.6,
				-15,
				6.667,
				-15,
				1,
				6.722,
				-15,
				6.778,
				15,
				6.833,
				15,
				1,
				6.889,
				15,
				6.944,
				12.184,
				7,
				10,
				1,
				7.056,
				7.816,
				7.111,
				6.501,
				7.167,
				5,
				1,
				7.233,
				3.199,
				7.3,
				1.801,
				7.367,
				0,
				1,
				7.422,
				-1.501,
				7.478,
				-3.333,
				7.533,
				-5,
				1,
				7.578,
				-6.333,
				7.622,
				-7.336,
				7.667,
				-8.801
			]
		},
		{
			"Target": "Parameter",
			"Id": "Param36",
			"Segments": [
				0,
				-1,
				1,
				0.178,
				-1,
				0.356,
				-1,
				0.533,
				-1,
				1,
				0.544,
				-1,
				0.556,
				1,
				0.567,
				1,
				1,
				0.6,
				1,
				0.633,
				1,
				0.667,
				1,
				1,
				0.678,
				1,
				0.689,
				-1,
				0.7,
				-1,
				1,
				1.056,
				-1,
				1.411,
				-1,
				1.767,
				-1,
				1,
				1.778,
				-1,
				1.789,
				1,
				1.8,
				1,
				1,
				1.833,
				1,
				1.867,
				1,
				1.9,
				1,
				1,
				1.911,
				1,
				1.922,
				-1,
				1.933,
				-1,
				1,
				2.278,
				-1,
				2.622,
				-1,
				2.967,
				-1,
				1,
				2.978,
				-1,
				2.989,
				1,
				3,
				1,
				1,
				3.044,
				1,
				3.089,
				1,
				3.133,
				1,
				1,
				3.144,
				1,
				3.156,
				-1,
				3.167,
				-1,
				1,
				3.511,
				-1,
				3.856,
				-1,
				4.2,
				-1,
				1,
				4.211,
				-1,
				4.222,
				1,
				4.233,
				1,
				1,
				4.267,
				1,
				4.3,
				1,
				4.333,
				1,
				1,
				4.344,
				1,
				4.356,
				-1,
				4.367,
				-1,
				1,
				4.722,
				-1,
				5.078,
				-1,
				5.433,
				-1,
				1,
				5.444,
				-1,
				5.456,
				1,
				5.467,
				1,
				1,
				5.5,
				1,
				5.533,
				1,
				5.567,
				1,
				1,
				5.578,
				1,
				5.589,
				-1,
				5.6,
				-1,
				1,
				5.956,
				-1,
				6.311,
				-1,
				6.667,
				-1,
				1,
				6.678,
				-1,
				6.689,
				1,
				6.7,
				1,
				1,
				6.733,
				1,
				6.767,
				1,
				6.8,
				1,
				1,
				6.811,
				1,
				6.822,
				-1,
				6.833,
				-1,
				1,
				7.111,
				-1,
				7.389,
				-1,
				7.667,
				-1
			]
		},
		{
			"Target": "Parameter",
			"Id": "Param34",
			"Segments": [
				0,
				-10,
				1,
				0.056,
				-10,
				0.111,
				-15,
				0.167,
				-15,
				1,
				0.233,
				-15,
				0.3,
				15,
				0.367,
				15,
				1,
				0.422,
				15,
				0.478,
				12.184,
				0.533,
				10,
				1,
				0.589,
				7.816,
				0.644,
				6.667,
				0.7,
				5,
				1,
				0.756,
				3.333,
				0.811,
				1.501,
				0.867,
				0,
				1,
				0.933,
				-1.801,
				1,
				-3.199,
				1.067,
				-5,
				1,
				1.122,
				-6.501,
				1.178,
				-7.816,
				1.233,
				-10,
				1,
				1.289,
				-12.184,
				1.344,
				-15,
				1.4,
				-15,
				1,
				1.456,
				-15,
				1.511,
				15,
				1.567,
				15,
				1,
				1.633,
				15,
				1.7,
				12.533,
				1.767,
				10,
				1,
				1.822,
				7.889,
				1.878,
				6.667,
				1.933,
				5,
				1,
				1.989,
				3.333,
				2.044,
				1.667,
				2.1,
				0,
				1,
				2.156,
				-1.667,
				2.211,
				-3.499,
				2.267,
				-5,
				1,
				2.333,
				-6.801,
				2.4,
				-7.785,
				2.467,
				-10,
				1,
				2.522,
				-11.846,
				2.578,
				-15,
				2.633,
				-15,
				1,
				2.689,
				-15,
				2.744,
				15,
				2.8,
				15,
				1,
				2.856,
				15,
				2.911,
				11.846,
				2.967,
				10,
				1,
				3.033,
				7.785,
				3.1,
				6.801,
				3.167,
				5,
				1,
				3.222,
				3.499,
				3.278,
				1.667,
				3.333,
				0,
				1,
				3.389,
				-1.667,
				3.444,
				-3.333,
				3.5,
				-5,
				1,
				3.556,
				-6.667,
				3.611,
				-7.889,
				3.667,
				-10,
				1,
				3.733,
				-12.533,
				3.8,
				-15,
				3.867,
				-15,
				1,
				3.922,
				-15,
				3.978,
				15,
				4.033,
				15,
				1,
				4.089,
				15,
				4.144,
				12.184,
				4.2,
				10,
				1,
				4.256,
				7.816,
				4.311,
				6.501,
				4.367,
				5,
				1,
				4.433,
				3.199,
				4.5,
				1.801,
				4.567,
				0,
				1,
				4.622,
				-1.501,
				4.678,
				-3.333,
				4.733,
				-5,
				1,
				4.789,
				-6.667,
				4.844,
				-7.816,
				4.9,
				-10,
				1,
				4.956,
				-12.184,
				5.011,
				-15,
				5.067,
				-15,
				1,
				5.133,
				-15,
				5.2,
				15,
				5.267,
				15,
				1,
				5.322,
				15,
				5.378,
				12.184,
				5.433,
				10,
				1,
				5.489,
				7.816,
				5.544,
				6.667,
				5.6,
				5,
				1,
				5.656,
				3.333,
				5.711,
				1.501,
				5.767,
				0,
				1,
				5.833,
				-1.801,
				5.9,
				-3.199,
				5.967,
				-5,
				1,
				6.022,
				-6.501,
				6.078,
				-7.816,
				6.133,
				-10,
				1,
				6.189,
				-12.184,
				6.244,
				-15,
				6.3,
				-15,
				1,
				6.356,
				-15,
				6.411,
				15,
				6.467,
				15,
				1,
				6.533,
				15,
				6.6,
				12.533,
				6.667,
				10,
				1,
				6.722,
				7.889,
				6.778,
				6.667,
				6.833,
				5,
				1,
				6.889,
				3.333,
				6.944,
				1.667,
				7,
				0,
				1,
				7.056,
				-1.667,
				7.111,
				-3.499,
				7.167,
				-5,
				1,
				7.233,
				-6.801,
				7.3,
				-7.785,
				7.367,
				-10,
				1,
				7.422,
				-11.846,
				7.478,
				-15,
				7.533,
				-15,
				1,
				7.578,
				-15,
				7.622,
				4.2,
				7.667,
				11.88
			]
		},
		{
			"Target": "Parameter",
			"Id": "Param37",
			"Segments": [
				0,
				-1,
				1,
				0.056,
				-1,
				0.111,
				-1,
				0.167,
				-1,
				1,
				0.178,
				-1,
				0.189,
				1,
				0.2,
				1,
				1,
				0.244,
				1,
				0.289,
				1,
				0.333,
				1,
				1,
				0.344,
				1,
				0.356,
				-1,
				0.367,
				-1,
				1,
				0.422,
				-1,
				0.478,
				-1,
				0.533,
				-1,
				1,
				0.822,
				-1,
				1.111,
				-1,
				1.4,
				-1,
				1,
				1.411,
				-1,
				1.422,
				1,
				1.433,
				1,
				1,
				1.467,
				1,
				1.5,
				1,
				1.533,
				1,
				1,
				1.544,
				1,
				1.556,
				-1,
				1.567,
				-1,
				1,
				1.633,
				-1,
				1.7,
				-1,
				1.767,
				-1,
				1,
				2.056,
				-1,
				2.344,
				-1,
				2.633,
				-1,
				1,
				2.644,
				-1,
				2.656,
				1,
				2.667,
				1,
				1,
				2.7,
				1,
				2.733,
				1,
				2.767,
				1,
				1,
				2.778,
				1,
				2.789,
				-1,
				2.8,
				-1,
				1,
				2.856,
				-1,
				2.911,
				-1,
				2.967,
				-1,
				1,
				3.267,
				-1,
				3.567,
				-1,
				3.867,
				-1,
				1,
				3.878,
				-1,
				3.889,
				1,
				3.9,
				1,
				1,
				3.933,
				1,
				3.967,
				1,
				4,
				1,
				1,
				4.011,
				1,
				4.022,
				-1,
				4.033,
				-1,
				1,
				4.089,
				-1,
				4.144,
				-1,
				4.2,
				-1,
				1,
				4.489,
				-1,
				4.778,
				-1,
				5.067,
				-1,
				1,
				5.078,
				-1,
				5.089,
				1,
				5.1,
				1,
				1,
				5.144,
				1,
				5.189,
				1,
				5.233,
				1,
				1,
				5.244,
				1,
				5.256,
				-1,
				5.267,
				-1,
				1,
				5.322,
				-1,
				5.378,
				-1,
				5.433,
				-1,
				1,
				5.722,
				-1,
				6.011,
				-1,
				6.3,
				-1,
				1,
				6.311,
				-1,
				6.322,
				1,
				6.333,
				1,
				1,
				6.367,
				1,
				6.4,
				1,
				6.433,
				1,
				1,
				6.444,
				1,
				6.456,
				-1,
				6.467,
				-1,
				1,
				6.533,
				-1,
				6.6,
				-1,
				6.667,
				-1,
				1,
				6.956,
				-1,
				7.244,
				-1,
				7.533,
				-1,
				1,
				7.544,
				-1,
				7.556,
				1,
				7.567,
				1,
				1,
				7.6,
				1,
				7.633,
				1,
				7.667,
				1
			]
		},
		{
			"Target": "Parameter",
			"Id": "Param35",
			"Segments": [
				0,
				10,
				1,
				0.056,
				10,
				0.111,
				6.846,
				0.167,
				5,
				1,
				0.233,
				2.785,
				0.3,
				1.801,
				0.367,
				0,
				1,
				0.422,
				-1.501,
				0.478,
				-3.333,
				0.533,
				-5,
				1,
				0.589,
				-6.667,
				0.644,
				-7.816,
				0.7,
				-10,
				1,
				0.756,
				-12.184,
				0.811,
				-15,
				0.867,
				-15,
				1,
				0.933,
				-15,
				1,
				15,
				1.067,
				15,
				1,
				1.122,
				15,
				1.178,
				12.184,
				1.233,
				10,
				1,
				1.289,
				7.816,
				1.344,
				6.667,
				1.4,
				5,
				1,
				1.456,
				3.333,
				1.511,
				1.501,
				1.567,
				0,
				1,
				1.633,
				-1.801,
				1.7,
				-3.199,
				1.767,
				-5,
				1,
				1.822,
				-6.501,
				1.878,
				-7.816,
				1.933,
				-10,
				1,
				1.989,
				-12.184,
				2.044,
				-15,
				2.1,
				-15,
				1,
				2.156,
				-15,
				2.211,
				15,
				2.267,
				15,
				1,
				2.333,
				15,
				2.4,
				12.533,
				2.467,
				10,
				1,
				2.522,
				7.889,
				2.578,
				6.667,
				2.633,
				5,
				1,
				2.689,
				3.333,
				2.744,
				1.667,
				2.8,
				0,
				1,
				2.856,
				-1.667,
				2.911,
				-3.499,
				2.967,
				-5,
				1,
				3.033,
				-6.801,
				3.1,
				-7.785,
				3.167,
				-10,
				1,
				3.222,
				-11.846,
				3.278,
				-15,
				3.333,
				-15,
				1,
				3.389,
				-15,
				3.444,
				15,
				3.5,
				15,
				1,
				3.556,
				15,
				3.611,
				11.846,
				3.667,
				10,
				1,
				3.733,
				7.785,
				3.8,
				6.801,
				3.867,
				5,
				1,
				3.922,
				3.499,
				3.978,
				1.667,
				4.033,
				0,
				1,
				4.089,
				-1.667,
				4.144,
				-3.333,
				4.2,
				-5,
				1,
				4.256,
				-6.667,
				4.311,
				-7.889,
				4.367,
				-10,
				1,
				4.433,
				-12.533,
				4.5,
				-15,
				4.567,
				-15,
				1,
				4.622,
				-15,
				4.678,
				15,
				4.733,
				15,
				1,
				4.789,
				15,
				4.844,
				12.184,
				4.9,
				10,
				1,
				4.956,
				7.816,
				5.011,
				6.501,
				5.067,
				5,
				1,
				5.133,
				3.199,
				5.2,
				1.801,
				5.267,
				0,
				1,
				5.322,
				-1.501,
				5.378,
				-3.333,
				5.433,
				-5,
				1,
				5.489,
				-6.667,
				5.544,
				-7.816,
				5.6,
				-10,
				1,
				5.656,
				-12.184,
				5.711,
				-15,
				5.767,
				-15,
				1,
				5.833,
				-15,
				5.9,
				15,
				5.967,
				15,
				1,
				6.022,
				15,
				6.078,
				12.184,
				6.133,
				10,
				1,
				6.189,
				7.816,
				6.244,
				6.667,
				6.3,
				5,
				1,
				6.356,
				3.333,
				6.411,
				1.501,
				6.467,
				0,
				1,
				6.533,
				-1.801,
				6.6,
				-3.199,
				6.667,
				-5,
				1,
				6.722,
				-6.501,
				6.778,
				-7.816,
				6.833,
				-10,
				1,
				6.889,
				-12.184,
				6.944,
				-15,
				7,
				-15,
				1,
				7.056,
				-15,
				7.111,
				15,
				7.167,
				15,
				1,
				7.233,
				15,
				7.3,
				12.533,
				7.367,
				10,
				1,
				7.422,
				7.889,
				7.478,
				6.667,
				7.533,
				5,
				1,
				7.578,
				3.667,
				7.622,
				2.333,
				7.667,
				1
			]
		},
		{
			"Target": "Parameter",
			"Id": "Param38",
			"Segments": [
				0,
				-1,
				1,
				0.289,
				-1,
				0.578,
				-1,
				0.867,
				-1,
				1,
				0.878,
				-1,
				0.889,
				1,
				0.9,
				1,
				1,
				0.944,
				1,
				0.989,
				1,
				1.033,
				1,
				1,
				1.044,
				1,
				1.056,
				-1,
				1.067,
				-1,
				1,
				1.411,
				-1,
				1.756,
				-1,
				2.1,
				-1,
				1,
				2.111,
				-1,
				2.122,
				1,
				2.133,
				1,
				1,
				2.167,
				1,
				2.2,
				1,
				2.233,
				1,
				1,
				2.244,
				1,
				2.256,
				-1,
				2.267,
				-1,
				1,
				2.622,
				-1,
				2.978,
				-1,
				3.333,
				-1,
				1,
				3.344,
				-1,
				3.356,
				1,
				3.367,
				1,
				1,
				3.4,
				1,
				3.433,
				1,
				3.467,
				1,
				1,
				3.478,
				1,
				3.489,
				-1,
				3.5,
				-1,
				1,
				3.856,
				-1,
				4.211,
				-1,
				4.567,
				-1,
				1,
				4.578,
				-1,
				4.589,
				1,
				4.6,
				1,
				1,
				4.633,
				1,
				4.667,
				1,
				4.7,
				1,
				1,
				4.711,
				1,
				4.722,
				-1,
				4.733,
				-1,
				1,
				5.078,
				-1,
				5.422,
				-1,
				5.767,
				-1,
				1,
				5.778,
				-1,
				5.789,
				1,
				5.8,
				1,
				1,
				5.844,
				1,
				5.889,
				1,
				5.933,
				1,
				1,
				5.944,
				1,
				5.956,
				-1,
				5.967,
				-1,
				1,
				6.311,
				-1,
				6.656,
				-1,
				7,
				-1,
				1,
				7.011,
				-1,
				7.022,
				1,
				7.033,
				1,
				1,
				7.067,
				1,
				7.1,
				1,
				7.133,
				1,
				1,
				7.144,
				1,
				7.156,
				-1,
				7.167,
				-1,
				1,
				7.333,
				-1,
				7.5,
				-1,
				7.667,
				-1
			]
		},
		{
			"Target": "PartOpacity",
			"Id": "Part",
			"Segments": [
				0,
				1,
				0,
				7.67,
				1
			]
		},
		{
			"Target": "PartOpacity",
			"Id": "Part2",
			"Segments": [
				0,
				1,
				0,
				7.67,
				1
			]
		},
		{
			"Target": "PartOpacity",
			"Id": "Part3",
			"Segments": [
				0,
				1,
				0,
				7.67,
				1
			]
		},
		{
			"Target": "PartOpacity",
			"Id": "Part4",
			"Segments": [
				0,
				1,
				0,
				7.67,
				1
			]
		},
		{
			"Target": "PartOpacity",
			"Id": "Part5",
			"Segments": [
				0,
				1,
				0,
				7.67,
				1
			]
		},
		{
			"Target": "PartOpacity",
			"Id": "Part27",
			"Segments": [
				0,
				1,
				0,
				7.67,
				1
			]
		},
		{
			"Target": "PartOpacity",
			"Id": "Part6",
			"Segments": [
				0,
				1,
				0,
				7.67,
				1
			]
		},
		{
			"Target": "PartOpacity",
			"Id": "Part11",
			"Segments": [
				0,
				1,
				0,
				7.67,
				1
			]
		},
		{
			"Target": "PartOpacity",
			"Id": "Part12",
			"Segments": [
				0,
				1,
				0,
				7.67,
				1
			]
		},
		{
			"Target": "PartOpacity",
			"Id": "Part13",
			"Segments": [
				0,
				1,
				0,
				7.67,
				1
			]
		},
		{
			"Target": "PartOpacity",
			"Id": "Part14",
			"Segments": [
				0,
				1,
				0,
				7.67,
				1
			]
		},
		{
			"Target": "PartOpacity",
			"Id": "Part15",
			"Segments": [
				0,
				1,
				0,
				7.67,
				1
			]
		},
		{
			"Target": "PartOpacity",
			"Id": "Part16",
			"Segments": [
				0,
				1,
				0,
				7.67,
				1
			]
		},
		{
			"Target": "PartOpacity",
			"Id": "Part17",
			"Segments": [
				0,
				1,
				0,
				7.67,
				1
			]
		},
		{
			"Target": "PartOpacity",
			"Id": "Part18",
			"Segments": [
				0,
				1,
				0,
				7.67,
				1
			]
		},
		{
			"Target": "PartOpacity",
			"Id": "Part19",
			"Segments": [
				0,
				1,
				0,
				7.67,
				1
			]
		},
		{
			"Target": "PartOpacity",
			"Id": "Part20",
			"Segments": [
				0,
				1,
				0,
				7.67,
				1
			]
		},
		{
			"Target": "PartOpacity",
			"Id": "Part21",
			"Segments": [
				0,
				1,
				0,
				7.67,
				1
			]
		},
		{
			"Target": "PartOpacity",
			"Id": "Part22",
			"Segments": [
				0,
				1,
				0,
				7.67,
				1
			]
		},
		{
			"Target": "PartOpacity",
			"Id": "Part23",
			"Segments": [
				0,
				1,
				0,
				7.67,
				1
			]
		},
		{
			"Target": "PartOpacity",
			"Id": "Part24",
			"Segments": [
				0,
				1,
				0,
				7.67,
				1
			]
		},
		{
			"Target": "PartOpacity",
			"Id": "Part25",
			"Segments": [
				0,
				1,
				0,
				7.67,
				1
			]
		},
		{
			"Target": "PartOpacity",
			"Id": "Part26",
			"Segments": [
				0,
				1,
				0,
				7.67,
				1
			]
		},
		{
			"Target": "PartOpacity",
			"Id": "Part50",
			"Segments": [
				0,
				1,
				0,
				7.67,
				1
			]
		}
	]
}