{
	"Version": 3,
	"Meta": {
		"Duration": 4.33,
		"Fps": 30.0,
		"Loop": true,
		"AreBeziersRestricted": true,
		"CurveCount": 184,
		"TotalSegmentCount": 1225,
		"TotalPointCount": 3511,
		"UserDataCount": 0,
		"TotalUserDataSize": 0
	},
	"Curves": [
		{
			"Target": "Model",
			"Id": "Opacity",
			"Segments": [
				0,
				1,
				0,
				4.33,
				1
			]
		},
		{
			"Target": "Parameter",
			"Id": "ParamBodyAngleX",
			"Segments": [
				0,
				0,
				0,
				0.067,
				0,
				1,
				0.122,
				0,
				0.178,
				-5,
				0.233,
				-5,
				1,
				0.344,
				-5,
				0.456,
				5,
				0.567,
				5,
				1,
				0.733,
				5,
				0.9,
				-3,
				1.067,
				-3,
				1,
				1.344,
				-3,
				1.622,
				3,
				1.9,
				3,
				1,
				2.178,
				3,
				2.456,
				-2,
				2.733,
				-2,
				1,
				3.022,
				-2,
				3.311,
				1,
				3.6,
				1,
				1,
				3.844,
				1,
				4.089,
				-2,
				4.333,
				-2
			]
		},
		{
			"Target": "Parameter",
			"Id": "ParamBodyAngleZ",
			"Segments": [
				0,
				0,
				1,
				0.056,
				0,
				0.111,
				5,
				0.167,
				5,
				1,
				0.278,
				5,
				0.389,
				-5,
				0.5,
				-5,
				1,
				0.667,
				-5,
				0.833,
				3,
				1,
				3,
				1,
				1.278,
				3,
				1.556,
				-3,
				1.833,
				-3,
				1,
				2.111,
				-3,
				2.389,
				2,
				2.667,
				2,
				1,
				2.956,
				2,
				3.244,
				-1,
				3.533,
				-1,
				1,
				3.778,
				-1,
				4.022,
				2,
				4.267,
				2,
				1,
				4.289,
				2,
				4.311,
				1.982,
				4.333,
				1.949
			]
		},
		{
			"Target": "Parameter",
			"Id": "Param172",
			"Segments": [
				0,
				0,
				0,
				0.133,
				0,
				1,
				0.189,
				0,
				0.244,
				-7,
				0.3,
				-7,
				1,
				0.411,
				-7,
				0.522,
				2,
				0.633,
				2,
				1,
				0.8,
				2,
				0.967,
				-1,
				1.133,
				-1,
				1,
				1.411,
				-1,
				1.689,
				1,
				1.967,
				1,
				1,
				2.244,
				1,
				2.522,
				-1,
				2.8,
				-1,
				1,
				3.089,
				-1,
				3.378,
				0,
				3.667,
				0,
				1,
				3.889,
				0,
				4.111,
				-0.826,
				4.333,
				-0.977
			]
		},
		{
			"Target": "Parameter",
			"Id": "Param173",
			"Segments": [
				0,
				6,
				1,
				0.056,
				6,
				0.111,
				15,
				0.167,
				15,
				1,
				0.278,
				15,
				0.389,
				-15,
				0.5,
				-15,
				1,
				0.667,
				-15,
				0.833,
				4,
				1,
				4,
				1,
				1.278,
				4,
				1.556,
				-3,
				1.833,
				-3,
				1,
				2.167,
				-3,
				2.5,
				6,
				2.833,
				6,
				1,
				3.022,
				6,
				3.211,
				-3,
				3.4,
				-3,
				1,
				3.689,
				-3,
				3.978,
				3,
				4.267,
				3,
				1,
				4.289,
				3,
				4.311,
				2.982,
				4.333,
				2.949
			]
		},
		{
			"Target": "Parameter",
			"Id": "ParamBreath",
			"Segments": [
				0,
				0,
				1,
				0.611,
				0,
				1.222,
				1,
				1.833,
				1,
				1,
				2.4,
				1,
				2.967,
				0,
				3.533,
				0,
				1,
				3.8,
				0,
				4.067,
				0.205,
				4.333,
				0.429
			]
		},
		{
			"Target": "Parameter",
			"Id": "ParamAngleX",
			"Segments": [
				0,
				0,
				0,
				0.067,
				0,
				1,
				0.122,
				0,
				0.178,
				-10,
				0.233,
				-10,
				1,
				0.344,
				-10,
				0.456,
				9,
				0.567,
				9,
				1,
				0.733,
				9,
				0.9,
				9.461,
				1.067,
				8,
				1,
				1.344,
				5.565,
				1.622,
				-8,
				1.9,
				-8,
				1,
				2.178,
				-8,
				2.456,
				-8.101,
				2.733,
				-5,
				1,
				3.022,
				-1.775,
				3.311,
				6,
				3.6,
				6,
				1,
				3.844,
				6,
				4.089,
				-5,
				4.333,
				-5
			]
		},
		{
			"Target": "Parameter",
			"Id": "ParamAngleY",
			"Segments": [
				0,
				0,
				1,
				0.056,
				0,
				0.111,
				5,
				0.167,
				5,
				1,
				0.278,
				5,
				0.389,
				-4,
				0.5,
				-4,
				1,
				0.667,
				-4,
				0.833,
				11,
				1,
				11,
				1,
				1.278,
				11,
				1.556,
				11.242,
				1.833,
				10,
				1,
				2.111,
				8.758,
				2.389,
				-10,
				2.667,
				-10,
				1,
				2.956,
				-10,
				3.244,
				-9,
				3.533,
				-9,
				1,
				3.778,
				-9,
				4.022,
				-10,
				4.267,
				-10,
				1,
				4.289,
				-10,
				4.311,
				-9.994,
				4.333,
				-9.983
			]
		},
		{
			"Target": "Parameter",
			"Id": "ParamAngleZ",
			"Segments": [
				0,
				10,
				0,
				0.167,
				10,
				1,
				0.222,
				10,
				0.278,
				14,
				0.333,
				14,
				1,
				0.444,
				14,
				0.556,
				-10,
				0.667,
				-10,
				1,
				0.833,
				-10,
				1,
				8,
				1.167,
				8,
				1,
				1.444,
				8,
				1.722,
				-4,
				2,
				-4,
				1,
				2.278,
				-4,
				2.556,
				4,
				2.833,
				4,
				1,
				3.122,
				4,
				3.411,
				0,
				3.7,
				0,
				1,
				3.911,
				0,
				4.122,
				2.983,
				4.333,
				3.797
			]
		},
		{
			"Target": "Parameter",
			"Id": "ParamBrowLY",
			"Segments": [
				0,
				0,
				1,
				0.056,
				0,
				0.111,
				0,
				0.167,
				0,
				1,
				0.278,
				0,
				0.389,
				-0.4,
				0.5,
				-0.4,
				0,
				4.333,
				-0.4
			]
		},
		{
			"Target": "Parameter",
			"Id": "ParamBrowLX",
			"Segments": [
				0,
				0,
				1,
				0.056,
				0,
				0.111,
				0,
				0.167,
				0,
				1,
				0.278,
				0,
				0.389,
				-0.2,
				0.5,
				-0.2,
				0,
				4.333,
				-0.2
			]
		},
		{
			"Target": "Parameter",
			"Id": "ParamBrowLAngle",
			"Segments": [
				0,
				0,
				1,
				0.056,
				0,
				0.111,
				0,
				0.167,
				0,
				1,
				0.278,
				0,
				0.389,
				-0.9,
				0.5,
				-0.9,
				0,
				4.333,
				-0.9
			]
		},
		{
			"Target": "Parameter",
			"Id": "ParamBrowLForm",
			"Segments": [
				0,
				0,
				1,
				0.056,
				0,
				0.111,
				0,
				0.167,
				0,
				1,
				0.278,
				0,
				0.389,
				-0.2,
				0.5,
				-0.2,
				0,
				4.333,
				-0.2
			]
		},
		{
			"Target": "Parameter",
			"Id": "ParamBrowRY",
			"Segments": [
				0,
				0,
				1,
				0.056,
				0,
				0.111,
				0,
				0.167,
				0,
				1,
				0.278,
				0,
				0.389,
				0.4,
				0.5,
				0.4,
				0,
				4.333,
				0.4
			]
		},
		{
			"Target": "Parameter",
			"Id": "ParamBrowRX",
			"Segments": [
				0,
				0,
				1,
				0.056,
				0,
				0.111,
				0,
				0.167,
				0,
				1,
				0.278,
				0,
				0.389,
				0,
				0.5,
				0,
				0,
				4.333,
				0
			]
		},
		{
			"Target": "Parameter",
			"Id": "ParamBrowRAngle",
			"Segments": [
				0,
				0,
				1,
				0.056,
				0,
				0.111,
				0,
				0.167,
				0,
				1,
				0.278,
				0,
				0.389,
				-1,
				0.5,
				-1,
				0,
				4.333,
				-1
			]
		},
		{
			"Target": "Parameter",
			"Id": "ParamBrowRForm",
			"Segments": [
				0,
				0,
				1,
				0.056,
				0,
				0.111,
				0,
				0.167,
				0,
				1,
				0.278,
				0,
				0.389,
				-0.3,
				0.5,
				-0.3,
				0,
				4.333,
				-0.3
			]
		},
		{
			"Target": "Parameter",
			"Id": "ParamEyeLOpen",
			"Segments": [
				0,
				1,
				1,
				0.111,
				1,
				0.222,
				-0.5,
				0.333,
				-0.5,
				1,
				0.444,
				-0.5,
				0.556,
				1,
				0.667,
				1,
				1,
				1.167,
				1,
				1.667,
				1,
				2.167,
				1,
				1,
				2.244,
				1,
				2.322,
				-0.5,
				2.4,
				-0.5,
				1,
				2.478,
				-0.5,
				2.556,
				1,
				2.633,
				1,
				0,
				4.333,
				1
			]
		},
		{
			"Target": "Parameter",
			"Id": "Param74",
			"Segments": [
				0,
				0,
				0,
				4.333,
				0
			]
		},
		{
			"Target": "Parameter",
			"Id": "Param73",
			"Segments": [
				0,
				0,
				0,
				4.333,
				0
			]
		},
		{
			"Target": "Parameter",
			"Id": "Param72",
			"Segments": [
				0,
				0,
				0,
				4.333,
				0
			]
		},
		{
			"Target": "Parameter",
			"Id": "ParamEyeROpen",
			"Segments": [
				0,
				1,
				1,
				0.111,
				1,
				0.222,
				-0.5,
				0.333,
				-0.5,
				1,
				0.444,
				-0.5,
				0.556,
				1,
				0.667,
				1,
				1,
				1.167,
				1,
				1.667,
				1,
				2.167,
				1,
				1,
				2.244,
				1,
				2.322,
				-0.5,
				2.4,
				-0.5,
				1,
				2.478,
				-0.5,
				2.556,
				1,
				2.633,
				1,
				0,
				4.333,
				1
			]
		},
		{
			"Target": "Parameter",
			"Id": "Param76",
			"Segments": [
				0,
				0,
				0,
				4.333,
				0
			]
		},
		{
			"Target": "Parameter",
			"Id": "Param75",
			"Segments": [
				0,
				0,
				0,
				4.333,
				0
			]
		},
		{
			"Target": "Parameter",
			"Id": "Param77",
			"Segments": [
				0,
				0,
				0,
				4.333,
				0
			]
		},
		{
			"Target": "Parameter",
			"Id": "ParamEyeBallX",
			"Segments": [
				0,
				0,
				0,
				0.067,
				0,
				1,
				0.178,
				0,
				0.289,
				0,
				0.4,
				0,
				1,
				0.511,
				0,
				0.622,
				0.1,
				0.733,
				0.1,
				1,
				1.233,
				0.1,
				1.733,
				0.1,
				2.233,
				0.1,
				1,
				2.311,
				0.1,
				2.389,
				0,
				2.467,
				0,
				1,
				2.544,
				0,
				2.622,
				0,
				2.7,
				0,
				0,
				4.333,
				0
			]
		},
		{
			"Target": "Parameter",
			"Id": "ParamEyeBallY",
			"Segments": [
				0,
				0,
				0,
				0.067,
				0,
				1,
				0.178,
				0,
				0.289,
				-1,
				0.4,
				-1,
				1,
				0.511,
				-1,
				0.622,
				0.2,
				0.733,
				0.2,
				1,
				1.233,
				0.2,
				1.733,
				0.177,
				2.233,
				0.1,
				1,
				2.311,
				0.088,
				2.389,
				-1,
				2.467,
				-1,
				1,
				2.544,
				-1,
				2.622,
				0,
				2.7,
				0,
				0,
				4.333,
				0
			]
		},
		{
			"Target": "Parameter",
			"Id": "ParamCheek",
			"Segments": [
				0,
				0,
				0,
				4.333,
				0
			]
		},
		{
			"Target": "Parameter",
			"Id": "Param78",
			"Segments": [
				0,
				0,
				0,
				4.333,
				0
			]
		},
		{
			"Target": "Parameter",
			"Id": "Param79",
			"Segments": [
				0,
				0,
				0,
				4.333,
				0
			]
		},
		{
			"Target": "Parameter",
			"Id": "ParamMouthOpenY",
			"Segments": [
				0,
				0,
				1,
				0.044,
				0,
				0.089,
				0.5,
				0.133,
				0.5,
				1,
				0.178,
				0.5,
				0.222,
				0.2,
				0.267,
				0.2,
				1,
				0.289,
				0.2,
				0.311,
				0.773,
				0.333,
				0.894,
				1,
				0.356,
				1.015,
				0.378,
				1,
				0.4,
				1,
				1,
				0.544,
				1,
				0.689,
				0,
				0.833,
				0,
				1,
				0.867,
				0,
				0.9,
				0,
				0.933,
				0,
				1,
				1.022,
				0,
				1.111,
				0.843,
				1.2,
				0.843,
				1,
				1.267,
				0.843,
				1.333,
				0.325,
				1.4,
				0.325,
				1,
				1.511,
				0.325,
				1.622,
				1,
				1.733,
				1,
				1,
				1.778,
				1,
				1.822,
				0,
				1.867,
				0,
				1,
				1.933,
				0,
				2,
				0.835,
				2.067,
				0.835,
				1,
				2.089,
				0.835,
				2.111,
				0.749,
				2.133,
				0.749,
				1,
				2.178,
				0.749,
				2.222,
				0.894,
				2.267,
				0.894,
				1,
				2.311,
				0.894,
				2.356,
				0.027,
				2.4,
				0.027,
				1,
				2.422,
				0.027,
				2.444,
				0.98,
				2.467,
				0.98,
				1,
				2.489,
				0.98,
				2.511,
				0.212,
				2.533,
				0.212,
				1,
				2.6,
				0.212,
				2.667,
				0.992,
				2.733,
				0.992,
				1,
				2.756,
				0.992,
				2.778,
				0.702,
				2.8,
				0.702,
				1,
				2.844,
				0.702,
				2.889,
				0.863,
				2.933,
				0.863,
				1,
				2.956,
				0.863,
				2.978,
				0.259,
				3,
				0.259,
				1,
				3.044,
				0.259,
				3.089,
				0.941,
				3.133,
				0.941,
				1,
				3.244,
				0.941,
				3.356,
				0,
				3.467,
				0,
				1,
				3.489,
				0,
				3.511,
				0,
				3.533,
				0,
				0,
				4.333,
				0
			]
		},
		{
			"Target": "Parameter",
			"Id": "ParamMouthForm",
			"Segments": [
				0,
				0,
				0,
				4.333,
				0
			]
		},
		{
			"Target": "Parameter",
			"Id": "Param80",
			"Segments": [
				0,
				1,
				0,
				4.333,
				1
			]
		},
		{
			"Target": "Parameter",
			"Id": "Param",
			"Segments": [
				0,
				0,
				1,
				0.056,
				0,
				0.111,
				-10,
				0.167,
				-10,
				1,
				0.278,
				-10,
				0.389,
				6,
				0.5,
				6,
				1,
				0.778,
				6,
				1.056,
				-1,
				1.333,
				-1,
				1,
				1.611,
				-1,
				1.889,
				2.189,
				2.167,
				2.189,
				1,
				2.333,
				2.189,
				2.5,
				1.845,
				2.667,
				0,
				1,
				2.722,
				-0.615,
				2.778,
				-10,
				2.833,
				-10,
				1,
				2.944,
				-10,
				3.056,
				6,
				3.167,
				6,
				1,
				3.511,
				6,
				3.856,
				2.542,
				4.2,
				1,
				1,
				4.244,
				0.801,
				4.289,
				0.641,
				4.333,
				0.512
			]
		},
		{
			"Target": "Parameter",
			"Id": "Param2",
			"Segments": [
				0,
				0,
				0,
				0.033,
				0,
				1,
				0.089,
				0,
				0.144,
				-10,
				0.2,
				-10,
				1,
				0.311,
				-10,
				0.422,
				6,
				0.533,
				6,
				1,
				0.811,
				6,
				1.089,
				-1,
				1.367,
				-1,
				1,
				1.644,
				-1,
				1.922,
				2.189,
				2.2,
				2.189,
				1,
				2.367,
				2.189,
				2.533,
				1.845,
				2.7,
				0,
				1,
				2.756,
				-0.615,
				2.811,
				-10,
				2.867,
				-10,
				1,
				2.978,
				-10,
				3.089,
				6,
				3.2,
				6,
				1,
				3.544,
				6,
				3.889,
				3.44,
				4.233,
				1,
				1,
				4.267,
				0.764,
				4.3,
				0.555,
				4.333,
				0.371
			]
		},
		{
			"Target": "Parameter",
			"Id": "Param3",
			"Segments": [
				0,
				-10,
				0,
				0.067,
				-10,
				1,
				0.122,
				-10,
				0.178,
				-30,
				0.233,
				-30,
				1,
				0.344,
				-30,
				0.456,
				22,
				0.567,
				22,
				1,
				0.844,
				22,
				1.122,
				-6.138,
				1.4,
				-6.138,
				1,
				1.678,
				-6.138,
				1.956,
				7.759,
				2.233,
				7.759,
				1,
				2.4,
				7.759,
				2.567,
				4.086,
				2.733,
				-10,
				1,
				2.789,
				-14.695,
				2.844,
				-30,
				2.9,
				-30,
				1,
				3.011,
				-30,
				3.122,
				22,
				3.233,
				22,
				1,
				3.578,
				22,
				3.922,
				7.995,
				4.267,
				2,
				1,
				4.289,
				1.613,
				4.311,
				1.263,
				4.333,
				0.947
			]
		},
		{
			"Target": "Parameter",
			"Id": "Param4",
			"Segments": [
				0,
				10,
				0,
				4.333,
				10
			]
		},
		{
			"Target": "Parameter",
			"Id": "Param30",
			"Segments": [
				0,
				0,
				1,
				0.356,
				0,
				0.711,
				1,
				1.067,
				1,
				1,
				1.489,
				1,
				1.911,
				0,
				2.333,
				0,
				1,
				2.8,
				0,
				3.267,
				1,
				3.733,
				1,
				1,
				3.933,
				1,
				4.133,
				0.776,
				4.333,
				0.539
			]
		},
		{
			"Target": "Parameter",
			"Id": "Param5",
			"Segments": [
				0,
				10,
				0,
				4.333,
				10
			]
		},
		{
			"Target": "Parameter",
			"Id": "Param6",
			"Segments": [
				0,
				-29.732,
				0,
				4.333,
				-29.732
			]
		},
		{
			"Target": "Parameter",
			"Id": "Param9",
			"Segments": [
				0,
				0,
				0,
				4.333,
				0
			]
		},
		{
			"Target": "Parameter",
			"Id": "Param8",
			"Segments": [
				0,
				0,
				0,
				4.333,
				0
			]
		},
		{
			"Target": "Parameter",
			"Id": "Param7",
			"Segments": [
				0,
				0,
				0,
				4.333,
				0
			]
		},
		{
			"Target": "Parameter",
			"Id": "Param10",
			"Segments": [
				0,
				0,
				0,
				4.333,
				0
			]
		},
		{
			"Target": "Parameter",
			"Id": "Param11",
			"Segments": [
				0,
				0,
				0,
				4.333,
				0
			]
		},
		{
			"Target": "Parameter",
			"Id": "Param12",
			"Segments": [
				0,
				0,
				0,
				4.333,
				0
			]
		},
		{
			"Target": "Parameter",
			"Id": "Param13",
			"Segments": [
				0,
				0,
				0,
				4.333,
				0
			]
		},
		{
			"Target": "Parameter",
			"Id": "Param14",
			"Segments": [
				0,
				0,
				0,
				4.333,
				0
			]
		},
		{
			"Target": "Parameter",
			"Id": "Param15",
			"Segments": [
				0,
				0,
				0,
				0.1,
				0,
				1,
				0.156,
				0,
				0.211,
				20.316,
				0.267,
				20.316,
				1,
				0.378,
				20.316,
				0.489,
				-15.526,
				0.6,
				-15.526,
				1,
				0.767,
				-15.526,
				0.933,
				10,
				1.1,
				10,
				1,
				1.378,
				10,
				1.656,
				-6,
				1.933,
				-6,
				1,
				2.211,
				-6,
				2.489,
				5,
				2.767,
				5,
				1,
				2.989,
				5,
				3.211,
				-9.04,
				3.433,
				-9.04,
				1,
				3.733,
				-9.04,
				4.033,
				5,
				4.333,
				5
			]
		},
		{
			"Target": "Parameter",
			"Id": "Param16",
			"Segments": [
				0,
				0,
				0,
				0.133,
				0,
				1,
				0.189,
				0,
				0.244,
				20.316,
				0.3,
				20.316,
				1,
				0.411,
				20.316,
				0.522,
				-15.526,
				0.633,
				-15.526,
				1,
				0.8,
				-15.526,
				0.967,
				10,
				1.133,
				10,
				1,
				1.411,
				10,
				1.689,
				-6,
				1.967,
				-6,
				1,
				2.244,
				-6,
				2.522,
				5,
				2.8,
				5,
				1,
				3.022,
				5,
				3.244,
				-9.6,
				3.467,
				-9.6,
				1,
				3.756,
				-9.6,
				4.044,
				3.939,
				4.333,
				4.941
			]
		},
		{
			"Target": "Parameter",
			"Id": "Param17",
			"Segments": [
				0,
				0,
				0,
				0.167,
				0,
				1,
				0.222,
				0,
				0.278,
				20.316,
				0.333,
				20.316,
				1,
				0.444,
				20.316,
				0.556,
				-15.526,
				0.667,
				-15.526,
				1,
				0.833,
				-15.526,
				1,
				10,
				1.167,
				10,
				1,
				1.444,
				10,
				1.722,
				-6,
				2,
				-6,
				1,
				2.278,
				-6,
				2.556,
				5,
				2.833,
				5,
				1,
				3.056,
				5,
				3.278,
				-9.6,
				3.5,
				-9.6,
				1,
				3.778,
				-9.6,
				4.056,
				2.917,
				4.333,
				4.772
			]
		},
		{
			"Target": "Parameter",
			"Id": "Param21",
			"Segments": [
				0,
				4.8,
				0,
				0.133,
				4.8,
				1,
				0.189,
				4.8,
				0.244,
				0,
				0.3,
				0,
				1,
				0.411,
				0,
				0.522,
				10,
				0.633,
				10,
				1,
				0.8,
				10,
				0.967,
				0,
				1.133,
				0,
				1,
				1.411,
				0,
				1.689,
				5,
				1.967,
				5,
				1,
				2.244,
				5,
				2.522,
				0,
				2.8,
				0,
				1,
				3.022,
				0,
				3.244,
				2.4,
				3.467,
				2.4,
				1,
				3.756,
				2.4,
				4.044,
				0.174,
				4.333,
				0.01
			]
		},
		{
			"Target": "Parameter",
			"Id": "Param18",
			"Segments": [
				0,
				0,
				0,
				0.2,
				0,
				1,
				0.256,
				0,
				0.311,
				20.058,
				0.367,
				20.058,
				1,
				0.478,
				20.058,
				0.589,
				-15.212,
				0.7,
				-15.212,
				1,
				0.867,
				-15.212,
				1.033,
				10,
				1.2,
				10,
				1,
				1.478,
				10,
				1.756,
				-6,
				2.033,
				-6,
				1,
				2.311,
				-6,
				2.589,
				5,
				2.867,
				5,
				1,
				3.089,
				5,
				3.311,
				-7.983,
				3.533,
				-7.983,
				1,
				3.8,
				-7.983,
				4.067,
				1.555,
				4.333,
				4.281
			]
		},
		{
			"Target": "Parameter",
			"Id": "Param19",
			"Segments": [
				0,
				0,
				0,
				0.233,
				0,
				1,
				0.289,
				0,
				0.344,
				20.058,
				0.4,
				20.058,
				1,
				0.511,
				20.058,
				0.622,
				-15.212,
				0.733,
				-15.212,
				1,
				0.9,
				-15.212,
				1.067,
				10,
				1.233,
				10,
				1,
				1.511,
				10,
				1.789,
				-6,
				2.067,
				-6,
				1,
				2.344,
				-6,
				2.622,
				5,
				2.9,
				5,
				1,
				3.122,
				5,
				3.344,
				-7.983,
				3.567,
				-7.983,
				1,
				3.822,
				-7.983,
				4.078,
				0.777,
				4.333,
				3.906
			]
		},
		{
			"Target": "Parameter",
			"Id": "Param20",
			"Segments": [
				0,
				0,
				0,
				0.267,
				0,
				1,
				0.322,
				0,
				0.378,
				20.058,
				0.433,
				20.058,
				1,
				0.544,
				20.058,
				0.656,
				-15.212,
				0.767,
				-15.212,
				1,
				0.933,
				-15.212,
				1.1,
				10,
				1.267,
				10,
				1,
				1.544,
				10,
				1.822,
				-6,
				2.1,
				-6,
				1,
				2.378,
				-6,
				2.656,
				5,
				2.933,
				5,
				1,
				3.156,
				5,
				3.378,
				-7.983,
				3.6,
				-7.983,
				1,
				3.844,
				-7.983,
				4.089,
				0.032,
				4.333,
				3.467
			]
		},
		{
			"Target": "Parameter",
			"Id": "Param35",
			"Segments": [
				0,
				0,
				1,
				0.056,
				0,
				0.111,
				-30,
				0.167,
				-30,
				1,
				0.278,
				-30,
				0.389,
				30,
				0.5,
				30,
				1,
				0.667,
				30,
				0.833,
				-20,
				1,
				-20,
				1,
				1.278,
				-20,
				1.556,
				16,
				1.833,
				16,
				1,
				2.111,
				16,
				2.389,
				-10,
				2.667,
				-10,
				1,
				2.956,
				-10,
				3.244,
				12.188,
				3.533,
				12.188,
				1,
				3.8,
				12.188,
				4.067,
				-10,
				4.333,
				-10
			]
		},
		{
			"Target": "Parameter",
			"Id": "Param174",
			"Segments": [
				0,
				0,
				1,
				0.022,
				0,
				0.044,
				0,
				0.067,
				0,
				1,
				0.178,
				0,
				0.289,
				-30,
				0.4,
				-30,
				1,
				0.567,
				-30,
				0.733,
				0,
				0.9,
				0,
				1,
				1.178,
				0,
				1.456,
				-16,
				1.733,
				-16,
				1,
				2.011,
				-16,
				2.289,
				0,
				2.567,
				0,
				1,
				2.856,
				0,
				3.144,
				-11.652,
				3.433,
				-11.652,
				1,
				3.7,
				-11.652,
				3.967,
				0,
				4.233,
				0,
				0,
				4.333,
				0
			]
		},
		{
			"Target": "Parameter",
			"Id": "Param25",
			"Segments": [
				0,
				0,
				1,
				0.056,
				0,
				0.111,
				0,
				0.167,
				0,
				1,
				0.222,
				0,
				0.278,
				-8,
				0.333,
				-8,
				1,
				0.389,
				-8,
				0.444,
				-5.333,
				0.5,
				0,
				1,
				0.556,
				5.333,
				0.611,
				8,
				0.667,
				8,
				1,
				0.722,
				8,
				0.778,
				2.098,
				0.833,
				0,
				1,
				0.944,
				-4.196,
				1.056,
				-5,
				1.167,
				-5,
				1,
				1.278,
				-5,
				1.389,
				-3.333,
				1.5,
				0,
				1,
				1.611,
				3.333,
				1.722,
				5,
				1.833,
				5,
				1,
				1.944,
				5,
				2.056,
				2.483,
				2.167,
				0,
				1,
				2.278,
				-2.483,
				2.389,
				-3,
				2.5,
				-3,
				1,
				2.611,
				-3,
				2.722,
				-2,
				2.833,
				0,
				1,
				2.944,
				2,
				3.056,
				3,
				3.167,
				3,
				1,
				3.289,
				3,
				3.411,
				2.09,
				3.533,
				0,
				1,
				3.644,
				-1.9,
				3.756,
				-3,
				3.867,
				-3,
				1,
				3.978,
				-3,
				4.089,
				-2,
				4.2,
				0,
				1,
				4.244,
				0.8,
				4.289,
				1.44,
				4.333,
				1.92
			]
		},
		{
			"Target": "Parameter",
			"Id": "Param28",
			"Segments": [
				0,
				0,
				1,
				0.056,
				0,
				0.111,
				5,
				0.167,
				5,
				1,
				0.222,
				5,
				0.278,
				4.07,
				0.333,
				0,
				1,
				0.389,
				-4.07,
				0.444,
				-8,
				0.5,
				-8,
				1,
				0.556,
				-8,
				0.611,
				-4.07,
				0.667,
				0,
				1,
				0.722,
				4.07,
				0.778,
				5,
				0.833,
				5,
				1,
				0.944,
				5,
				1.056,
				3.333,
				1.167,
				0,
				1,
				1.278,
				-3.333,
				1.389,
				-5,
				1.5,
				-5,
				1,
				1.611,
				-5,
				1.722,
				-2.483,
				1.833,
				0,
				1,
				1.944,
				2.483,
				2.056,
				3,
				2.167,
				3,
				1,
				2.278,
				3,
				2.389,
				2,
				2.5,
				0,
				1,
				2.611,
				-2,
				2.722,
				-3,
				2.833,
				-3,
				1,
				2.944,
				-3,
				3.056,
				-1.9,
				3.167,
				0,
				1,
				3.289,
				2.09,
				3.411,
				3,
				3.533,
				3,
				1,
				3.644,
				3,
				3.756,
				2,
				3.867,
				0,
				1,
				3.978,
				-2,
				4.089,
				-3,
				4.2,
				-3,
				1,
				4.244,
				-3,
				4.289,
				-2.52,
				4.333,
				-1.944
			]
		},
		{
			"Target": "Parameter",
			"Id": "Param29",
			"Segments": [
				0,
				0,
				0,
				0.1,
				0,
				1,
				0.156,
				0,
				0.211,
				0,
				0.267,
				0,
				1,
				0.322,
				0,
				0.378,
				-8,
				0.433,
				-8,
				1,
				0.489,
				-8,
				0.544,
				-5.333,
				0.6,
				0,
				1,
				0.656,
				5.333,
				0.711,
				8,
				0.767,
				8,
				1,
				0.822,
				8,
				0.878,
				2.098,
				0.933,
				0,
				1,
				1.044,
				-4.196,
				1.156,
				-5,
				1.267,
				-5,
				1,
				1.378,
				-5,
				1.489,
				-3.333,
				1.6,
				0,
				1,
				1.711,
				3.333,
				1.822,
				5,
				1.933,
				5,
				1,
				2.044,
				5,
				2.156,
				2.483,
				2.267,
				0,
				1,
				2.378,
				-2.483,
				2.489,
				-3,
				2.6,
				-3,
				1,
				2.711,
				-3,
				2.822,
				-2,
				2.933,
				0,
				1,
				3.044,
				2,
				3.156,
				3,
				3.267,
				3,
				1,
				3.389,
				3,
				3.511,
				2.09,
				3.633,
				0,
				1,
				3.744,
				-1.9,
				3.856,
				-3,
				3.967,
				-3,
				1,
				4.078,
				-3,
				4.189,
				-2,
				4.3,
				0,
				1,
				4.311,
				0.2,
				4.322,
				0.39,
				4.333,
				0.57
			]
		},
		{
			"Target": "Parameter",
			"Id": "Param109",
			"Segments": [
				0,
				0,
				0,
				0.1,
				0,
				1,
				0.156,
				0,
				0.211,
				8,
				0.267,
				8,
				1,
				0.322,
				8,
				0.378,
				5.333,
				0.433,
				0,
				1,
				0.489,
				-5.333,
				0.544,
				-8,
				0.6,
				-8,
				1,
				0.656,
				-8,
				0.711,
				-4.07,
				0.767,
				0,
				1,
				0.822,
				4.07,
				0.878,
				5,
				0.933,
				5,
				1,
				1.044,
				5,
				1.156,
				3.333,
				1.267,
				0,
				1,
				1.378,
				-3.333,
				1.489,
				-5,
				1.6,
				-5,
				1,
				1.711,
				-5,
				1.822,
				-2.483,
				1.933,
				0,
				1,
				2.044,
				2.483,
				2.156,
				3,
				2.267,
				3,
				1,
				2.378,
				3,
				2.489,
				2,
				2.6,
				0,
				1,
				2.711,
				-2,
				2.822,
				-3,
				2.933,
				-3,
				1,
				3.044,
				-3,
				3.156,
				-1.9,
				3.267,
				0,
				1,
				3.389,
				2.09,
				3.511,
				3,
				3.633,
				3,
				1,
				3.744,
				3,
				3.856,
				2,
				3.967,
				0,
				1,
				4.078,
				-2,
				4.189,
				-3,
				4.3,
				-3,
				1,
				4.311,
				-3,
				4.322,
				-2.97,
				4.333,
				-2.916
			]
		},
		{
			"Target": "Parameter",
			"Id": "Param110",
			"Segments": [
				0,
				0,
				0,
				0.067,
				0,
				1,
				0.122,
				0,
				0.178,
				0,
				0.233,
				0,
				1,
				0.289,
				0,
				0.344,
				-8,
				0.4,
				-8,
				1,
				0.456,
				-8,
				0.511,
				-5.333,
				0.567,
				0,
				1,
				0.622,
				5.333,
				0.678,
				8,
				0.733,
				8,
				1,
				0.789,
				8,
				0.844,
				2.098,
				0.9,
				0,
				1,
				1.011,
				-4.196,
				1.122,
				-5,
				1.233,
				-5,
				1,
				1.344,
				-5,
				1.456,
				-3.333,
				1.567,
				0,
				1,
				1.678,
				3.333,
				1.789,
				5,
				1.9,
				5,
				1,
				2.011,
				5,
				2.122,
				2.483,
				2.233,
				0,
				1,
				2.344,
				-2.483,
				2.456,
				-3,
				2.567,
				-3,
				1,
				2.678,
				-3,
				2.789,
				-2,
				2.9,
				0,
				1,
				3.011,
				2,
				3.122,
				3,
				3.233,
				3,
				1,
				3.356,
				3,
				3.478,
				2.09,
				3.6,
				0,
				1,
				3.711,
				-1.9,
				3.822,
				-3,
				3.933,
				-3,
				1,
				4.044,
				-3,
				4.156,
				-2,
				4.267,
				0,
				1,
				4.289,
				0.4,
				4.311,
				0.76,
				4.333,
				1.08
			]
		},
		{
			"Target": "Parameter",
			"Id": "Param111",
			"Segments": [
				0,
				0,
				0,
				0.067,
				0,
				1,
				0.122,
				0,
				0.178,
				8,
				0.233,
				8,
				1,
				0.289,
				8,
				0.344,
				5.333,
				0.4,
				0,
				1,
				0.456,
				-5.333,
				0.511,
				-8,
				0.567,
				-8,
				1,
				0.622,
				-8,
				0.678,
				-4.07,
				0.733,
				0,
				1,
				0.789,
				4.07,
				0.844,
				5,
				0.9,
				5,
				1,
				1.011,
				5,
				1.122,
				3.333,
				1.233,
				0,
				1,
				1.344,
				-3.333,
				1.456,
				-5,
				1.567,
				-5,
				1,
				1.678,
				-5,
				1.789,
				-2.483,
				1.9,
				0,
				1,
				2.011,
				2.483,
				2.122,
				3,
				2.233,
				3,
				1,
				2.344,
				3,
				2.456,
				2,
				2.567,
				0,
				1,
				2.678,
				-2,
				2.789,
				-3,
				2.9,
				-3,
				1,
				3.011,
				-3,
				3.122,
				-1.9,
				3.233,
				0,
				1,
				3.356,
				2.09,
				3.478,
				3,
				3.6,
				3,
				1,
				3.711,
				3,
				3.822,
				2,
				3.933,
				0,
				1,
				4.044,
				-2,
				4.156,
				-3,
				4.267,
				-3,
				1,
				4.289,
				-3,
				4.311,
				-2.88,
				4.333,
				-2.688
			]
		},
		{
			"Target": "Parameter",
			"Id": "Param194",
			"Segments": [
				0,
				0,
				0,
				0.1,
				0,
				1,
				0.156,
				0,
				0.211,
				0,
				0.267,
				0,
				1,
				0.322,
				0,
				0.378,
				-8,
				0.433,
				-8,
				1,
				0.489,
				-8,
				0.544,
				-5.333,
				0.6,
				0,
				1,
				0.656,
				5.333,
				0.711,
				8,
				0.767,
				8,
				1,
				0.811,
				8,
				0.856,
				5.101,
				0.9,
				1.6,
				1,
				0.911,
				0.725,
				0.922,
				0.344,
				0.933,
				0,
				1,
				1.044,
				-3.444,
				1.156,
				-5,
				1.267,
				-5,
				1,
				1.378,
				-5,
				1.489,
				-3.333,
				1.6,
				0,
				1,
				1.711,
				3.333,
				1.822,
				5,
				1.933,
				5,
				1,
				2.044,
				5,
				2.156,
				2.483,
				2.267,
				0,
				1,
				2.378,
				-2.483,
				2.489,
				-3,
				2.6,
				-3,
				1,
				2.711,
				-3,
				2.822,
				-2,
				2.933,
				0,
				1,
				3.044,
				2,
				3.156,
				3,
				3.267,
				3,
				1,
				3.389,
				3,
				3.511,
				2.09,
				3.633,
				0,
				1,
				3.744,
				-1.9,
				3.856,
				-3,
				3.967,
				-3,
				1,
				4.078,
				-3,
				4.189,
				-2,
				4.3,
				0,
				1,
				4.311,
				0.2,
				4.322,
				0.39,
				4.333,
				0.57
			]
		},
		{
			"Target": "Parameter",
			"Id": "Param195",
			"Segments": [
				0,
				0,
				0,
				0.1,
				0,
				1,
				0.156,
				0,
				0.211,
				8,
				0.267,
				8,
				1,
				0.322,
				8,
				0.378,
				5.333,
				0.433,
				0,
				1,
				0.489,
				-5.333,
				0.544,
				-8,
				0.6,
				-8,
				1,
				0.656,
				-8,
				0.711,
				-4.07,
				0.767,
				0,
				1,
				0.822,
				4.07,
				0.878,
				5,
				0.933,
				5,
				1,
				1.044,
				5,
				1.156,
				3.333,
				1.267,
				0,
				1,
				1.378,
				-3.333,
				1.489,
				-5,
				1.6,
				-5,
				1,
				1.711,
				-5,
				1.822,
				-2.483,
				1.933,
				0,
				1,
				2.044,
				2.483,
				2.156,
				3,
				2.267,
				3,
				1,
				2.378,
				3,
				2.489,
				2,
				2.6,
				0,
				1,
				2.711,
				-2,
				2.822,
				-3,
				2.933,
				-3,
				1,
				3.044,
				-3,
				3.156,
				-1.9,
				3.267,
				0,
				1,
				3.389,
				2.09,
				3.511,
				3,
				3.633,
				3,
				1,
				3.744,
				3,
				3.856,
				2,
				3.967,
				0,
				1,
				4.078,
				-2,
				4.189,
				-3,
				4.3,
				-3,
				1,
				4.311,
				-3,
				4.322,
				-2.97,
				4.333,
				-2.916
			]
		},
		{
			"Target": "Parameter",
			"Id": "Param112",
			"Segments": [
				0,
				0,
				1,
				0.056,
				0,
				0.111,
				0,
				0.167,
				0,
				1,
				0.222,
				0,
				0.278,
				-8,
				0.333,
				-8,
				1,
				0.389,
				-8,
				0.444,
				-5.333,
				0.5,
				0,
				1,
				0.556,
				5.333,
				0.611,
				8,
				0.667,
				8,
				1,
				0.722,
				8,
				0.778,
				2.098,
				0.833,
				0,
				1,
				0.944,
				-4.196,
				1.056,
				-5,
				1.167,
				-5,
				1,
				1.278,
				-5,
				1.389,
				-3.333,
				1.5,
				0,
				1,
				1.611,
				3.333,
				1.722,
				5,
				1.833,
				5,
				1,
				1.944,
				5,
				2.056,
				2.483,
				2.167,
				0,
				1,
				2.278,
				-2.483,
				2.389,
				-3,
				2.5,
				-3,
				1,
				2.611,
				-3,
				2.722,
				-2,
				2.833,
				0,
				1,
				2.944,
				2,
				3.056,
				3,
				3.167,
				3,
				1,
				3.289,
				3,
				3.411,
				2.09,
				3.533,
				0,
				1,
				3.644,
				-1.9,
				3.756,
				-3,
				3.867,
				-3,
				1,
				3.978,
				-3,
				4.089,
				-2,
				4.2,
				0,
				1,
				4.244,
				0.8,
				4.289,
				1.44,
				4.333,
				1.92
			]
		},
		{
			"Target": "Parameter",
			"Id": "Param113",
			"Segments": [
				0,
				0,
				1,
				0.056,
				0,
				0.111,
				8,
				0.167,
				8,
				1,
				0.222,
				8,
				0.278,
				5.333,
				0.333,
				0,
				1,
				0.389,
				-5.333,
				0.444,
				-8,
				0.5,
				-8,
				1,
				0.556,
				-8,
				0.611,
				-4.07,
				0.667,
				0,
				1,
				0.722,
				4.07,
				0.778,
				5,
				0.833,
				5,
				1,
				0.944,
				5,
				1.056,
				3.333,
				1.167,
				0,
				1,
				1.278,
				-3.333,
				1.389,
				-5,
				1.5,
				-5,
				1,
				1.611,
				-5,
				1.722,
				-2.483,
				1.833,
				0,
				1,
				1.944,
				2.483,
				2.056,
				3,
				2.167,
				3,
				1,
				2.278,
				3,
				2.389,
				2,
				2.5,
				0,
				1,
				2.611,
				-2,
				2.722,
				-3,
				2.833,
				-3,
				1,
				2.944,
				-3,
				3.056,
				-1.9,
				3.167,
				0,
				1,
				3.289,
				2.09,
				3.411,
				3,
				3.533,
				3,
				1,
				3.644,
				3,
				3.756,
				2,
				3.867,
				0,
				1,
				3.978,
				-2,
				4.089,
				-3,
				4.2,
				-3,
				1,
				4.244,
				-3,
				4.289,
				-2.52,
				4.333,
				-1.944
			]
		},
		{
			"Target": "Parameter",
			"Id": "Param196",
			"Segments": [
				0,
				0,
				0,
				0.033,
				0,
				1,
				0.089,
				0,
				0.144,
				0,
				0.2,
				0,
				1,
				0.256,
				0,
				0.311,
				-8,
				0.367,
				-8,
				1,
				0.422,
				-8,
				0.478,
				-5.333,
				0.533,
				0,
				1,
				0.589,
				5.333,
				0.644,
				8,
				0.7,
				8,
				1,
				0.756,
				8,
				0.811,
				2.098,
				0.867,
				0,
				1,
				0.978,
				-4.196,
				1.089,
				-5,
				1.2,
				-5,
				1,
				1.311,
				-5,
				1.422,
				-3.333,
				1.533,
				0,
				1,
				1.644,
				3.333,
				1.756,
				5,
				1.867,
				5,
				1,
				1.978,
				5,
				2.089,
				2.483,
				2.2,
				0,
				1,
				2.311,
				-2.483,
				2.422,
				-3,
				2.533,
				-3,
				1,
				2.644,
				-3,
				2.756,
				-2,
				2.867,
				0,
				1,
				2.978,
				2,
				3.089,
				3,
				3.2,
				3,
				1,
				3.322,
				3,
				3.444,
				2.09,
				3.567,
				0,
				1,
				3.678,
				-1.9,
				3.789,
				-3,
				3.9,
				-3,
				1,
				4.011,
				-3,
				4.122,
				-2,
				4.233,
				0,
				1,
				4.267,
				0.6,
				4.3,
				1.11,
				4.333,
				1.53
			]
		},
		{
			"Target": "Parameter",
			"Id": "Param197",
			"Segments": [
				0,
				0,
				0,
				0.033,
				0,
				1,
				0.089,
				0,
				0.144,
				8,
				0.2,
				8,
				1,
				0.256,
				8,
				0.311,
				5.333,
				0.367,
				0,
				1,
				0.422,
				-5.333,
				0.478,
				-8,
				0.533,
				-8,
				1,
				0.589,
				-8,
				0.644,
				-4.07,
				0.7,
				0,
				1,
				0.756,
				4.07,
				0.811,
				5,
				0.867,
				5,
				1,
				0.978,
				5,
				1.089,
				3.333,
				1.2,
				0,
				1,
				1.311,
				-3.333,
				1.422,
				-5,
				1.533,
				-5,
				1,
				1.644,
				-5,
				1.756,
				-2.483,
				1.867,
				0,
				1,
				1.978,
				2.483,
				2.089,
				3,
				2.2,
				3,
				1,
				2.311,
				3,
				2.422,
				2,
				2.533,
				0,
				1,
				2.644,
				-2,
				2.756,
				-3,
				2.867,
				-3,
				1,
				2.978,
				-3,
				3.089,
				-1.9,
				3.2,
				0,
				1,
				3.322,
				2.09,
				3.444,
				3,
				3.567,
				3,
				1,
				3.678,
				3,
				3.789,
				2,
				3.9,
				0,
				1,
				4.011,
				-2,
				4.122,
				-3,
				4.233,
				-3,
				1,
				4.267,
				-3,
				4.3,
				-2.73,
				4.333,
				-2.352
			]
		},
		{
			"Target": "Parameter",
			"Id": "Param114",
			"Segments": [
				0,
				0,
				0,
				0.133,
				0,
				1,
				0.189,
				0,
				0.244,
				0,
				0.3,
				0,
				1,
				0.356,
				0,
				0.411,
				-8,
				0.467,
				-8,
				1,
				0.522,
				-8,
				0.578,
				-5.333,
				0.633,
				0,
				1,
				0.689,
				5.333,
				0.744,
				8,
				0.8,
				8,
				1,
				0.856,
				8,
				0.911,
				2.098,
				0.967,
				0,
				1,
				1.078,
				-4.196,
				1.189,
				-5,
				1.3,
				-5,
				1,
				1.411,
				-5,
				1.522,
				-3.333,
				1.633,
				0,
				1,
				1.744,
				3.333,
				1.856,
				5,
				1.967,
				5,
				1,
				2.078,
				5,
				2.189,
				2.483,
				2.3,
				0,
				1,
				2.411,
				-2.483,
				2.522,
				-3,
				2.633,
				-3,
				1,
				2.744,
				-3,
				2.856,
				-2,
				2.967,
				0,
				1,
				3.078,
				2,
				3.189,
				3,
				3.3,
				3,
				1,
				3.422,
				3,
				3.544,
				2.09,
				3.667,
				0,
				1,
				3.778,
				-1.9,
				3.889,
				-3,
				4,
				-3,
				1,
				4.111,
				-3,
				4.222,
				-2,
				4.333,
				0
			]
		},
		{
			"Target": "Parameter",
			"Id": "Param115",
			"Segments": [
				0,
				0,
				0,
				0.133,
				0,
				1,
				0.189,
				0,
				0.244,
				8,
				0.3,
				8,
				1,
				0.356,
				8,
				0.411,
				5.333,
				0.467,
				0,
				1,
				0.522,
				-5.333,
				0.578,
				-8,
				0.633,
				-8,
				1,
				0.689,
				-8,
				0.744,
				-4.07,
				0.8,
				0,
				1,
				0.856,
				4.07,
				0.911,
				5,
				0.967,
				5,
				1,
				1.078,
				5,
				1.189,
				3.333,
				1.3,
				0,
				1,
				1.411,
				-3.333,
				1.522,
				-5,
				1.633,
				-5,
				1,
				1.744,
				-5,
				1.856,
				-2.483,
				1.967,
				0,
				1,
				2.078,
				2.483,
				2.189,
				3,
				2.3,
				3,
				1,
				2.411,
				3,
				2.522,
				2,
				2.633,
				0,
				1,
				2.744,
				-2,
				2.856,
				-3,
				2.967,
				-3,
				1,
				3.078,
				-3,
				3.189,
				-1.9,
				3.3,
				0,
				1,
				3.422,
				2.09,
				3.544,
				3,
				3.667,
				3,
				1,
				3.778,
				3,
				3.889,
				2,
				4,
				0,
				1,
				4.111,
				-2,
				4.222,
				-3,
				4.333,
				-3
			]
		},
		{
			"Target": "Parameter",
			"Id": "Param192",
			"Segments": [
				0,
				0,
				0,
				0.167,
				0,
				1,
				0.222,
				0,
				0.278,
				0,
				0.333,
				0,
				1,
				0.389,
				0,
				0.444,
				-8,
				0.5,
				-8,
				1,
				0.556,
				-8,
				0.611,
				-5.333,
				0.667,
				0,
				1,
				0.722,
				5.333,
				0.778,
				8,
				0.833,
				8,
				1,
				0.889,
				8,
				0.944,
				2.098,
				1,
				0,
				1,
				1.111,
				-4.196,
				1.222,
				-5,
				1.333,
				-5,
				1,
				1.444,
				-5,
				1.556,
				-3.333,
				1.667,
				0,
				1,
				1.778,
				3.333,
				1.889,
				5,
				2,
				5,
				1,
				2.111,
				5,
				2.222,
				2.483,
				2.333,
				0,
				1,
				2.444,
				-2.483,
				2.556,
				-3,
				2.667,
				-3,
				1,
				2.778,
				-3,
				2.889,
				-2,
				3,
				0,
				1,
				3.111,
				2,
				3.222,
				3,
				3.333,
				3,
				1,
				3.456,
				3,
				3.578,
				2.09,
				3.7,
				0,
				1,
				3.811,
				-1.9,
				3.922,
				-3,
				4.033,
				-3,
				1,
				4.133,
				-3,
				4.233,
				-2.19,
				4.333,
				-0.57
			]
		},
		{
			"Target": "Parameter",
			"Id": "Param193",
			"Segments": [
				0,
				0,
				0,
				0.167,
				0,
				1,
				0.222,
				0,
				0.278,
				8,
				0.333,
				8,
				1,
				0.389,
				8,
				0.444,
				5.333,
				0.5,
				0,
				1,
				0.556,
				-5.333,
				0.611,
				-8,
				0.667,
				-8,
				1,
				0.722,
				-8,
				0.778,
				-4.07,
				0.833,
				0,
				1,
				0.889,
				4.07,
				0.944,
				5,
				1,
				5,
				1,
				1.111,
				5,
				1.222,
				3.333,
				1.333,
				0,
				1,
				1.444,
				-3.333,
				1.556,
				-5,
				1.667,
				-5,
				1,
				1.778,
				-5,
				1.889,
				-2.483,
				2,
				0,
				1,
				2.111,
				2.483,
				2.222,
				3,
				2.333,
				3,
				1,
				2.444,
				3,
				2.556,
				2,
				2.667,
				0,
				1,
				2.778,
				-2,
				2.889,
				-3,
				3,
				-3,
				1,
				3.111,
				-3,
				3.222,
				-1.9,
				3.333,
				0,
				1,
				3.456,
				2.09,
				3.578,
				3,
				3.7,
				3,
				1,
				3.811,
				3,
				3.922,
				2,
				4.033,
				0,
				1,
				4.133,
				-1.8,
				4.233,
				-2.79,
				4.333,
				-2.97
			]
		},
		{
			"Target": "Parameter",
			"Id": "Param116",
			"Segments": [
				0,
				0,
				0,
				0.067,
				0,
				1,
				0.122,
				0,
				0.178,
				0,
				0.233,
				0,
				1,
				0.289,
				0,
				0.344,
				-8,
				0.4,
				-8,
				1,
				0.456,
				-8,
				0.511,
				-5.333,
				0.567,
				0,
				1,
				0.622,
				5.333,
				0.678,
				8,
				0.733,
				8,
				1,
				0.789,
				8,
				0.844,
				2.098,
				0.9,
				0,
				1,
				1.011,
				-4.196,
				1.122,
				-5,
				1.233,
				-5,
				1,
				1.344,
				-5,
				1.456,
				-3.333,
				1.567,
				0,
				1,
				1.678,
				3.333,
				1.789,
				5,
				1.9,
				5,
				1,
				2.011,
				5,
				2.122,
				2.483,
				2.233,
				0,
				1,
				2.344,
				-2.483,
				2.456,
				-3,
				2.567,
				-3,
				1,
				2.678,
				-3,
				2.789,
				-2,
				2.9,
				0,
				1,
				3.011,
				2,
				3.122,
				3,
				3.233,
				3,
				1,
				3.356,
				3,
				3.478,
				2.09,
				3.6,
				0,
				1,
				3.711,
				-1.9,
				3.822,
				-3,
				3.933,
				-3,
				1,
				4.044,
				-3,
				4.156,
				-2,
				4.267,
				0,
				1,
				4.289,
				0.4,
				4.311,
				0.76,
				4.333,
				1.08
			]
		},
		{
			"Target": "Parameter",
			"Id": "Param117",
			"Segments": [
				0,
				0,
				0,
				0.067,
				0,
				1,
				0.122,
				0,
				0.178,
				8,
				0.233,
				8,
				1,
				0.289,
				8,
				0.344,
				5.333,
				0.4,
				0,
				1,
				0.456,
				-5.333,
				0.511,
				-8,
				0.567,
				-8,
				1,
				0.622,
				-8,
				0.678,
				-4.07,
				0.733,
				0,
				1,
				0.789,
				4.07,
				0.844,
				5,
				0.9,
				5,
				1,
				1.011,
				5,
				1.122,
				3.333,
				1.233,
				0,
				1,
				1.344,
				-3.333,
				1.456,
				-5,
				1.567,
				-5,
				1,
				1.678,
				-5,
				1.789,
				-2.483,
				1.9,
				0,
				1,
				2.011,
				2.483,
				2.122,
				3,
				2.233,
				3,
				1,
				2.344,
				3,
				2.456,
				2,
				2.567,
				0,
				1,
				2.678,
				-2,
				2.789,
				-3,
				2.9,
				-3,
				1,
				3.011,
				-3,
				3.122,
				-1.9,
				3.233,
				0,
				1,
				3.356,
				2.09,
				3.478,
				3,
				3.6,
				3,
				1,
				3.711,
				3,
				3.822,
				2,
				3.933,
				0,
				1,
				4.044,
				-2,
				4.156,
				-3,
				4.267,
				-3,
				1,
				4.289,
				-3,
				4.311,
				-2.88,
				4.333,
				-2.688
			]
		},
		{
			"Target": "Parameter",
			"Id": "Param118",
			"Segments": [
				0,
				0,
				1,
				0.056,
				0,
				0.111,
				0,
				0.167,
				0,
				1,
				0.222,
				0,
				0.278,
				-8,
				0.333,
				-8,
				1,
				0.389,
				-8,
				0.444,
				-5.333,
				0.5,
				0,
				1,
				0.556,
				5.333,
				0.611,
				8,
				0.667,
				8,
				1,
				0.722,
				8,
				0.778,
				2.098,
				0.833,
				0,
				1,
				0.944,
				-4.196,
				1.056,
				-5,
				1.167,
				-5,
				1,
				1.278,
				-5,
				1.389,
				-3.333,
				1.5,
				0,
				1,
				1.611,
				3.333,
				1.722,
				5,
				1.833,
				5,
				1,
				1.944,
				5,
				2.056,
				2.483,
				2.167,
				0,
				1,
				2.278,
				-2.483,
				2.389,
				-3,
				2.5,
				-3,
				1,
				2.611,
				-3,
				2.722,
				-2,
				2.833,
				0,
				1,
				2.944,
				2,
				3.056,
				3,
				3.167,
				3,
				1,
				3.289,
				3,
				3.411,
				2.09,
				3.533,
				0,
				1,
				3.644,
				-1.9,
				3.756,
				-3,
				3.867,
				-3,
				1,
				3.978,
				-3,
				4.089,
				-2,
				4.2,
				0,
				1,
				4.244,
				0.8,
				4.289,
				1.44,
				4.333,
				1.92
			]
		},
		{
			"Target": "Parameter",
			"Id": "Param119",
			"Segments": [
				0,
				0,
				1,
				0.056,
				0,
				0.111,
				8,
				0.167,
				8,
				1,
				0.222,
				8,
				0.278,
				5.333,
				0.333,
				0,
				1,
				0.389,
				-5.333,
				0.444,
				-8,
				0.5,
				-8,
				1,
				0.556,
				-8,
				0.611,
				-4.07,
				0.667,
				0,
				1,
				0.722,
				4.07,
				0.778,
				5,
				0.833,
				5,
				1,
				0.944,
				5,
				1.056,
				3.333,
				1.167,
				0,
				1,
				1.278,
				-3.333,
				1.389,
				-5,
				1.5,
				-5,
				1,
				1.611,
				-5,
				1.722,
				-2.483,
				1.833,
				0,
				1,
				1.944,
				2.483,
				2.056,
				3,
				2.167,
				3,
				1,
				2.278,
				3,
				2.389,
				2,
				2.5,
				0,
				1,
				2.611,
				-2,
				2.722,
				-3,
				2.833,
				-3,
				1,
				2.944,
				-3,
				3.056,
				-1.9,
				3.167,
				0,
				1,
				3.289,
				2.09,
				3.411,
				3,
				3.533,
				3,
				1,
				3.644,
				3,
				3.756,
				2,
				3.867,
				0,
				1,
				3.978,
				-2,
				4.089,
				-3,
				4.2,
				-3,
				1,
				4.244,
				-3,
				4.289,
				-2.52,
				4.333,
				-1.944
			]
		},
		{
			"Target": "Parameter",
			"Id": "Param120",
			"Segments": [
				0,
				0,
				0,
				0.067,
				0,
				1,
				0.122,
				0,
				0.178,
				0,
				0.233,
				0,
				1,
				0.289,
				0,
				0.344,
				-8,
				0.4,
				-8,
				1,
				0.456,
				-8,
				0.511,
				-5.333,
				0.567,
				0,
				1,
				0.622,
				5.333,
				0.678,
				8,
				0.733,
				8,
				1,
				0.789,
				8,
				0.844,
				2.098,
				0.9,
				0,
				1,
				1.011,
				-4.196,
				1.122,
				-5,
				1.233,
				-5,
				1,
				1.344,
				-5,
				1.456,
				-3.333,
				1.567,
				0,
				1,
				1.678,
				3.333,
				1.789,
				5,
				1.9,
				5,
				1,
				2.011,
				5,
				2.122,
				2.483,
				2.233,
				0,
				1,
				2.344,
				-2.483,
				2.456,
				-3,
				2.567,
				-3,
				1,
				2.678,
				-3,
				2.789,
				-2,
				2.9,
				0,
				1,
				3.011,
				2,
				3.122,
				3,
				3.233,
				3,
				1,
				3.356,
				3,
				3.478,
				2.09,
				3.6,
				0,
				1,
				3.711,
				-1.9,
				3.822,
				-3,
				3.933,
				-3,
				1,
				4.044,
				-3,
				4.156,
				-2,
				4.267,
				0,
				1,
				4.289,
				0.4,
				4.311,
				0.76,
				4.333,
				1.08
			]
		},
		{
			"Target": "Parameter",
			"Id": "Param175",
			"Segments": [
				0,
				0,
				0,
				0.067,
				0,
				1,
				0.122,
				0,
				0.178,
				8,
				0.233,
				8,
				1,
				0.289,
				8,
				0.344,
				5.333,
				0.4,
				0,
				1,
				0.456,
				-5.333,
				0.511,
				-8,
				0.567,
				-8,
				1,
				0.622,
				-8,
				0.678,
				-4.07,
				0.733,
				0,
				1,
				0.789,
				4.07,
				0.844,
				5,
				0.9,
				5,
				1,
				1.011,
				5,
				1.122,
				3.333,
				1.233,
				0,
				1,
				1.344,
				-3.333,
				1.456,
				-5,
				1.567,
				-5,
				1,
				1.678,
				-5,
				1.789,
				-2.483,
				1.9,
				0,
				1,
				2.011,
				2.483,
				2.122,
				3,
				2.233,
				3,
				1,
				2.344,
				3,
				2.456,
				2,
				2.567,
				0,
				1,
				2.678,
				-2,
				2.789,
				-3,
				2.9,
				-3,
				1,
				3.011,
				-3,
				3.122,
				-1.9,
				3.233,
				0,
				1,
				3.356,
				2.09,
				3.478,
				3,
				3.6,
				3,
				1,
				3.711,
				3,
				3.822,
				2,
				3.933,
				0,
				1,
				4.044,
				-2,
				4.156,
				-3,
				4.267,
				-3,
				1,
				4.289,
				-3,
				4.311,
				-2.88,
				4.333,
				-2.688
			]
		},
		{
			"Target": "Parameter",
			"Id": "Param176",
			"Segments": [
				0,
				0,
				1,
				0.056,
				0,
				0.111,
				0,
				0.167,
				0,
				1,
				0.222,
				0,
				0.278,
				-8,
				0.333,
				-8,
				1,
				0.389,
				-8,
				0.444,
				-5.333,
				0.5,
				0,
				1,
				0.556,
				5.333,
				0.611,
				8,
				0.667,
				8,
				1,
				0.722,
				8,
				0.778,
				2.098,
				0.833,
				0,
				1,
				0.944,
				-4.196,
				1.056,
				-5,
				1.167,
				-5,
				1,
				1.278,
				-5,
				1.389,
				-3.333,
				1.5,
				0,
				1,
				1.611,
				3.333,
				1.722,
				5,
				1.833,
				5,
				1,
				1.944,
				5,
				2.056,
				2.483,
				2.167,
				0,
				1,
				2.278,
				-2.483,
				2.389,
				-3,
				2.5,
				-3,
				1,
				2.611,
				-3,
				2.722,
				-2,
				2.833,
				0,
				1,
				2.944,
				2,
				3.056,
				3,
				3.167,
				3,
				1,
				3.289,
				3,
				3.411,
				2.09,
				3.533,
				0,
				1,
				3.644,
				-1.9,
				3.756,
				-3,
				3.867,
				-3,
				1,
				3.978,
				-3,
				4.089,
				-2,
				4.2,
				0,
				1,
				4.244,
				0.8,
				4.289,
				1.44,
				4.333,
				1.92
			]
		},
		{
			"Target": "Parameter",
			"Id": "Param177",
			"Segments": [
				0,
				0,
				1,
				0.056,
				0,
				0.111,
				8,
				0.167,
				8,
				1,
				0.222,
				8,
				0.278,
				5.333,
				0.333,
				0,
				1,
				0.389,
				-5.333,
				0.444,
				-8,
				0.5,
				-8,
				1,
				0.556,
				-8,
				0.611,
				-4.07,
				0.667,
				0,
				1,
				0.722,
				4.07,
				0.778,
				5,
				0.833,
				5,
				1,
				0.944,
				5,
				1.056,
				3.333,
				1.167,
				0,
				1,
				1.278,
				-3.333,
				1.389,
				-5,
				1.5,
				-5,
				1,
				1.611,
				-5,
				1.722,
				-2.483,
				1.833,
				0,
				1,
				1.944,
				2.483,
				2.056,
				3,
				2.167,
				3,
				1,
				2.278,
				3,
				2.389,
				2,
				2.5,
				0,
				1,
				2.611,
				-2,
				2.722,
				-3,
				2.833,
				-3,
				1,
				2.944,
				-3,
				3.056,
				-1.9,
				3.167,
				0,
				1,
				3.289,
				2.09,
				3.411,
				3,
				3.533,
				3,
				1,
				3.644,
				3,
				3.756,
				2,
				3.867,
				0,
				1,
				3.978,
				-2,
				4.089,
				-3,
				4.2,
				-3,
				1,
				4.244,
				-3,
				4.289,
				-2.52,
				4.333,
				-1.944
			]
		},
		{
			"Target": "Parameter",
			"Id": "Param178",
			"Segments": [
				0,
				0,
				0,
				0.067,
				0,
				1,
				0.122,
				0,
				0.178,
				0,
				0.233,
				0,
				1,
				0.289,
				0,
				0.344,
				-8,
				0.4,
				-8,
				1,
				0.456,
				-8,
				0.511,
				-5.333,
				0.567,
				0,
				1,
				0.622,
				5.333,
				0.678,
				8,
				0.733,
				8,
				1,
				0.789,
				8,
				0.844,
				2.098,
				0.9,
				0,
				1,
				1.011,
				-4.196,
				1.122,
				-5,
				1.233,
				-5,
				1,
				1.344,
				-5,
				1.456,
				-3.333,
				1.567,
				0,
				1,
				1.678,
				3.333,
				1.789,
				5,
				1.9,
				5,
				1,
				2.011,
				5,
				2.122,
				2.483,
				2.233,
				0,
				1,
				2.344,
				-2.483,
				2.456,
				-3,
				2.567,
				-3,
				1,
				2.678,
				-3,
				2.789,
				-2,
				2.9,
				0,
				1,
				3.011,
				2,
				3.122,
				3,
				3.233,
				3,
				1,
				3.356,
				3,
				3.478,
				2.09,
				3.6,
				0,
				1,
				3.711,
				-1.9,
				3.822,
				-3,
				3.933,
				-3,
				1,
				4.044,
				-3,
				4.156,
				-2,
				4.267,
				0,
				1,
				4.289,
				0.4,
				4.311,
				0.76,
				4.333,
				1.08
			]
		},
		{
			"Target": "Parameter",
			"Id": "Param179",
			"Segments": [
				0,
				0,
				0,
				0.067,
				0,
				1,
				0.122,
				0,
				0.178,
				8,
				0.233,
				8,
				1,
				0.289,
				8,
				0.344,
				5.333,
				0.4,
				0,
				1,
				0.456,
				-5.333,
				0.511,
				-8,
				0.567,
				-8,
				1,
				0.622,
				-8,
				0.678,
				-4.07,
				0.733,
				0,
				1,
				0.789,
				4.07,
				0.844,
				5,
				0.9,
				5,
				1,
				1.011,
				5,
				1.122,
				3.333,
				1.233,
				0,
				1,
				1.344,
				-3.333,
				1.456,
				-5,
				1.567,
				-5,
				1,
				1.678,
				-5,
				1.789,
				-2.483,
				1.9,
				0,
				1,
				2.011,
				2.483,
				2.122,
				3,
				2.233,
				3,
				1,
				2.344,
				3,
				2.456,
				2,
				2.567,
				0,
				1,
				2.678,
				-2,
				2.789,
				-3,
				2.9,
				-3,
				1,
				3.011,
				-3,
				3.122,
				-1.9,
				3.233,
				0,
				1,
				3.356,
				2.09,
				3.478,
				3,
				3.6,
				3,
				1,
				3.711,
				3,
				3.822,
				2,
				3.933,
				0,
				1,
				4.044,
				-2,
				4.156,
				-3,
				4.267,
				-3,
				1,
				4.289,
				-3,
				4.311,
				-2.88,
				4.333,
				-2.688
			]
		},
		{
			"Target": "Parameter",
			"Id": "Param180",
			"Segments": [
				0,
				0,
				0,
				0.067,
				0,
				1,
				0.122,
				0,
				0.178,
				-8,
				0.233,
				-8,
				1,
				0.289,
				-8,
				0.344,
				-8,
				0.4,
				-8,
				1,
				0.456,
				-8,
				0.511,
				-5.333,
				0.567,
				0,
				1,
				0.622,
				5.333,
				0.678,
				8,
				0.733,
				8,
				1,
				0.789,
				8,
				0.844,
				2.098,
				0.9,
				0,
				1,
				1.011,
				-4.196,
				1.122,
				-5,
				1.233,
				-5,
				1,
				1.344,
				-5,
				1.456,
				-3.333,
				1.567,
				0,
				1,
				1.678,
				3.333,
				1.789,
				5,
				1.9,
				5,
				1,
				2.011,
				5,
				2.122,
				2.483,
				2.233,
				0,
				1,
				2.344,
				-2.483,
				2.456,
				-3,
				2.567,
				-3,
				1,
				2.678,
				-3,
				2.789,
				-2,
				2.9,
				0,
				1,
				3.011,
				2,
				3.122,
				3,
				3.233,
				3,
				1,
				3.356,
				3,
				3.478,
				2.09,
				3.6,
				0,
				1,
				3.711,
				-1.9,
				3.822,
				-3,
				3.933,
				-3,
				1,
				4.044,
				-3,
				4.156,
				-2,
				4.267,
				0,
				1,
				4.289,
				0.4,
				4.311,
				0.76,
				4.333,
				1.08
			]
		},
		{
			"Target": "Parameter",
			"Id": "Param181",
			"Segments": [
				0,
				0,
				0,
				0.067,
				0,
				1,
				0.122,
				0,
				0.178,
				0,
				0.233,
				0,
				1,
				0.289,
				0,
				0.344,
				0,
				0.4,
				0,
				1,
				0.456,
				0,
				0.511,
				-8,
				0.567,
				-8,
				1,
				0.622,
				-8,
				0.678,
				-4.07,
				0.733,
				0,
				1,
				0.789,
				4.07,
				0.844,
				5,
				0.9,
				5,
				1,
				1.011,
				5,
				1.122,
				3.333,
				1.233,
				0,
				1,
				1.344,
				-3.333,
				1.456,
				-5,
				1.567,
				-5,
				1,
				1.678,
				-5,
				1.789,
				-2.483,
				1.9,
				0,
				1,
				2.011,
				2.483,
				2.122,
				3,
				2.233,
				3,
				1,
				2.344,
				3,
				2.456,
				2,
				2.567,
				0,
				1,
				2.678,
				-2,
				2.789,
				-3,
				2.9,
				-3,
				1,
				3.011,
				-3,
				3.122,
				-1.9,
				3.233,
				0,
				1,
				3.356,
				2.09,
				3.478,
				3,
				3.6,
				3,
				1,
				3.711,
				3,
				3.822,
				2,
				3.933,
				0,
				1,
				4.044,
				-2,
				4.156,
				-3,
				4.267,
				-3,
				1,
				4.289,
				-3,
				4.311,
				-2.88,
				4.333,
				-2.688
			]
		},
		{
			"Target": "Parameter",
			"Id": "Param182",
			"Segments": [
				0,
				0,
				0,
				0.033,
				0,
				1,
				0.089,
				0,
				0.144,
				-8,
				0.2,
				-8,
				1,
				0.256,
				-8,
				0.311,
				-8,
				0.367,
				-8,
				1,
				0.422,
				-8,
				0.478,
				-5.333,
				0.533,
				0,
				1,
				0.589,
				5.333,
				0.644,
				8,
				0.7,
				8,
				1,
				0.756,
				8,
				0.811,
				2.098,
				0.867,
				0,
				1,
				0.978,
				-4.196,
				1.089,
				-5,
				1.2,
				-5,
				1,
				1.311,
				-5,
				1.422,
				-3.333,
				1.533,
				0,
				1,
				1.644,
				3.333,
				1.756,
				5,
				1.867,
				5,
				1,
				1.978,
				5,
				2.089,
				2.483,
				2.2,
				0,
				1,
				2.311,
				-2.483,
				2.422,
				-3,
				2.533,
				-3,
				1,
				2.644,
				-3,
				2.756,
				-2,
				2.867,
				0,
				1,
				2.978,
				2,
				3.089,
				3,
				3.2,
				3,
				1,
				3.322,
				3,
				3.444,
				2.09,
				3.567,
				0,
				1,
				3.678,
				-1.9,
				3.789,
				-3,
				3.9,
				-3,
				1,
				4.011,
				-3,
				4.122,
				-2,
				4.233,
				0,
				1,
				4.267,
				0.6,
				4.3,
				1.11,
				4.333,
				1.53
			]
		},
		{
			"Target": "Parameter",
			"Id": "Param183",
			"Segments": [
				0,
				0,
				0,
				0.033,
				0,
				1,
				0.089,
				0,
				0.144,
				0,
				0.2,
				0,
				1,
				0.256,
				0,
				0.311,
				0,
				0.367,
				0,
				1,
				0.422,
				0,
				0.478,
				-8,
				0.533,
				-8,
				1,
				0.589,
				-8,
				0.644,
				-4.07,
				0.7,
				0,
				1,
				0.756,
				4.07,
				0.811,
				5,
				0.867,
				5,
				1,
				0.978,
				5,
				1.089,
				3.333,
				1.2,
				0,
				1,
				1.311,
				-3.333,
				1.422,
				-5,
				1.533,
				-5,
				1,
				1.644,
				-5,
				1.756,
				-2.483,
				1.867,
				0,
				1,
				1.978,
				2.483,
				2.089,
				3,
				2.2,
				3,
				1,
				2.311,
				3,
				2.422,
				2,
				2.533,
				0,
				1,
				2.644,
				-2,
				2.756,
				-3,
				2.867,
				-3,
				1,
				2.978,
				-3,
				3.089,
				-1.9,
				3.2,
				0,
				1,
				3.322,
				2.09,
				3.444,
				3,
				3.567,
				3,
				1,
				3.678,
				3,
				3.789,
				2,
				3.9,
				0,
				1,
				4.011,
				-2,
				4.122,
				-3,
				4.233,
				-3,
				1,
				4.267,
				-3,
				4.3,
				-2.73,
				4.333,
				-2.352
			]
		},
		{
			"Target": "Parameter",
			"Id": "Param184",
			"Segments": [
				0,
				0,
				0,
				0.067,
				0,
				1,
				0.122,
				0,
				0.178,
				-8,
				0.233,
				-8,
				1,
				0.289,
				-8,
				0.344,
				-8,
				0.4,
				-8,
				1,
				0.456,
				-8,
				0.511,
				-5.333,
				0.567,
				0,
				1,
				0.622,
				5.333,
				0.678,
				8,
				0.733,
				8,
				1,
				0.789,
				8,
				0.844,
				2.098,
				0.9,
				0,
				1,
				1.011,
				-4.196,
				1.122,
				-5,
				1.233,
				-5,
				1,
				1.344,
				-5,
				1.456,
				-3.333,
				1.567,
				0,
				1,
				1.678,
				3.333,
				1.789,
				5,
				1.9,
				5,
				1,
				2.011,
				5,
				2.122,
				2.483,
				2.233,
				0,
				1,
				2.344,
				-2.483,
				2.456,
				-3,
				2.567,
				-3,
				1,
				2.678,
				-3,
				2.789,
				-2,
				2.9,
				0,
				1,
				3.011,
				2,
				3.122,
				3,
				3.233,
				3,
				1,
				3.356,
				3,
				3.478,
				2.09,
				3.6,
				0,
				1,
				3.711,
				-1.9,
				3.822,
				-3,
				3.933,
				-3,
				1,
				4.044,
				-3,
				4.156,
				-2,
				4.267,
				0,
				1,
				4.289,
				0.4,
				4.311,
				0.76,
				4.333,
				1.08
			]
		},
		{
			"Target": "Parameter",
			"Id": "Param185",
			"Segments": [
				0,
				0,
				0,
				0.067,
				0,
				1,
				0.122,
				0,
				0.178,
				0,
				0.233,
				0,
				1,
				0.289,
				0,
				0.344,
				0,
				0.4,
				0,
				1,
				0.456,
				0,
				0.511,
				-8,
				0.567,
				-8,
				1,
				0.622,
				-8,
				0.678,
				-4.07,
				0.733,
				0,
				1,
				0.789,
				4.07,
				0.844,
				5,
				0.9,
				5,
				1,
				1.011,
				5,
				1.122,
				3.333,
				1.233,
				0,
				1,
				1.344,
				-3.333,
				1.456,
				-5,
				1.567,
				-5,
				1,
				1.678,
				-5,
				1.789,
				-2.483,
				1.9,
				0,
				1,
				2.011,
				2.483,
				2.122,
				3,
				2.233,
				3,
				1,
				2.344,
				3,
				2.456,
				2,
				2.567,
				0,
				1,
				2.678,
				-2,
				2.789,
				-3,
				2.9,
				-3,
				1,
				3.011,
				-3,
				3.122,
				-1.9,
				3.233,
				0,
				1,
				3.356,
				2.09,
				3.478,
				3,
				3.6,
				3,
				1,
				3.711,
				3,
				3.822,
				2,
				3.933,
				0,
				1,
				4.044,
				-2,
				4.156,
				-3,
				4.267,
				-3,
				1,
				4.289,
				-3,
				4.311,
				-2.88,
				4.333,
				-2.688
			]
		},
		{
			"Target": "Parameter",
			"Id": "Param186",
			"Segments": [
				0,
				0,
				0,
				0.1,
				0,
				1,
				0.156,
				0,
				0.211,
				-8,
				0.267,
				-8,
				1,
				0.322,
				-8,
				0.378,
				-8,
				0.433,
				-8,
				1,
				0.489,
				-8,
				0.544,
				-5.333,
				0.6,
				0,
				1,
				0.656,
				5.333,
				0.711,
				8,
				0.767,
				8,
				1,
				0.822,
				8,
				0.878,
				2.098,
				0.933,
				0,
				1,
				1.044,
				-4.196,
				1.156,
				-5,
				1.267,
				-5,
				1,
				1.378,
				-5,
				1.489,
				-3.333,
				1.6,
				0,
				1,
				1.711,
				3.333,
				1.822,
				5,
				1.933,
				5,
				1,
				2.044,
				5,
				2.156,
				2.483,
				2.267,
				0,
				1,
				2.378,
				-2.483,
				2.489,
				-3,
				2.6,
				-3,
				1,
				2.711,
				-3,
				2.822,
				-2,
				2.933,
				0,
				1,
				3.044,
				2,
				3.156,
				3,
				3.267,
				3,
				1,
				3.389,
				3,
				3.511,
				2.09,
				3.633,
				0,
				1,
				3.744,
				-1.9,
				3.856,
				-3,
				3.967,
				-3,
				1,
				4.078,
				-3,
				4.189,
				-2,
				4.3,
				0,
				1,
				4.311,
				0.2,
				4.322,
				0.39,
				4.333,
				0.57
			]
		},
		{
			"Target": "Parameter",
			"Id": "Param187",
			"Segments": [
				0,
				0,
				0,
				0.1,
				0,
				1,
				0.156,
				0,
				0.211,
				0,
				0.267,
				0,
				1,
				0.322,
				0,
				0.378,
				0,
				0.433,
				0,
				1,
				0.489,
				0,
				0.544,
				-8,
				0.6,
				-8,
				1,
				0.656,
				-8,
				0.711,
				-4.07,
				0.767,
				0,
				1,
				0.822,
				4.07,
				0.878,
				5,
				0.933,
				5,
				1,
				1.044,
				5,
				1.156,
				3.333,
				1.267,
				0,
				1,
				1.378,
				-3.333,
				1.489,
				-5,
				1.6,
				-5,
				1,
				1.711,
				-5,
				1.822,
				-2.483,
				1.933,
				0,
				1,
				2.044,
				2.483,
				2.156,
				3,
				2.267,
				3,
				1,
				2.378,
				3,
				2.489,
				2,
				2.6,
				0,
				1,
				2.711,
				-2,
				2.822,
				-3,
				2.933,
				-3,
				1,
				3.044,
				-3,
				3.156,
				-1.9,
				3.267,
				0,
				1,
				3.389,
				2.09,
				3.511,
				3,
				3.633,
				3,
				1,
				3.744,
				3,
				3.856,
				2,
				3.967,
				0,
				1,
				4.078,
				-2,
				4.189,
				-3,
				4.3,
				-3,
				1,
				4.311,
				-3,
				4.322,
				-2.97,
				4.333,
				-2.916
			]
		},
		{
			"Target": "Parameter",
			"Id": "Param188",
			"Segments": [
				0,
				0,
				1,
				0.056,
				0,
				0.111,
				-8,
				0.167,
				-8,
				1,
				0.222,
				-8,
				0.278,
				-8,
				0.333,
				-8,
				1,
				0.389,
				-8,
				0.444,
				-5.333,
				0.5,
				0,
				1,
				0.556,
				5.333,
				0.611,
				8,
				0.667,
				8,
				1,
				0.722,
				8,
				0.778,
				2.098,
				0.833,
				0,
				1,
				0.944,
				-4.196,
				1.056,
				-5,
				1.167,
				-5,
				1,
				1.278,
				-5,
				1.389,
				-3.333,
				1.5,
				0,
				1,
				1.611,
				3.333,
				1.722,
				5,
				1.833,
				5,
				1,
				1.944,
				5,
				2.056,
				2.483,
				2.167,
				0,
				1,
				2.278,
				-2.483,
				2.389,
				-3,
				2.5,
				-3,
				1,
				2.611,
				-3,
				2.722,
				-2,
				2.833,
				0,
				1,
				2.944,
				2,
				3.056,
				3,
				3.167,
				3,
				1,
				3.289,
				3,
				3.411,
				2.09,
				3.533,
				0,
				1,
				3.644,
				-1.9,
				3.756,
				-3,
				3.867,
				-3,
				1,
				3.978,
				-3,
				4.089,
				-2,
				4.2,
				0,
				1,
				4.244,
				0.8,
				4.289,
				1.44,
				4.333,
				1.92
			]
		},
		{
			"Target": "Parameter",
			"Id": "Param189",
			"Segments": [
				0,
				0,
				1,
				0.056,
				0,
				0.111,
				0,
				0.167,
				0,
				1,
				0.222,
				0,
				0.278,
				0,
				0.333,
				0,
				1,
				0.389,
				0,
				0.444,
				-8,
				0.5,
				-8,
				1,
				0.556,
				-8,
				0.611,
				-4.07,
				0.667,
				0,
				1,
				0.722,
				4.07,
				0.778,
				5,
				0.833,
				5,
				1,
				0.944,
				5,
				1.056,
				3.333,
				1.167,
				0,
				1,
				1.278,
				-3.333,
				1.389,
				-5,
				1.5,
				-5,
				1,
				1.611,
				-5,
				1.722,
				-2.483,
				1.833,
				0,
				1,
				1.944,
				2.483,
				2.056,
				3,
				2.167,
				3,
				1,
				2.278,
				3,
				2.389,
				2,
				2.5,
				0,
				1,
				2.611,
				-2,
				2.722,
				-3,
				2.833,
				-3,
				1,
				2.944,
				-3,
				3.056,
				-1.9,
				3.167,
				0,
				1,
				3.289,
				2.09,
				3.411,
				3,
				3.533,
				3,
				1,
				3.644,
				3,
				3.756,
				2,
				3.867,
				0,
				1,
				3.978,
				-2,
				4.089,
				-3,
				4.2,
				-3,
				1,
				4.244,
				-3,
				4.289,
				-2.52,
				4.333,
				-1.944
			]
		},
		{
			"Target": "Parameter",
			"Id": "Param190",
			"Segments": [
				0,
				0,
				0,
				0.1,
				0,
				1,
				0.156,
				0,
				0.211,
				-8,
				0.267,
				-8,
				1,
				0.322,
				-8,
				0.378,
				-8,
				0.433,
				-8,
				1,
				0.489,
				-8,
				0.544,
				-5.333,
				0.6,
				0,
				1,
				0.656,
				5.333,
				0.711,
				8,
				0.767,
				8,
				1,
				0.822,
				8,
				0.878,
				2.098,
				0.933,
				0,
				1,
				1.044,
				-4.196,
				1.156,
				-5,
				1.267,
				-5,
				1,
				1.378,
				-5,
				1.489,
				-3.333,
				1.6,
				0,
				1,
				1.711,
				3.333,
				1.822,
				5,
				1.933,
				5,
				1,
				2.044,
				5,
				2.156,
				2.483,
				2.267,
				0,
				1,
				2.378,
				-2.483,
				2.489,
				-3,
				2.6,
				-3,
				1,
				2.711,
				-3,
				2.822,
				-2,
				2.933,
				0,
				1,
				3.044,
				2,
				3.156,
				3,
				3.267,
				3,
				1,
				3.389,
				3,
				3.511,
				2.09,
				3.633,
				0,
				1,
				3.744,
				-1.9,
				3.856,
				-3,
				3.967,
				-3,
				1,
				4.078,
				-3,
				4.189,
				-2,
				4.3,
				0,
				1,
				4.311,
				0.2,
				4.322,
				0.39,
				4.333,
				0.57
			]
		},
		{
			"Target": "Parameter",
			"Id": "Param191",
			"Segments": [
				0,
				0,
				0,
				0.1,
				0,
				1,
				0.156,
				0,
				0.211,
				0,
				0.267,
				0,
				1,
				0.322,
				0,
				0.378,
				0,
				0.433,
				0,
				1,
				0.489,
				0,
				0.544,
				-8,
				0.6,
				-8,
				1,
				0.656,
				-8,
				0.711,
				-4.07,
				0.767,
				0,
				1,
				0.822,
				4.07,
				0.878,
				5,
				0.933,
				5,
				1,
				1.044,
				5,
				1.156,
				3.333,
				1.267,
				0,
				1,
				1.378,
				-3.333,
				1.489,
				-5,
				1.6,
				-5,
				1,
				1.711,
				-5,
				1.822,
				-2.483,
				1.933,
				0,
				1,
				2.044,
				2.483,
				2.156,
				3,
				2.267,
				3,
				1,
				2.378,
				3,
				2.489,
				2,
				2.6,
				0,
				1,
				2.711,
				-2,
				2.822,
				-3,
				2.933,
				-3,
				1,
				3.044,
				-3,
				3.156,
				-1.9,
				3.267,
				0,
				1,
				3.389,
				2.09,
				3.511,
				3,
				3.633,
				3,
				1,
				3.744,
				3,
				3.856,
				2,
				3.967,
				0,
				1,
				4.078,
				-2,
				4.189,
				-3,
				4.3,
				-3,
				1,
				4.311,
				-3,
				4.322,
				-2.97,
				4.333,
				-2.916
			]
		},
		{
			"Target": "Parameter",
			"Id": "Param_Angle_Rotation34",
			"Segments": [
				0,
				0,
				0,
				0.1,
				0,
				1,
				0.156,
				0,
				0.211,
				-10,
				0.267,
				-10,
				1,
				0.378,
				-10,
				0.489,
				10,
				0.6,
				10,
				1,
				0.767,
				10,
				0.933,
				-5,
				1.1,
				-5,
				1,
				1.378,
				-5,
				1.656,
				5,
				1.933,
				5,
				1,
				2.211,
				5,
				2.489,
				-2,
				2.767,
				-2,
				1,
				3.056,
				-2,
				3.344,
				2,
				3.633,
				2,
				1,
				3.867,
				2,
				4.1,
				-0.822,
				4.333,
				-1.726
			]
		},
		{
			"Target": "Parameter",
			"Id": "Param_Angle_Rotation37",
			"Segments": [
				0,
				0,
				0,
				0.233,
				0,
				1,
				0.289,
				0,
				0.344,
				-10,
				0.4,
				-10,
				1,
				0.511,
				-10,
				0.622,
				10,
				0.733,
				10,
				1,
				0.9,
				10,
				1.067,
				-5,
				1.233,
				-5,
				1,
				1.511,
				-5,
				1.789,
				5,
				2.067,
				5,
				1,
				2.344,
				5,
				2.622,
				-2,
				2.9,
				-2,
				1,
				3.189,
				-2,
				3.478,
				2,
				3.767,
				2,
				1,
				3.956,
				2,
				4.144,
				0.15,
				4.333,
				-1.033
			]
		},
		{
			"Target": "Parameter",
			"Id": "Param_Angle_Rotation60",
			"Segments": [
				0,
				0,
				0,
				0.367,
				0,
				1,
				0.422,
				0,
				0.478,
				-10,
				0.533,
				-10,
				1,
				0.644,
				-10,
				0.756,
				10,
				0.867,
				10,
				1,
				1.033,
				10,
				1.2,
				-5,
				1.367,
				-5,
				1,
				1.644,
				-5,
				1.922,
				5,
				2.2,
				5,
				1,
				2.478,
				5,
				2.756,
				-2,
				3.033,
				-2,
				1,
				3.322,
				-2,
				3.611,
				2,
				3.9,
				2,
				1,
				4.044,
				2,
				4.189,
				0.918,
				4.333,
				-0.12
			]
		},
		{
			"Target": "Parameter",
			"Id": "Param_Angle_Rotation61",
			"Segments": [
				0,
				0,
				0,
				0.2,
				0,
				1,
				0.256,
				0,
				0.311,
				-10,
				0.367,
				-10,
				1,
				0.478,
				-10,
				0.589,
				10,
				0.7,
				10,
				1,
				0.867,
				10,
				1.033,
				-5,
				1.2,
				-5,
				1,
				1.478,
				-5,
				1.756,
				5,
				2.033,
				5,
				1,
				2.311,
				5,
				2.589,
				-2,
				2.867,
				-2,
				1,
				3.156,
				-2,
				3.444,
				2,
				3.733,
				2,
				1,
				3.933,
				2,
				4.133,
				0.083,
				4.333,
				-1.097
			]
		},
		{
			"Target": "Parameter",
			"Id": "Param_Angle_Rotation62",
			"Segments": [
				0,
				0,
				0,
				0.333,
				0,
				1,
				0.389,
				0,
				0.444,
				-10,
				0.5,
				-10,
				1,
				0.611,
				-10,
				0.722,
				10,
				0.833,
				10,
				1,
				1,
				10,
				1.167,
				-5,
				1.333,
				-5,
				1,
				1.611,
				-5,
				1.889,
				5,
				2.167,
				5,
				1,
				2.444,
				5,
				2.722,
				-2,
				3,
				-2,
				1,
				3.289,
				-2,
				3.578,
				2,
				3.867,
				2,
				1,
				4.022,
				2,
				4.178,
				0.84,
				4.333,
				-0.23
			]
		},
		{
			"Target": "Parameter",
			"Id": "Param_Angle_Rotation63",
			"Segments": [
				0,
				0,
				0,
				0.467,
				0,
				1,
				0.522,
				0,
				0.578,
				-10,
				0.633,
				-10,
				1,
				0.744,
				-10,
				0.856,
				10,
				0.967,
				10,
				1,
				1.133,
				10,
				1.3,
				-5,
				1.467,
				-5,
				1,
				1.744,
				-5,
				2.022,
				5,
				2.3,
				5,
				1,
				2.578,
				5,
				2.856,
				-2,
				3.133,
				-2,
				1,
				3.422,
				-2,
				3.711,
				2,
				4,
				2,
				1,
				4.111,
				2,
				4.222,
				1.408,
				4.333,
				0.68
			]
		},
		{
			"Target": "Parameter",
			"Id": "Param31",
			"Segments": [
				0,
				0,
				0,
				0.167,
				0,
				1,
				0.222,
				0,
				0.278,
				-30,
				0.333,
				-30,
				1,
				0.444,
				-30,
				0.556,
				30,
				0.667,
				30,
				1,
				0.833,
				30,
				1,
				-30,
				1.167,
				-30,
				1,
				1.444,
				-30,
				1.722,
				30,
				2,
				30,
				1,
				2.278,
				30,
				2.556,
				-30,
				2.833,
				-30,
				1,
				3.122,
				-30,
				3.411,
				30,
				3.7,
				30,
				1,
				3.911,
				30,
				4.122,
				-7.604,
				4.333,
				-23.273
			]
		},
		{
			"Target": "Parameter",
			"Id": "Param32",
			"Segments": [
				0,
				0,
				0,
				0.167,
				0,
				1,
				0.222,
				0,
				0.278,
				-20,
				0.333,
				-20,
				1,
				0.444,
				-20,
				0.556,
				0,
				0.667,
				0,
				1,
				0.833,
				0,
				1,
				-10,
				1.167,
				-10,
				1,
				1.444,
				-10,
				1.722,
				10,
				2,
				10,
				1,
				2.278,
				10,
				2.556,
				-5,
				2.833,
				-5,
				1,
				3.122,
				-5,
				3.411,
				5,
				3.7,
				5,
				1,
				3.911,
				5,
				4.122,
				-1.267,
				4.333,
				-3.879
			]
		},
		{
			"Target": "Parameter",
			"Id": "Param33",
			"Segments": [
				0,
				0,
				0,
				0.167,
				0,
				1,
				0.222,
				0,
				0.278,
				-20,
				0.333,
				-20,
				1,
				0.444,
				-20,
				0.556,
				20,
				0.667,
				20,
				1,
				0.833,
				20,
				1,
				-10,
				1.167,
				-10,
				1,
				1.444,
				-10,
				1.722,
				10,
				2,
				10,
				1,
				2.278,
				10,
				2.556,
				-5,
				2.833,
				-5,
				1,
				3.122,
				-5,
				3.411,
				5,
				3.7,
				5,
				1,
				3.911,
				5,
				4.122,
				-1.267,
				4.333,
				-3.879
			]
		},
		{
			"Target": "Parameter",
			"Id": "Param_Angle_Rotation42",
			"Segments": [
				0,
				0,
				1,
				0.056,
				0,
				0.111,
				10,
				0.167,
				10,
				1,
				0.256,
				10,
				0.344,
				-30,
				0.433,
				-30,
				1,
				0.622,
				-30,
				0.811,
				6.005,
				1,
				6.005,
				1,
				1.278,
				6.005,
				1.556,
				-6.005,
				1.833,
				-6.005,
				1,
				2.111,
				-6.005,
				2.389,
				3.005,
				2.667,
				3.005,
				1,
				2.956,
				3.005,
				3.244,
				-11.576,
				3.533,
				-11.576,
				1,
				3.8,
				-11.576,
				4.067,
				0.848,
				4.333,
				2.759
			]
		},
		{
			"Target": "Parameter",
			"Id": "Param_Angle_Rotation43",
			"Segments": [
				0,
				0,
				0,
				0.067,
				0,
				1,
				0.122,
				0,
				0.178,
				10,
				0.233,
				10,
				1,
				0.356,
				10,
				0.478,
				-30,
				0.6,
				-30,
				1,
				0.789,
				-30,
				0.978,
				6.005,
				1.167,
				6.005,
				1,
				1.444,
				6.005,
				1.722,
				-6.005,
				2,
				-6.005,
				1,
				2.278,
				-6.005,
				2.556,
				3.005,
				2.833,
				3.005,
				1,
				3.122,
				3.005,
				3.411,
				-11.576,
				3.7,
				-11.576,
				1,
				3.911,
				-11.576,
				4.122,
				-3.79,
				4.333,
				0.403
			]
		},
		{
			"Target": "Parameter",
			"Id": "Param_Angle_Rotation44",
			"Segments": [
				0,
				0,
				0,
				0.133,
				0,
				1,
				0.189,
				0,
				0.244,
				10,
				0.3,
				10,
				1,
				0.456,
				10,
				0.611,
				-30,
				0.767,
				-30,
				1,
				0.956,
				-30,
				1.144,
				6.005,
				1.333,
				6.005,
				1,
				1.611,
				6.005,
				1.889,
				-6.005,
				2.167,
				-6.005,
				1,
				2.444,
				-6.005,
				2.722,
				3.005,
				3,
				3.005,
				1,
				3.289,
				3.005,
				3.578,
				-11.576,
				3.867,
				-11.576,
				1,
				4.022,
				-11.576,
				4.178,
				-7.349,
				4.333,
				-3.446
			]
		},
		{
			"Target": "Parameter",
			"Id": "Param_Angle_Rotation45",
			"Segments": [
				0,
				0,
				0,
				0.2,
				0,
				1,
				0.256,
				0,
				0.311,
				10,
				0.367,
				10,
				1,
				0.556,
				10,
				0.744,
				-30,
				0.933,
				-30,
				1,
				1.122,
				-30,
				1.311,
				6,
				1.5,
				6,
				1,
				1.778,
				6,
				2.056,
				-6,
				2.333,
				-6,
				1,
				2.611,
				-6,
				2.889,
				3,
				3.167,
				3,
				1,
				3.456,
				3,
				3.744,
				-11.571,
				4.033,
				-11.571,
				1,
				4.133,
				-11.571,
				4.233,
				-9.825,
				4.333,
				-7.542
			]
		},
		{
			"Target": "Parameter",
			"Id": "Param_Angle_Rotation48",
			"Segments": [
				0,
				0,
				1,
				0.056,
				0,
				0.111,
				10,
				0.167,
				10,
				1,
				0.256,
				10,
				0.344,
				-30,
				0.433,
				-30,
				1,
				0.622,
				-30,
				0.811,
				6,
				1,
				6,
				1,
				1.278,
				6,
				1.556,
				-6,
				1.833,
				-6,
				1,
				2.111,
				-6,
				2.389,
				3,
				2.667,
				3,
				1,
				2.956,
				3,
				3.244,
				-11.393,
				3.533,
				-11.393,
				1,
				3.8,
				-11.393,
				4.067,
				0.871,
				4.333,
				2.758
			]
		},
		{
			"Target": "Parameter",
			"Id": "Param_Angle_Rotation49",
			"Segments": [
				0,
				0,
				0,
				0.1,
				0,
				1,
				0.156,
				0,
				0.211,
				10,
				0.267,
				10,
				1,
				0.411,
				10,
				0.556,
				-30,
				0.7,
				-30,
				1,
				0.889,
				-30,
				1.078,
				6,
				1.267,
				6,
				1,
				1.544,
				6,
				1.822,
				-6,
				2.1,
				-6,
				1,
				2.378,
				-6,
				2.656,
				3,
				2.933,
				3,
				1,
				3.222,
				3,
				3.511,
				-11.393,
				3.8,
				-11.393,
				1,
				3.978,
				-11.393,
				4.156,
				-5.942,
				4.333,
				-1.75
			]
		},
		{
			"Target": "Parameter",
			"Id": "Param_Angle_Rotation50",
			"Segments": [
				0,
				0,
				0,
				0.2,
				0,
				1,
				0.256,
				0,
				0.311,
				10,
				0.367,
				10,
				1,
				0.556,
				10,
				0.744,
				-30,
				0.933,
				-30,
				1,
				1.122,
				-30,
				1.311,
				6,
				1.5,
				6,
				1,
				1.778,
				6,
				2.056,
				-6,
				2.333,
				-6,
				1,
				2.611,
				-6,
				2.889,
				3,
				3.167,
				3,
				1,
				3.456,
				3,
				3.744,
				-11.393,
				4.033,
				-11.393,
				1,
				4.133,
				-11.393,
				4.233,
				-9.668,
				4.333,
				-7.413
			]
		},
		{
			"Target": "Parameter",
			"Id": "Param_Angle_Rotation52",
			"Segments": [
				0,
				0,
				0,
				0.1,
				0,
				1,
				0.156,
				0,
				0.211,
				10,
				0.267,
				10,
				1,
				0.378,
				10,
				0.489,
				-10,
				0.6,
				-10,
				1,
				0.767,
				-10,
				0.933,
				6,
				1.1,
				6,
				1,
				1.378,
				6,
				1.656,
				-6,
				1.933,
				-6,
				1,
				2.211,
				-6,
				2.489,
				3,
				2.767,
				3,
				1,
				3.056,
				3,
				3.344,
				-3,
				3.633,
				-3,
				1,
				3.867,
				-3,
				4.1,
				1.234,
				4.333,
				2.588
			]
		},
		{
			"Target": "Parameter",
			"Id": "Param_Angle_Rotation53",
			"Segments": [
				0,
				0,
				0,
				0.167,
				0,
				1,
				0.222,
				0,
				0.278,
				10,
				0.333,
				10,
				1,
				0.478,
				10,
				0.622,
				-10,
				0.767,
				-10,
				1,
				0.933,
				-10,
				1.1,
				6,
				1.267,
				6,
				1,
				1.544,
				6,
				1.822,
				-6,
				2.1,
				-6,
				1,
				2.378,
				-6,
				2.656,
				3,
				2.933,
				3,
				1,
				3.222,
				3,
				3.511,
				-3,
				3.8,
				-3,
				1,
				3.978,
				-3,
				4.156,
				-0.542,
				4.333,
				1.227
			]
		},
		{
			"Target": "Parameter",
			"Id": "Param_Angle_Rotation54",
			"Segments": [
				0,
				0,
				0,
				0.233,
				0,
				1,
				0.289,
				0,
				0.344,
				10,
				0.4,
				10,
				1,
				0.578,
				10,
				0.756,
				-10,
				0.933,
				-10,
				1,
				1.1,
				-10,
				1.267,
				6,
				1.433,
				6,
				1,
				1.711,
				6,
				1.989,
				-6,
				2.267,
				-6,
				1,
				2.544,
				-6,
				2.822,
				3,
				3.1,
				3,
				1,
				3.389,
				3,
				3.678,
				-3,
				3.967,
				-3,
				1,
				4.089,
				-3,
				4.211,
				-1.838,
				4.333,
				-0.537
			]
		},
		{
			"Target": "Parameter",
			"Id": "Param_Angle_Rotation55",
			"Segments": [
				0,
				0,
				0,
				0.3,
				0,
				1,
				0.356,
				0,
				0.411,
				10,
				0.467,
				10,
				1,
				0.678,
				10,
				0.889,
				-10,
				1.1,
				-10,
				1,
				1.267,
				-10,
				1.433,
				6,
				1.6,
				6,
				1,
				1.878,
				6,
				2.156,
				-6,
				2.433,
				-6,
				1,
				2.711,
				-6,
				2.989,
				3,
				3.267,
				3,
				1,
				3.556,
				3,
				3.844,
				-3,
				4.133,
				-3,
				1,
				4.2,
				-3,
				4.267,
				-2.654,
				4.333,
				-2.129
			]
		},
		{
			"Target": "Parameter",
			"Id": "Param_Angle_Rotation57",
			"Segments": [
				0,
				0,
				0,
				0.1,
				0,
				1,
				0.156,
				0,
				0.211,
				10,
				0.267,
				10,
				1,
				0.378,
				10,
				0.489,
				-10,
				0.6,
				-10,
				1,
				0.767,
				-10,
				0.933,
				6,
				1.1,
				6,
				1,
				1.378,
				6,
				1.656,
				-6,
				1.933,
				-6,
				1,
				2.211,
				-6,
				2.489,
				3,
				2.767,
				3,
				1,
				3.056,
				3,
				3.344,
				-3,
				3.633,
				-3,
				1,
				3.867,
				-3,
				4.1,
				1.234,
				4.333,
				2.588
			]
		},
		{
			"Target": "Parameter",
			"Id": "Param_Angle_Rotation58",
			"Segments": [
				0,
				0,
				0,
				0.2,
				0,
				1,
				0.256,
				0,
				0.311,
				10,
				0.367,
				10,
				1,
				0.533,
				10,
				0.7,
				-10,
				0.867,
				-10,
				1,
				1.033,
				-10,
				1.2,
				6,
				1.367,
				6,
				1,
				1.644,
				6,
				1.922,
				-6,
				2.2,
				-6,
				1,
				2.478,
				-6,
				2.756,
				3,
				3.033,
				3,
				1,
				3.322,
				3,
				3.611,
				-3,
				3.9,
				-3,
				1,
				4.044,
				-3,
				4.189,
				-1.378,
				4.333,
				0.18
			]
		},
		{
			"Target": "Parameter",
			"Id": "Param_Angle_Rotation59",
			"Segments": [
				0,
				0,
				0,
				0.3,
				0,
				1,
				0.356,
				0,
				0.411,
				10,
				0.467,
				10,
				1,
				0.678,
				10,
				0.889,
				-10,
				1.1,
				-10,
				1,
				1.267,
				-10,
				1.433,
				6,
				1.6,
				6,
				1,
				1.878,
				6,
				2.156,
				-6,
				2.433,
				-6,
				1,
				2.711,
				-6,
				2.989,
				3,
				3.267,
				3,
				1,
				3.556,
				3,
				3.844,
				-3,
				4.133,
				-3,
				1,
				4.2,
				-3,
				4.267,
				-2.654,
				4.333,
				-2.129
			]
		},
		{
			"Target": "Parameter",
			"Id": "Param22",
			"Segments": [
				0,
				0,
				1,
				0.056,
				0,
				0.111,
				-30,
				0.167,
				-30,
				1,
				0.278,
				-30,
				0.389,
				30,
				0.5,
				30,
				1,
				0.667,
				30,
				0.833,
				-30,
				1,
				-30,
				1,
				1.278,
				-30,
				1.556,
				30,
				1.833,
				30,
				1,
				2.111,
				30,
				2.389,
				-30,
				2.667,
				-30,
				1,
				2.956,
				-30,
				3.244,
				30,
				3.533,
				30,
				1,
				3.8,
				30,
				4.067,
				-21.124,
				4.333,
				-28.99
			]
		},
		{
			"Target": "Parameter",
			"Id": "Param23",
			"Segments": [
				0,
				0,
				0,
				0.233,
				0,
				1,
				0.289,
				0,
				0.344,
				-30,
				0.4,
				-30,
				1,
				0.511,
				-30,
				0.622,
				30,
				0.733,
				30,
				1,
				0.9,
				30,
				1.067,
				-30,
				1.233,
				-30,
				1,
				1.511,
				-30,
				1.789,
				30,
				2.067,
				30,
				1,
				2.344,
				30,
				2.622,
				-30,
				2.9,
				-30,
				1,
				3.189,
				-30,
				3.478,
				30,
				3.767,
				30,
				1,
				3.956,
				30,
				4.144,
				4.349,
				4.333,
				-13.409
			]
		},
		{
			"Target": "Parameter",
			"Id": "Param34",
			"Segments": [
				0,
				0,
				0,
				0.1,
				0,
				1,
				0.156,
				0,
				0.211,
				-30,
				0.267,
				-30,
				1,
				0.378,
				-30,
				0.489,
				30,
				0.6,
				30,
				1,
				0.767,
				30,
				0.933,
				-30,
				1.1,
				-30,
				1,
				1.378,
				-30,
				1.656,
				30,
				1.933,
				30,
				1,
				2.211,
				30,
				2.489,
				-30,
				2.767,
				-30,
				1,
				3.056,
				-30,
				3.344,
				30,
				3.633,
				30,
				1,
				3.867,
				30,
				4.1,
				-9.142,
				4.333,
				-24.197
			]
		},
		{
			"Target": "Parameter",
			"Id": "Param24",
			"Segments": [
				0,
				0,
				0,
				0.133,
				0,
				1,
				0.189,
				0,
				0.244,
				-30,
				0.3,
				-30,
				1,
				0.411,
				-30,
				0.522,
				30,
				0.633,
				30,
				1,
				0.8,
				30,
				0.967,
				-30,
				1.133,
				-30,
				1,
				1.411,
				-30,
				1.689,
				30,
				1.967,
				30,
				1,
				2.244,
				30,
				2.522,
				-30,
				2.8,
				-30,
				1,
				3.089,
				-30,
				3.378,
				30,
				3.667,
				30,
				1,
				3.889,
				30,
				4.111,
				-5.503,
				4.333,
				-21.889
			]
		},
		{
			"Target": "Parameter",
			"Id": "Param26",
			"Segments": [
				0,
				0,
				0,
				0.033,
				1,
				0,
				1,
				1,
				0,
				1.033,
				2,
				0,
				2,
				2,
				0,
				2.033,
				3,
				0,
				3,
				3,
				0,
				3.033,
				4,
				0,
				4,
				4,
				0,
				4.033,
				5,
				0,
				4.333,
				5
			]
		},
		{
			"Target": "Parameter",
			"Id": "Param27",
			"Segments": [
				0,
				0,
				0,
				0.167,
				0,
				1,
				0.222,
				0,
				0.278,
				30,
				0.333,
				30,
				1,
				0.444,
				30,
				0.556,
				-30,
				0.667,
				-30,
				1,
				0.833,
				-30,
				1,
				16,
				1.167,
				16,
				1,
				1.444,
				16,
				1.722,
				-15,
				2,
				-15,
				1,
				2.278,
				-15,
				2.556,
				11,
				2.833,
				11,
				1,
				3.122,
				11,
				3.411,
				-9,
				3.7,
				-9,
				1,
				3.911,
				-9,
				4.122,
				3.535,
				4.333,
				8.758
			]
		},
		{
			"Target": "Parameter",
			"Id": "Param_Angle_Rotation115",
			"Segments": [
				0,
				0,
				0,
				0.133,
				0,
				1,
				0.189,
				0,
				0.244,
				-20,
				0.3,
				-20,
				1,
				0.411,
				-20,
				0.522,
				30,
				0.633,
				30,
				1,
				0.8,
				30,
				0.967,
				-16,
				1.133,
				-16,
				1,
				1.411,
				-16,
				1.689,
				11,
				1.967,
				11,
				1,
				2.244,
				11,
				2.522,
				-9,
				2.8,
				-9,
				1,
				3.089,
				-9,
				3.378,
				5,
				3.667,
				5,
				1,
				3.889,
				5,
				4.111,
				-3.96,
				4.333,
				-7.544
			]
		},
		{
			"Target": "Parameter",
			"Id": "Param_Angle_Rotation135",
			"Segments": [
				0,
				0,
				0,
				0.233,
				0,
				1,
				0.289,
				0,
				0.344,
				-20,
				0.4,
				-20,
				1,
				0.556,
				-20,
				0.711,
				30,
				0.867,
				30,
				1,
				1.033,
				30,
				1.2,
				-16,
				1.367,
				-16,
				1,
				1.644,
				-16,
				1.922,
				11,
				2.2,
				11,
				1,
				2.478,
				11,
				2.756,
				-9,
				3.033,
				-9,
				1,
				3.322,
				-9,
				3.611,
				5,
				3.9,
				5,
				1,
				4.044,
				5,
				4.189,
				1.214,
				4.333,
				-2.42
			]
		},
		{
			"Target": "Parameter",
			"Id": "Param_Angle_Rotation136",
			"Segments": [
				0,
				0,
				0,
				0.333,
				0,
				1,
				0.389,
				0,
				0.444,
				-20,
				0.5,
				-20,
				1,
				0.711,
				-20,
				0.922,
				30,
				1.133,
				30,
				1,
				1.3,
				30,
				1.467,
				-16,
				1.633,
				-16,
				1,
				1.911,
				-16,
				2.189,
				11,
				2.467,
				11,
				1,
				2.744,
				11,
				3.022,
				-9,
				3.3,
				-9,
				1,
				3.589,
				-9,
				3.878,
				5,
				4.167,
				5,
				1,
				4.222,
				5,
				4.278,
				4.44,
				4.333,
				3.544
			]
		},
		{
			"Target": "Parameter",
			"Id": "Param_Angle_Rotation35",
			"Segments": [
				0,
				0,
				1,
				0.056,
				0,
				0.111,
				-20,
				0.167,
				-20,
				1,
				0.278,
				-20,
				0.389,
				21,
				0.5,
				21,
				1,
				0.667,
				21,
				0.833,
				-15,
				1,
				-15,
				1,
				1.278,
				-15,
				1.556,
				15,
				1.833,
				15,
				1,
				2.111,
				15,
				2.389,
				-10,
				2.667,
				-10,
				1,
				2.956,
				-10,
				3.244,
				10,
				3.533,
				10,
				1,
				3.8,
				10,
				4.067,
				-10,
				4.333,
				-10
			]
		},
		{
			"Target": "Parameter",
			"Id": "Param_Angle_Rotation36",
			"Segments": [
				0,
				0,
				0,
				0.1,
				0,
				1,
				0.156,
				0,
				0.211,
				-20,
				0.267,
				-20,
				1,
				0.422,
				-20,
				0.578,
				21,
				0.733,
				21,
				1,
				0.9,
				21,
				1.067,
				-15,
				1.233,
				-15,
				1,
				1.511,
				-15,
				1.789,
				15,
				2.067,
				15,
				1,
				2.344,
				15,
				2.622,
				-10,
				2.9,
				-10,
				1,
				3.189,
				-10,
				3.478,
				10,
				3.767,
				10,
				1,
				3.956,
				10,
				4.144,
				-0.035,
				4.333,
				-5.888
			]
		},
		{
			"Target": "Parameter",
			"Id": "Param_Angle_Rotation38",
			"Segments": [
				0,
				0,
				0,
				0.2,
				0,
				1,
				0.256,
				0,
				0.311,
				-20,
				0.367,
				-20,
				1,
				0.567,
				-20,
				0.767,
				21,
				0.967,
				21,
				1,
				1.133,
				21,
				1.3,
				-15,
				1.467,
				-15,
				1,
				1.744,
				-15,
				2.022,
				15,
				2.3,
				15,
				1,
				2.578,
				15,
				2.856,
				-10,
				3.133,
				-10,
				1,
				3.422,
				-10,
				3.711,
				10,
				4,
				10,
				1,
				4.111,
				10,
				4.222,
				6.528,
				4.333,
				2.477
			]
		},
		{
			"Target": "PartOpacity",
			"Id": "Part2",
			"Segments": [
				0,
				1,
				0,
				4.33,
				1
			]
		},
		{
			"Target": "PartOpacity",
			"Id": "Part33",
			"Segments": [
				0,
				1,
				0,
				4.33,
				1
			]
		},
		{
			"Target": "PartOpacity",
			"Id": "Part35",
			"Segments": [
				0,
				1,
				0,
				4.33,
				1
			]
		},
		{
			"Target": "PartOpacity",
			"Id": "Part34",
			"Segments": [
				0,
				1,
				0,
				4.33,
				1
			]
		},
		{
			"Target": "PartOpacity",
			"Id": "ArtMesh133_Skinning2",
			"Segments": [
				0,
				1,
				0,
				4.33,
				1
			]
		},
		{
			"Target": "PartOpacity",
			"Id": "ArtMesh133_Skinning",
			"Segments": [
				0,
				1,
				0,
				4.33,
				1
			]
		},
		{
			"Target": "PartOpacity",
			"Id": "ArtMesh134_Skinning",
			"Segments": [
				0,
				1,
				0,
				4.33,
				1
			]
		},
		{
			"Target": "PartOpacity",
			"Id": "ArtMesh65_Skinning",
			"Segments": [
				0,
				1,
				0,
				4.33,
				1
			]
		},
		{
			"Target": "PartOpacity",
			"Id": "ArtMesh73_Skinning",
			"Segments": [
				0,
				1,
				0,
				4.33,
				1
			]
		},
		{
			"Target": "PartOpacity",
			"Id": "Part36",
			"Segments": [
				0,
				1,
				0,
				4.33,
				1
			]
		},
		{
			"Target": "PartOpacity",
			"Id": "Part37",
			"Segments": [
				0,
				1,
				0,
				4.33,
				1
			]
		},
		{
			"Target": "PartOpacity",
			"Id": "ArtMesh143_Skinning2",
			"Segments": [
				0,
				1,
				0,
				4.33,
				1
			]
		},
		{
			"Target": "PartOpacity",
			"Id": "ArtMesh143_Skinning",
			"Segments": [
				0,
				1,
				0,
				4.33,
				1
			]
		},
		{
			"Target": "PartOpacity",
			"Id": "ArtMesh146_Skinning",
			"Segments": [
				0,
				1,
				0,
				4.33,
				1
			]
		},
		{
			"Target": "PartOpacity",
			"Id": "Part38",
			"Segments": [
				0,
				1,
				0,
				4.33,
				1
			]
		},
		{
			"Target": "PartOpacity",
			"Id": "Part5",
			"Segments": [
				0,
				1,
				0,
				4.33,
				1
			]
		},
		{
			"Target": "PartOpacity",
			"Id": "ArtMesh27_Skinning",
			"Segments": [
				0,
				1,
				0,
				4.33,
				1
			]
		},
		{
			"Target": "PartOpacity",
			"Id": "Part6",
			"Segments": [
				0,
				1,
				0,
				4.33,
				1
			]
		},
		{
			"Target": "PartOpacity",
			"Id": "Part7",
			"Segments": [
				0,
				1,
				0,
				4.33,
				1
			]
		},
		{
			"Target": "PartOpacity",
			"Id": "ArtMesh28_Skinning",
			"Segments": [
				0,
				1,
				0,
				4.33,
				1
			]
		},
		{
			"Target": "PartOpacity",
			"Id": "ArtMesh29_Skinning",
			"Segments": [
				0,
				1,
				0,
				4.33,
				1
			]
		},
		{
			"Target": "PartOpacity",
			"Id": "ArtMesh30_Skinning",
			"Segments": [
				0,
				1,
				0,
				4.33,
				1
			]
		},
		{
			"Target": "PartOpacity",
			"Id": "ArtMesh31_Skinning",
			"Segments": [
				0,
				1,
				0,
				4.33,
				1
			]
		},
		{
			"Target": "PartOpacity",
			"Id": "ArtMesh32_Skinning",
			"Segments": [
				0,
				1,
				0,
				4.33,
				1
			]
		},
		{
			"Target": "PartOpacity",
			"Id": "ArtMesh33_Skinning",
			"Segments": [
				0,
				1,
				0,
				4.33,
				1
			]
		},
		{
			"Target": "PartOpacity",
			"Id": "Part8",
			"Segments": [
				0,
				1,
				0,
				4.33,
				1
			]
		},
		{
			"Target": "PartOpacity",
			"Id": "ArtMesh34_Skinning",
			"Segments": [
				0,
				1,
				0,
				4.33,
				1
			]
		},
		{
			"Target": "PartOpacity",
			"Id": "ArtMesh35_Skinning",
			"Segments": [
				0,
				1,
				0,
				4.33,
				1
			]
		},
		{
			"Target": "PartOpacity",
			"Id": "Part24",
			"Segments": [
				0,
				1,
				0,
				4.33,
				1
			]
		},
		{
			"Target": "PartOpacity",
			"Id": "Part17",
			"Segments": [
				0,
				1,
				0,
				4.33,
				1
			]
		},
		{
			"Target": "PartOpacity",
			"Id": "Part18",
			"Segments": [
				0,
				1,
				0,
				4.33,
				1
			]
		},
		{
			"Target": "PartOpacity",
			"Id": "Part26",
			"Segments": [
				0,
				1,
				0,
				4.33,
				1
			]
		},
		{
			"Target": "PartOpacity",
			"Id": "Part27",
			"Segments": [
				0,
				1,
				0,
				4.33,
				1
			]
		},
		{
			"Target": "PartOpacity",
			"Id": "Part28",
			"Segments": [
				0,
				1,
				0,
				4.33,
				1
			]
		},
		{
			"Target": "PartOpacity",
			"Id": "Part29",
			"Segments": [
				0,
				1,
				0,
				4.33,
				1
			]
		},
		{
			"Target": "PartOpacity",
			"Id": "Part31",
			"Segments": [
				0,
				1,
				0,
				4.33,
				1
			]
		},
		{
			"Target": "PartOpacity",
			"Id": "Part32",
			"Segments": [
				0,
				1,
				0,
				4.33,
				1
			]
		},
		{
			"Target": "PartOpacity",
			"Id": "ArtMesh116_Skinning",
			"Segments": [
				0,
				1,
				0,
				4.33,
				1
			]
		},
		{
			"Target": "PartOpacity",
			"Id": "ArtMesh117_Skinning",
			"Segments": [
				0,
				1,
				0,
				4.33,
				1
			]
		},
		{
			"Target": "PartOpacity",
			"Id": "ArtMesh118_Skinning",
			"Segments": [
				0,
				1,
				0,
				4.33,
				1
			]
		},
		{
			"Target": "PartOpacity",
			"Id": "ArtMesh119_Skinning",
			"Segments": [
				0,
				1,
				0,
				4.33,
				1
			]
		},
		{
			"Target": "PartOpacity",
			"Id": "ArtMesh120_Skinning",
			"Segments": [
				0,
				1,
				0,
				4.33,
				1
			]
		},
		{
			"Target": "PartOpacity",
			"Id": "ArtMesh121_Skinning",
			"Segments": [
				0,
				1,
				0,
				4.33,
				1
			]
		},
		{
			"Target": "PartOpacity",
			"Id": "ArtMesh122_Skinning",
			"Segments": [
				0,
				1,
				0,
				4.33,
				1
			]
		},
		{
			"Target": "PartOpacity",
			"Id": "ArtMesh123_Skinning",
			"Segments": [
				0,
				1,
				0,
				4.33,
				1
			]
		},
		{
			"Target": "PartOpacity",
			"Id": "ArtMesh124_Skinning",
			"Segments": [
				0,
				1,
				0,
				4.33,
				1
			]
		},
		{
			"Target": "PartOpacity",
			"Id": "ArtMesh125_Skinning",
			"Segments": [
				0,
				1,
				0,
				4.33,
				1
			]
		},
		{
			"Target": "PartOpacity",
			"Id": "ArtMesh126_Skinning",
			"Segments": [
				0,
				1,
				0,
				4.33,
				1
			]
		},
		{
			"Target": "PartOpacity",
			"Id": "Part39",
			"Segments": [
				0,
				1,
				0,
				4.33,
				1
			]
		},
		{
			"Target": "PartOpacity",
			"Id": "Part40",
			"Segments": [
				0,
				1,
				0,
				4.33,
				1
			]
		},
		{
			"Target": "PartOpacity",
			"Id": "Part41",
			"Segments": [
				0,
				1,
				0,
				4.33,
				1
			]
		},
		{
			"Target": "PartOpacity",
			"Id": "ArtMesh165_Skinning",
			"Segments": [
				0,
				1,
				0,
				4.33,
				1
			]
		},
		{
			"Target": "PartOpacity",
			"Id": "ArtMesh166_Skinning",
			"Segments": [
				0,
				1,
				0,
				4.33,
				1
			]
		},
		{
			"Target": "PartOpacity",
			"Id": "Part42",
			"Segments": [
				0,
				1,
				0,
				4.33,
				1
			]
		}
	]
}