{
	"Version": 3,
	"Meta": {
		"Duration": 3.633,
		"Fps": 30.0,
		"Loop": true,
		"AreBeziersRestricted": true,
		"CurveCount": 128,
		"TotalSegmentCount": 776,
		"TotalPointCount": 2232,
		"UserDataCount": 0,
		"TotalUserDataSize": 0
	},
	"Curves": [
		{
			"Target": "Parameter",
			"Id": "ParamBodyAngleX",
			"Segments": [
				0,
				0,
				1,
				0.222,
				0,
				0.444,
				-8,
				0.667,
				-8,
				1,
				0.889,
				-8,
				1.111,
				-7.52,
				1.333,
				-4,
				1,
				1.611,
				0.4,
				1.889,
				5,
				2.167,
				5,
				1,
				2.644,
				5,
				3.122,
				3.773,
				3.6,
				0,
				1,
				3.611,
				-0.088,
				3.622,
				-0.175,
				3.633,
				-0.262
			]
		},
		{
			"Target": "Parameter",
			"Id": "ParamBodyAngleZ",
			"Segments": [
				0,
				3.264,
				1,
				0.244,
				3.264,
				0.489,
				1.5,
				0.733,
				1.5,
				1,
				1.022,
				1.5,
				1.311,
				3.264,
				1.6,
				3.264,
				1,
				1.933,
				3.264,
				2.267,
				2.629,
				2.6,
				2.629,
				1,
				2.933,
				2.629,
				3.267,
				3.264,
				3.6,
				3.264,
				1,
				3.611,
				3.264,
				3.622,
				3.263,
				3.633,
				3.261
			]
		},
		{
			"Target": "Parameter",
			"Id": "Param172",
			"Segments": [
				0,
				0,
				0,
				0.1,
				0,
				1,
				0.4,
				0,
				0.7,
				0,
				1,
				0,
				1,
				1.3,
				0,
				1.6,
				0,
				1.9,
				0,
				1,
				2.2,
				0,
				2.5,
				0,
				2.8,
				0,
				1,
				3.078,
				0,
				3.356,
				0,
				3.633,
				0
			]
		},
		{
			"Target": "Parameter",
			"Id": "Param173",
			"Segments": [
				0,
				2.678,
				1,
				0.144,
				2.678,
				0.289,
				4,
				0.433,
				4,
				1,
				0.589,
				4,
				0.744,
				-2,
				0.9,
				-2,
				1,
				1.2,
				-2,
				1.5,
				4,
				1.8,
				4,
				1,
				2.1,
				4,
				2.4,
				0,
				2.7,
				0,
				1,
				3,
				0,
				3.3,
				2.678,
				3.6,
				2.678,
				1,
				3.611,
				2.678,
				3.622,
				2.674,
				3.633,
				2.667
			]
		},
		{
			"Target": "Parameter",
			"Id": "ParamBreath",
			"Segments": [
				0,
				0,
				1,
				0.3,
				0,
				0.6,
				1,
				0.9,
				1,
				1,
				1.2,
				1,
				1.5,
				0,
				1.8,
				0,
				1,
				2.1,
				0,
				2.4,
				1,
				2.7,
				1,
				1,
				3,
				1,
				3.3,
				0,
				3.6,
				0,
				1,
				3.611,
				0,
				3.622,
				0.001,
				3.633,
				0.004
			]
		},
		{
			"Target": "Parameter",
			"Id": "ParamAngleX",
			"Segments": [
				0,
				14,
				1,
				0.356,
				14,
				0.711,
				-30,
				1.067,
				-30,
				1,
				1.378,
				-30,
				1.689,
				-2,
				2,
				-2,
				1,
				2.3,
				-2,
				2.6,
				-19,
				2.9,
				-19,
				1,
				3.144,
				-19,
				3.389,
				8.885,
				3.633,
				19.212
			]
		},
		{
			"Target": "Parameter",
			"Id": "ParamAngleY",
			"Segments": [
				0,
				0,
				1,
				0.356,
				0,
				0.711,
				-24,
				1.067,
				-24,
				1,
				1.378,
				-24,
				1.689,
				12,
				2,
				12,
				1,
				2.3,
				12,
				2.6,
				-6,
				2.9,
				-6,
				1,
				3.144,
				-6,
				3.389,
				-2.016,
				3.633,
				-0.541
			]
		},
		{
			"Target": "Parameter",
			"Id": "ParamAngleZ",
			"Segments": [
				0,
				-2,
				1,
				0.333,
				-2,
				0.667,
				-2.819,
				1,
				-2.819,
				1,
				1.3,
				-2.819,
				1.6,
				-1.107,
				1.9,
				-1.107,
				1,
				2.2,
				-1.107,
				2.5,
				-2.819,
				2.8,
				-2.819,
				1,
				3.078,
				-2.819,
				3.356,
				-2.117,
				3.633,
				-2.013
			]
		},
		{
			"Target": "Parameter",
			"Id": "ParamBrowLY",
			"Segments": [
				0,
				-0.3,
				1,
				0.167,
				-0.3,
				0.333,
				-0.3,
				0.5,
				-0.3,
				1,
				0.556,
				-0.3,
				0.611,
				-0.4,
				0.667,
				-0.4,
				0,
				3.633,
				-0.4
			]
		},
		{
			"Target": "Parameter",
			"Id": "ParamBrowLX",
			"Segments": [
				0,
				0,
				1,
				0.167,
				0,
				0.333,
				0,
				0.5,
				0,
				1,
				0.556,
				0,
				0.611,
				-0.2,
				0.667,
				-0.2,
				0,
				3.633,
				-0.2
			]
		},
		{
			"Target": "Parameter",
			"Id": "ParamBrowLAngle",
			"Segments": [
				0,
				-0.4,
				1,
				0.167,
				-0.4,
				0.333,
				-0.4,
				0.5,
				-0.4,
				1,
				0.556,
				-0.4,
				0.611,
				-0.7,
				0.667,
				-0.7,
				0,
				3.633,
				-0.7
			]
		},
		{
			"Target": "Parameter",
			"Id": "ParamBrowLForm",
			"Segments": [
				0,
				-0.6,
				1,
				0.167,
				-0.6,
				0.333,
				-0.6,
				0.5,
				-0.6,
				1,
				0.556,
				-0.6,
				0.611,
				-0.8,
				0.667,
				-0.8,
				0,
				3.633,
				-0.8
			]
		},
		{
			"Target": "Parameter",
			"Id": "ParamBrowRY",
			"Segments": [
				0,
				0.1,
				1,
				0.167,
				0.1,
				0.333,
				0.1,
				0.5,
				0.1,
				1,
				0.556,
				0.1,
				0.611,
				0.4,
				0.667,
				0.4,
				0,
				3.633,
				0.4
			]
		},
		{
			"Target": "Parameter",
			"Id": "ParamBrowRX",
			"Segments": [
				0,
				-0.1,
				1,
				0.167,
				-0.1,
				0.333,
				-0.1,
				0.5,
				-0.1,
				1,
				0.556,
				-0.1,
				0.611,
				-0.4,
				0.667,
				-0.4,
				0,
				3.633,
				-0.4
			]
		},
		{
			"Target": "Parameter",
			"Id": "ParamBrowRAngle",
			"Segments": [
				0,
				-0.1,
				1,
				0.167,
				-0.1,
				0.333,
				-0.1,
				0.5,
				-0.1,
				1,
				0.556,
				-0.1,
				0.611,
				-0.5,
				0.667,
				-0.5,
				0,
				3.633,
				-0.5
			]
		},
		{
			"Target": "Parameter",
			"Id": "ParamBrowRForm",
			"Segments": [
				0,
				-0.7,
				1,
				0.167,
				-0.7,
				0.333,
				-0.7,
				0.5,
				-0.7,
				1,
				0.556,
				-0.7,
				0.611,
				-0.8,
				0.667,
				-0.8,
				0,
				3.633,
				-0.8
			]
		},
		{
			"Target": "Parameter",
			"Id": "ParamEyeLOpen",
			"Segments": [
				0,
				1,
				1,
				0.122,
				1,
				0.244,
				1,
				0.367,
				1,
				1,
				0.5,
				1,
				0.633,
				-0.5,
				0.767,
				-0.5,
				1,
				1.056,
				-0.5,
				1.344,
				-0.5,
				1.633,
				-0.5,
				1,
				1.822,
				-0.5,
				2.011,
				1,
				2.2,
				1,
				0,
				3.633,
				1
			]
		},
		{
			"Target": "Parameter",
			"Id": "Param74",
			"Segments": [
				0,
				1,
				1,
				0.122,
				1,
				0.244,
				1,
				0.367,
				1,
				1,
				0.5,
				1,
				0.633,
				1,
				0.767,
				1,
				1,
				1.244,
				1,
				1.722,
				1,
				2.2,
				1,
				0,
				3.633,
				1
			]
		},
		{
			"Target": "Parameter",
			"Id": "Param73",
			"Segments": [
				0,
				0,
				1,
				0.122,
				0,
				0.244,
				0,
				0.367,
				0,
				1,
				0.5,
				0,
				0.633,
				1,
				0.767,
				1,
				1,
				1.056,
				1,
				1.344,
				1,
				1.633,
				1,
				1,
				1.822,
				1,
				2.011,
				0,
				2.2,
				0,
				0,
				3.633,
				0
			]
		},
		{
			"Target": "Parameter",
			"Id": "Param72",
			"Segments": [
				0,
				0,
				1,
				0.122,
				0,
				0.244,
				0,
				0.367,
				0,
				1,
				0.5,
				0,
				0.633,
				1,
				0.767,
				1,
				1,
				1.056,
				1,
				1.344,
				1,
				1.633,
				1,
				1,
				1.822,
				1,
				2.011,
				0,
				2.2,
				0,
				0,
				3.633,
				0
			]
		},
		{
			"Target": "Parameter",
			"Id": "Param200",
			"Segments": [
				0,
				0,
				1,
				0.122,
				0,
				0.244,
				0,
				0.367,
				0,
				1,
				0.5,
				0,
				0.633,
				1,
				0.767,
				1,
				1,
				1.056,
				1,
				1.344,
				0,
				1.633,
				0,
				1,
				1.822,
				0,
				2.011,
				0,
				2.2,
				0,
				0,
				3.633,
				0
			]
		},
		{
			"Target": "Parameter",
			"Id": "Param201",
			"Segments": [
				0,
				0,
				1,
				0.122,
				0,
				0.244,
				0,
				0.367,
				0,
				1,
				0.5,
				0,
				0.633,
				0,
				0.767,
				0,
				1,
				1.056,
				0,
				1.344,
				0.8,
				1.633,
				0.8,
				1,
				1.822,
				0.8,
				2.011,
				0,
				2.2,
				0,
				0,
				3.633,
				0
			]
		},
		{
			"Target": "Parameter",
			"Id": "ParamEyeROpen",
			"Segments": [
				0,
				1,
				1,
				0.122,
				1,
				0.244,
				1,
				0.367,
				1,
				1,
				0.5,
				1,
				0.633,
				-0.5,
				0.767,
				-0.5,
				1,
				1.056,
				-0.5,
				1.344,
				-0.5,
				1.633,
				-0.5,
				1,
				1.822,
				-0.5,
				2.011,
				1,
				2.2,
				1,
				0,
				3.633,
				1
			]
		},
		{
			"Target": "Parameter",
			"Id": "Param76",
			"Segments": [
				0,
				1,
				1,
				0.122,
				1,
				0.244,
				1,
				0.367,
				1,
				1,
				0.5,
				1,
				0.633,
				1,
				0.767,
				1,
				1,
				1.244,
				1,
				1.722,
				1,
				2.2,
				1,
				0,
				3.633,
				1
			]
		},
		{
			"Target": "Parameter",
			"Id": "Param75",
			"Segments": [
				0,
				0,
				1,
				0.122,
				0,
				0.244,
				0,
				0.367,
				0,
				1,
				0.5,
				0,
				0.633,
				1,
				0.767,
				1,
				1,
				1.056,
				1,
				1.344,
				1,
				1.633,
				1,
				1,
				1.822,
				1,
				2.011,
				0,
				2.2,
				0,
				0,
				3.633,
				0
			]
		},
		{
			"Target": "Parameter",
			"Id": "Param77",
			"Segments": [
				0,
				0,
				1,
				0.122,
				0,
				0.244,
				0,
				0.367,
				0,
				1,
				0.5,
				0,
				0.633,
				1,
				0.767,
				1,
				1,
				1.056,
				1,
				1.344,
				1,
				1.633,
				1,
				1,
				1.822,
				1,
				2.011,
				0,
				2.2,
				0,
				0,
				3.633,
				0
			]
		},
		{
			"Target": "Parameter",
			"Id": "Param198",
			"Segments": [
				0,
				0,
				1,
				0.122,
				0,
				0.244,
				0,
				0.367,
				0,
				1,
				0.5,
				0,
				0.633,
				1,
				0.767,
				1,
				1,
				1.056,
				1,
				1.344,
				0,
				1.633,
				0,
				1,
				1.822,
				0,
				2.011,
				0,
				2.2,
				0,
				0,
				3.633,
				0
			]
		},
		{
			"Target": "Parameter",
			"Id": "Param199",
			"Segments": [
				0,
				0,
				1,
				0.122,
				0,
				0.244,
				0,
				0.367,
				0,
				1,
				0.5,
				0,
				0.633,
				0,
				0.767,
				0,
				1,
				1.056,
				0,
				1.344,
				10,
				1.633,
				10,
				1,
				1.822,
				10,
				2.011,
				0,
				2.2,
				0,
				0,
				3.633,
				0
			]
		},
		{
			"Target": "Parameter",
			"Id": "ParamEyeBallX",
			"Segments": [
				0,
				0,
				0,
				3.633,
				0
			]
		},
		{
			"Target": "Parameter",
			"Id": "ParamEyeBallY",
			"Segments": [
				0,
				0,
				0,
				3.633,
				0
			]
		},
		{
			"Target": "Parameter",
			"Id": "ParamCheek",
			"Segments": [
				0,
				0,
				0,
				3.633,
				0
			]
		},
		{
			"Target": "Parameter",
			"Id": "Param78",
			"Segments": [
				0,
				1,
				0,
				3.633,
				1
			]
		},
		{
			"Target": "Parameter",
			"Id": "Param79",
			"Segments": [
				0,
				0,
				0,
				3.333,
				0,
				0,
				3.633,
				0.409
			]
		},
		{
			"Target": "Parameter",
			"Id": "ParamMouthOpenY",
			"Segments": [
				0,
				0.408,
				1,
				0.022,
				0.408,
				0.044,
				0.914,
				0.067,
				0.914,
				1,
				0.111,
				0.914,
				0.156,
				0.055,
				0.2,
				0.055,
				1,
				0.222,
				0.055,
				0.244,
				0.239,
				0.267,
				0.239,
				1,
				0.333,
				0.239,
				0.4,
				0,
				0.467,
				0,
				1,
				0.556,
				0,
				0.644,
				0.91,
				0.733,
				0.91,
				1,
				0.756,
				0.91,
				0.778,
				0.839,
				0.8,
				0.839,
				1,
				0.844,
				0.839,
				0.889,
				0.902,
				0.933,
				0.902,
				1,
				0.978,
				0.902,
				1.022,
				0.067,
				1.067,
				0.067,
				1,
				1.089,
				0.067,
				1.111,
				0.831,
				1.133,
				0.831,
				1,
				1.156,
				0.831,
				1.178,
				0.541,
				1.2,
				0.541,
				1,
				1.222,
				0.541,
				1.244,
				0.937,
				1.267,
				0.937,
				1,
				1.311,
				0.937,
				1.356,
				0.302,
				1.4,
				0.302,
				1,
				1.422,
				0.302,
				1.444,
				0.741,
				1.467,
				0.741,
				1,
				1.489,
				0.741,
				1.511,
				0.416,
				1.533,
				0.416,
				1,
				1.556,
				0.416,
				1.578,
				0.898,
				1.6,
				0.898,
				1,
				1.622,
				0.898,
				1.644,
				0.863,
				1.667,
				0.863,
				1,
				1.689,
				0.863,
				1.711,
				0.918,
				1.733,
				0.918,
				1,
				1.756,
				0.918,
				1.778,
				0.831,
				1.8,
				0.831,
				1,
				1.822,
				0.831,
				1.844,
				1,
				1.867,
				1,
				1,
				1.889,
				1,
				1.911,
				0.561,
				1.933,
				0.561,
				1,
				1.956,
				0.561,
				1.978,
				0.976,
				2,
				0.976,
				1,
				2.044,
				0.976,
				2.089,
				0.031,
				2.133,
				0.031,
				1,
				2.156,
				0.031,
				2.178,
				0.047,
				2.2,
				0.047,
				1,
				2.222,
				0.047,
				2.244,
				0,
				2.267,
				0,
				1,
				2.444,
				0,
				2.622,
				0,
				2.8,
				0,
				0,
				3.633,
				0
			]
		},
		{
			"Target": "Parameter",
			"Id": "ParamMouthForm",
			"Segments": [
				0,
				3,
				0,
				3.633,
				3
			]
		},
		{
			"Target": "Parameter",
			"Id": "Param80",
			"Segments": [
				0,
				1,
				0,
				3.633,
				1
			]
		},
		{
			"Target": "Parameter",
			"Id": "Param",
			"Segments": [
				0,
				0,
				0,
				0.167,
				0,
				1,
				0.444,
				0,
				0.722,
				-0.556,
				1,
				-0.556,
				1,
				1.444,
				-0.556,
				1.889,
				0,
				2.333,
				0,
				1,
				2.756,
				0,
				3.178,
				-0.556,
				3.6,
				-0.556,
				1,
				3.611,
				-0.556,
				3.622,
				-0.555,
				3.633,
				-0.554
			]
		},
		{
			"Target": "Parameter",
			"Id": "Param2",
			"Segments": [
				0,
				0,
				0,
				0.333,
				0,
				1,
				0.611,
				0,
				0.889,
				-0.873,
				1.167,
				-0.873,
				1,
				1.611,
				-0.873,
				2.056,
				0,
				2.5,
				0,
				1,
				2.878,
				0,
				3.256,
				-0.699,
				3.633,
				-0.846
			]
		},
		{
			"Target": "Parameter",
			"Id": "Param3",
			"Segments": [
				0,
				2,
				0,
				0.5,
				2,
				1,
				0.778,
				2,
				1.056,
				-6.006,
				1.333,
				-6.006,
				1,
				1.778,
				-6.006,
				2.222,
				2,
				2.667,
				2,
				1,
				2.989,
				2,
				3.311,
				-2.663,
				3.633,
				-4.872
			]
		},
		{
			"Target": "Parameter",
			"Id": "Param4",
			"Segments": [
				0,
				-10,
				0,
				0.433,
				-10,
				1,
				0.767,
				-10,
				1.1,
				10,
				1.433,
				10,
				1,
				1.856,
				10,
				2.278,
				-10,
				2.7,
				-10,
				1,
				3.011,
				-10,
				3.322,
				0.859,
				3.633,
				6.574
			]
		},
		{
			"Target": "Parameter",
			"Id": "Param30",
			"Segments": [
				0,
				0,
				1,
				0.356,
				0,
				0.711,
				1,
				1.067,
				1,
				1,
				1.489,
				1,
				1.911,
				0,
				2.333,
				0,
				1,
				2.767,
				0,
				3.2,
				0.862,
				3.633,
				0.985
			]
		},
		{
			"Target": "Parameter",
			"Id": "Param5",
			"Segments": [
				0,
				-5,
				1,
				0.256,
				-5,
				0.511,
				-1,
				0.767,
				-1,
				1,
				1.011,
				-1,
				1.256,
				-3,
				1.5,
				-3,
				1,
				1.722,
				-3,
				1.944,
				-2,
				2.167,
				-2,
				1,
				2.389,
				-2,
				2.611,
				-2,
				2.833,
				-2,
				1,
				3.1,
				-2,
				3.367,
				-5.686,
				3.633,
				-5.981
			]
		},
		{
			"Target": "Parameter",
			"Id": "Param6",
			"Segments": [
				0,
				9,
				1,
				0.256,
				9,
				0.511,
				10,
				0.767,
				10,
				1,
				1.011,
				10,
				1.256,
				10,
				1.5,
				10,
				1,
				1.722,
				10,
				1.944,
				10,
				2.167,
				10,
				1,
				2.389,
				10,
				2.611,
				9,
				2.833,
				9,
				1,
				3.1,
				9,
				3.367,
				9.922,
				3.633,
				9.995
			]
		},
		{
			"Target": "Parameter",
			"Id": "Param9",
			"Segments": [
				0,
				1,
				0,
				3.633,
				1
			]
		},
		{
			"Target": "Parameter",
			"Id": "Param8",
			"Segments": [
				0,
				1,
				0,
				3.633,
				1
			]
		},
		{
			"Target": "Parameter",
			"Id": "Param10",
			"Segments": [
				0,
				2,
				1,
				0.256,
				2,
				0.511,
				-2,
				0.767,
				-2,
				1,
				0.9,
				-2,
				1.033,
				2,
				1.167,
				2,
				1,
				1.278,
				2,
				1.389,
				-2,
				1.5,
				-2,
				1,
				1.722,
				-2,
				1.944,
				2,
				2.167,
				2,
				1,
				2.656,
				2,
				3.144,
				-1.822,
				3.633,
				-1.991
			]
		},
		{
			"Target": "Parameter",
			"Id": "Param15",
			"Segments": [
				0,
				0.309,
				1,
				0.233,
				0.309,
				0.467,
				-8.498,
				0.7,
				-8.498,
				1,
				1,
				-8.498,
				1.3,
				0.309,
				1.6,
				0.309,
				1,
				1.9,
				0.309,
				2.2,
				-3.183,
				2.5,
				-3.183,
				1,
				2.8,
				-3.183,
				3.1,
				0.309,
				3.4,
				0.309,
				1,
				3.478,
				0.309,
				3.556,
				0.074,
				3.633,
				-0.273
			]
		},
		{
			"Target": "Parameter",
			"Id": "Param16",
			"Segments": [
				0,
				-0.007,
				0,
				0.133,
				-0.007,
				1,
				0.367,
				-0.007,
				0.6,
				17.294,
				0.833,
				17.294,
				1,
				1.133,
				17.294,
				1.433,
				-0.007,
				1.733,
				-0.007,
				1,
				2.033,
				-0.007,
				2.333,
				6.78,
				2.633,
				6.78,
				1,
				2.933,
				6.78,
				3.233,
				-0.007,
				3.533,
				-0.007,
				1,
				3.567,
				-0.007,
				3.6,
				0.077,
				3.633,
				0.225
			]
		},
		{
			"Target": "Parameter",
			"Id": "Param17",
			"Segments": [
				0,
				-0.029,
				0,
				0.267,
				-0.029,
				1,
				0.5,
				-0.029,
				0.733,
				15.923,
				0.967,
				15.923,
				1,
				1.267,
				15.923,
				1.567,
				-0.029,
				1.867,
				-0.029,
				1,
				2.167,
				-0.029,
				2.467,
				7.413,
				2.767,
				7.413,
				1,
				3.056,
				7.413,
				3.344,
				0.512,
				3.633,
				0.001
			]
		},
		{
			"Target": "Parameter",
			"Id": "Param21",
			"Segments": [
				0,
				0.051,
				0,
				0.1,
				0.051,
				1,
				0.333,
				0.051,
				0.567,
				3.16,
				0.8,
				3.16,
				1,
				1.1,
				3.16,
				1.4,
				0.051,
				1.7,
				0.051,
				1,
				2,
				0.051,
				2.3,
				3.16,
				2.6,
				3.16,
				1,
				2.9,
				3.16,
				3.2,
				0.051,
				3.5,
				0.051,
				1,
				3.544,
				0.051,
				3.589,
				0.119,
				3.633,
				0.235
			]
		},
		{
			"Target": "Parameter",
			"Id": "Param18",
			"Segments": [
				0,
				-8.229,
				0,
				0.6,
				-8.229,
				1,
				0.9,
				-8.229,
				1.2,
				0,
				1.5,
				0,
				1,
				1.8,
				0,
				2.1,
				-3.28,
				2.4,
				-3.28,
				1,
				2.7,
				-3.28,
				3,
				0,
				3.3,
				0,
				1,
				3.411,
				0,
				3.522,
				-0.45,
				3.633,
				-1.016
			]
		},
		{
			"Target": "Parameter",
			"Id": "Param19",
			"Segments": [
				0,
				0,
				0,
				0.033,
				0,
				1,
				0.267,
				0,
				0.5,
				13.5,
				0.733,
				13.5,
				1,
				1.033,
				13.5,
				1.333,
				0,
				1.633,
				0,
				1,
				1.933,
				0,
				2.233,
				6.107,
				2.533,
				6.107,
				1,
				2.833,
				6.107,
				3.133,
				0,
				3.433,
				0,
				1,
				3.5,
				0,
				3.567,
				0.302,
				3.633,
				0.771
			]
		},
		{
			"Target": "Parameter",
			"Id": "Param20",
			"Segments": [
				0,
				0,
				0,
				0.2,
				0,
				1,
				0.433,
				0,
				0.667,
				11.2,
				0.9,
				11.2,
				1,
				1.2,
				11.2,
				1.5,
				0,
				1.8,
				0,
				1,
				2.1,
				0,
				2.4,
				5.959,
				2.7,
				5.959,
				1,
				3,
				5.959,
				3.3,
				0,
				3.6,
				0,
				1,
				3.611,
				0,
				3.622,
				0.008,
				3.633,
				0.024
			]
		},
		{
			"Target": "Parameter",
			"Id": "Param35",
			"Segments": [
				0,
				14,
				1,
				0.133,
				14,
				0.267,
				16,
				0.4,
				16,
				1,
				0.489,
				16,
				0.578,
				11.675,
				0.667,
				0,
				1,
				0.756,
				-11.675,
				0.844,
				-19.384,
				0.933,
				-19.384,
				1,
				1.033,
				-19.384,
				1.133,
				-10.753,
				1.233,
				0,
				1,
				1.378,
				15.532,
				1.522,
				20.949,
				1.667,
				20.949,
				1,
				1.822,
				20.949,
				1.978,
				9.584,
				2.133,
				0,
				1,
				2.278,
				-8.899,
				2.422,
				-10.222,
				2.567,
				-10.222,
				1,
				2.722,
				-10.222,
				2.878,
				-7.159,
				3.033,
				0,
				1,
				3.178,
				6.648,
				3.322,
				10.555,
				3.467,
				10.555,
				1,
				3.522,
				10.555,
				3.578,
				10.124,
				3.633,
				9.244
			]
		},
		{
			"Target": "Parameter",
			"Id": "Param174",
			"Segments": [
				0,
				0,
				1,
				0.133,
				0,
				0.267,
				0,
				0.4,
				0,
				1,
				0.489,
				0,
				0.578,
				14.186,
				0.667,
				14.186,
				1,
				0.756,
				14.186,
				0.844,
				8.644,
				0.933,
				0,
				1,
				1.033,
				-9.724,
				1.133,
				-13.571,
				1.233,
				-13.571,
				1,
				1.378,
				-13.571,
				1.522,
				-8.907,
				1.667,
				0,
				1,
				1.822,
				9.593,
				1.978,
				14.186,
				2.133,
				14.186,
				1,
				2.278,
				14.186,
				2.422,
				8.874,
				2.567,
				0,
				1,
				2.722,
				-9.556,
				2.878,
				-13.571,
				3.033,
				-13.571,
				1,
				3.178,
				-13.571,
				3.322,
				-8.907,
				3.467,
				0,
				1,
				3.522,
				3.426,
				3.578,
				6.214,
				3.633,
				8.383
			]
		},
		{
			"Target": "Parameter",
			"Id": "Param25",
			"Segments": [
				0,
				0,
				1,
				0.144,
				0,
				0.289,
				-2.019,
				0.433,
				-2.019,
				1,
				0.589,
				-2.019,
				0.744,
				-1.404,
				0.9,
				0,
				1,
				1.044,
				1.304,
				1.189,
				2.051,
				1.333,
				2.051,
				1,
				1.489,
				2.051,
				1.644,
				1.406,
				1.8,
				0,
				1,
				1.944,
				-1.305,
				2.089,
				-2.019,
				2.233,
				-2.019,
				1,
				2.389,
				-2.019,
				2.544,
				-1.404,
				2.7,
				0,
				1,
				2.844,
				1.304,
				2.989,
				2.051,
				3.133,
				2.051,
				1,
				3.289,
				2.051,
				3.444,
				1.406,
				3.6,
				0,
				1,
				3.611,
				-0.1,
				3.622,
				-0.197,
				3.633,
				-0.291
			]
		},
		{
			"Target": "Parameter",
			"Id": "Param28",
			"Segments": [
				0,
				2.051,
				1,
				0.144,
				2.051,
				0.289,
				1.304,
				0.433,
				0,
				1,
				0.589,
				-1.404,
				0.744,
				-2.019,
				0.9,
				-2.019,
				1,
				1.044,
				-2.019,
				1.189,
				-1.305,
				1.333,
				0,
				1,
				1.489,
				1.406,
				1.644,
				2.051,
				1.8,
				2.051,
				1,
				1.944,
				2.051,
				2.089,
				1.304,
				2.233,
				0,
				1,
				2.389,
				-1.404,
				2.544,
				-2.019,
				2.7,
				-2.019,
				1,
				2.844,
				-2.019,
				2.989,
				-1.305,
				3.133,
				0,
				1,
				3.289,
				1.406,
				3.444,
				2.051,
				3.6,
				2.051,
				1,
				3.611,
				2.051,
				3.622,
				2.047,
				3.633,
				2.038
			]
		},
		{
			"Target": "Parameter",
			"Id": "Param29",
			"Segments": [
				0,
				0,
				0,
				0.167,
				0,
				1,
				0.311,
				0,
				0.456,
				-2.019,
				0.6,
				-2.019,
				1,
				0.756,
				-2.019,
				0.911,
				-1.404,
				1.067,
				0,
				1,
				1.211,
				1.304,
				1.356,
				2.051,
				1.5,
				2.051,
				1,
				1.656,
				2.051,
				1.811,
				1.406,
				1.967,
				0,
				1,
				2.111,
				-1.305,
				2.256,
				-2.019,
				2.4,
				-2.019,
				1,
				2.556,
				-2.019,
				2.711,
				-1.404,
				2.867,
				0,
				1,
				3.011,
				1.304,
				3.156,
				2.051,
				3.3,
				2.051,
				1,
				3.411,
				2.051,
				3.522,
				1.722,
				3.633,
				1.021
			]
		},
		{
			"Target": "Parameter",
			"Id": "Param109",
			"Segments": [
				0,
				2.051,
				0,
				0.167,
				2.051,
				1,
				0.311,
				2.051,
				0.456,
				1.304,
				0.6,
				0,
				1,
				0.756,
				-1.404,
				0.911,
				-2.019,
				1.067,
				-2.019,
				1,
				1.211,
				-2.019,
				1.356,
				-1.305,
				1.5,
				0,
				1,
				1.656,
				1.406,
				1.811,
				2.051,
				1.967,
				2.051,
				1,
				2.111,
				2.051,
				2.256,
				1.304,
				2.4,
				0,
				1,
				2.556,
				-1.404,
				2.711,
				-2.019,
				2.867,
				-2.019,
				1,
				3.011,
				-2.019,
				3.156,
				-1.305,
				3.3,
				0,
				1,
				3.411,
				1.004,
				3.522,
				1.62,
				3.633,
				1.89
			]
		},
		{
			"Target": "Parameter",
			"Id": "Param110",
			"Segments": [
				0,
				-0.002,
				0,
				0.167,
				-0.002,
				1,
				0.311,
				-0.002,
				0.456,
				-2.001,
				0.6,
				-2.001,
				1,
				0.756,
				-2.001,
				0.911,
				-1.39,
				1.067,
				0.002,
				1,
				1.211,
				1.294,
				1.356,
				2.033,
				1.5,
				2.033,
				1,
				1.656,
				2.033,
				1.811,
				1.391,
				1.967,
				-0.002,
				1,
				2.111,
				-1.296,
				2.256,
				-2.001,
				2.4,
				-2.001,
				1,
				2.556,
				-2.001,
				2.711,
				-1.39,
				2.867,
				0.002,
				1,
				3.011,
				1.294,
				3.156,
				2.033,
				3.3,
				2.033,
				1,
				3.411,
				2.033,
				3.522,
				1.706,
				3.633,
				1.011
			]
		},
		{
			"Target": "Parameter",
			"Id": "Param111",
			"Segments": [
				0,
				2.051,
				0,
				0.167,
				2.051,
				1,
				0.311,
				2.051,
				0.456,
				1.304,
				0.6,
				0,
				1,
				0.756,
				-1.404,
				0.911,
				-2.019,
				1.067,
				-2.019,
				1,
				1.211,
				-2.019,
				1.356,
				-1.305,
				1.5,
				0,
				1,
				1.656,
				1.406,
				1.811,
				2.051,
				1.967,
				2.051,
				1,
				2.111,
				2.051,
				2.256,
				1.304,
				2.4,
				0,
				1,
				2.556,
				-1.404,
				2.711,
				-2.019,
				2.867,
				-2.019,
				1,
				3.011,
				-2.019,
				3.156,
				-1.305,
				3.3,
				0,
				1,
				3.411,
				1.004,
				3.522,
				1.62,
				3.633,
				1.89
			]
		},
		{
			"Target": "Parameter",
			"Id": "Param194",
			"Segments": [
				0,
				0,
				0,
				0.2,
				0,
				1,
				0.344,
				0,
				0.489,
				-2.019,
				0.633,
				-2.019,
				1,
				0.789,
				-2.019,
				0.944,
				-1.404,
				1.1,
				0,
				1,
				1.244,
				1.304,
				1.389,
				2.051,
				1.533,
				2.051,
				1,
				1.689,
				2.051,
				1.844,
				1.406,
				2,
				0,
				1,
				2.144,
				-1.305,
				2.289,
				-2.019,
				2.433,
				-2.019,
				1,
				2.589,
				-2.019,
				2.744,
				-1.404,
				2.9,
				0,
				1,
				3.044,
				1.304,
				3.189,
				2.051,
				3.333,
				2.051,
				1,
				3.433,
				2.051,
				3.533,
				1.784,
				3.633,
				1.22
			]
		},
		{
			"Target": "Parameter",
			"Id": "Param195",
			"Segments": [
				0,
				2.051,
				0,
				0.2,
				2.051,
				1,
				0.344,
				2.051,
				0.489,
				1.304,
				0.633,
				0,
				1,
				0.789,
				-1.404,
				0.944,
				-2.019,
				1.1,
				-2.019,
				1,
				1.244,
				-2.019,
				1.389,
				-1.305,
				1.533,
				0,
				1,
				1.689,
				1.406,
				1.844,
				2.051,
				2,
				2.051,
				1,
				2.144,
				2.051,
				2.289,
				1.304,
				2.433,
				0,
				1,
				2.589,
				-1.404,
				2.744,
				-2.019,
				2.9,
				-2.019,
				1,
				3.044,
				-2.019,
				3.189,
				-1.305,
				3.333,
				0,
				1,
				3.433,
				0.904,
				3.533,
				1.493,
				3.633,
				1.799
			]
		},
		{
			"Target": "Parameter",
			"Id": "Param112",
			"Segments": [
				0,
				0,
				1,
				0.144,
				0,
				0.289,
				-2.019,
				0.433,
				-2.019,
				1,
				0.589,
				-2.019,
				0.744,
				-1.404,
				0.9,
				0,
				1,
				1.044,
				1.304,
				1.189,
				2.051,
				1.333,
				2.051,
				1,
				1.489,
				2.051,
				1.644,
				1.406,
				1.8,
				0,
				1,
				1.944,
				-1.305,
				2.089,
				-2.019,
				2.233,
				-2.019,
				1,
				2.389,
				-2.019,
				2.544,
				-1.404,
				2.7,
				0,
				1,
				2.844,
				1.304,
				2.989,
				2.051,
				3.133,
				2.051,
				1,
				3.289,
				2.051,
				3.444,
				1.406,
				3.6,
				0,
				1,
				3.611,
				-0.1,
				3.622,
				-0.197,
				3.633,
				-0.291
			]
		},
		{
			"Target": "Parameter",
			"Id": "Param113",
			"Segments": [
				0,
				2.051,
				1,
				0.144,
				2.051,
				0.289,
				1.304,
				0.433,
				0,
				1,
				0.589,
				-1.404,
				0.744,
				-2.019,
				0.9,
				-2.019,
				1,
				1.044,
				-2.019,
				1.189,
				-1.305,
				1.333,
				0,
				1,
				1.489,
				1.406,
				1.644,
				2.051,
				1.8,
				2.051,
				1,
				1.944,
				2.051,
				2.089,
				1.304,
				2.233,
				0,
				1,
				2.389,
				-1.404,
				2.544,
				-2.019,
				2.7,
				-2.019,
				1,
				2.844,
				-2.019,
				2.989,
				-1.305,
				3.133,
				0,
				1,
				3.289,
				1.406,
				3.444,
				2.051,
				3.6,
				2.051,
				1,
				3.611,
				2.051,
				3.622,
				2.047,
				3.633,
				2.038
			]
		},
		{
			"Target": "Parameter",
			"Id": "Param196",
			"Segments": [
				0,
				0,
				1,
				0.144,
				0,
				0.289,
				-2.019,
				0.433,
				-2.019,
				1,
				0.589,
				-2.019,
				0.744,
				-1.404,
				0.9,
				0,
				1,
				1.044,
				1.304,
				1.189,
				2.051,
				1.333,
				2.051,
				1,
				1.489,
				2.051,
				1.644,
				1.406,
				1.8,
				0,
				1,
				1.944,
				-1.305,
				2.089,
				-2.019,
				2.233,
				-2.019,
				1,
				2.389,
				-2.019,
				2.544,
				-1.404,
				2.7,
				0,
				1,
				2.844,
				1.304,
				2.989,
				2.051,
				3.133,
				2.051,
				1,
				3.289,
				2.051,
				3.444,
				1.406,
				3.6,
				0,
				1,
				3.611,
				-0.1,
				3.622,
				-0.197,
				3.633,
				-0.291
			]
		},
		{
			"Target": "Parameter",
			"Id": "Param197",
			"Segments": [
				0,
				2.051,
				1,
				0.144,
				2.051,
				0.289,
				1.304,
				0.433,
				0,
				1,
				0.589,
				-1.404,
				0.744,
				-2.019,
				0.9,
				-2.019,
				1,
				1.044,
				-2.019,
				1.189,
				-1.305,
				1.333,
				0,
				1,
				1.489,
				1.406,
				1.644,
				2.051,
				1.8,
				2.051,
				1,
				1.944,
				2.051,
				2.089,
				1.304,
				2.233,
				0,
				1,
				2.389,
				-1.404,
				2.544,
				-2.019,
				2.7,
				-2.019,
				1,
				2.844,
				-2.019,
				2.989,
				-1.305,
				3.133,
				0,
				1,
				3.289,
				1.406,
				3.444,
				2.051,
				3.6,
				2.051,
				1,
				3.611,
				2.051,
				3.622,
				2.047,
				3.633,
				2.038
			]
		},
		{
			"Target": "Parameter",
			"Id": "Param114",
			"Segments": [
				0,
				0,
				0,
				0.2,
				0,
				1,
				0.344,
				0,
				0.489,
				-2.019,
				0.633,
				-2.019,
				1,
				0.789,
				-2.019,
				0.944,
				-1.404,
				1.1,
				0,
				1,
				1.244,
				1.304,
				1.389,
				2.051,
				1.533,
				2.051,
				1,
				1.689,
				2.051,
				1.844,
				1.406,
				2,
				0,
				1,
				2.144,
				-1.305,
				2.289,
				-2.019,
				2.433,
				-2.019,
				1,
				2.589,
				-2.019,
				2.744,
				-1.404,
				2.9,
				0,
				1,
				3.044,
				1.304,
				3.189,
				2.051,
				3.333,
				2.051,
				1,
				3.433,
				2.051,
				3.533,
				1.784,
				3.633,
				1.22
			]
		},
		{
			"Target": "Parameter",
			"Id": "Param115",
			"Segments": [
				0,
				2.051,
				0,
				0.2,
				2.051,
				1,
				0.344,
				2.051,
				0.489,
				1.304,
				0.633,
				0,
				1,
				0.789,
				-1.404,
				0.944,
				-2.019,
				1.1,
				-2.019,
				1,
				1.244,
				-2.019,
				1.389,
				-1.305,
				1.533,
				0,
				1,
				1.689,
				1.406,
				1.844,
				2.051,
				2,
				2.051,
				1,
				2.144,
				2.051,
				2.289,
				1.304,
				2.433,
				0,
				1,
				2.589,
				-1.404,
				2.744,
				-2.019,
				2.9,
				-2.019,
				1,
				3.044,
				-2.019,
				3.189,
				-1.305,
				3.333,
				0,
				1,
				3.433,
				0.904,
				3.533,
				1.493,
				3.633,
				1.799
			]
		},
		{
			"Target": "Parameter",
			"Id": "Param192",
			"Segments": [
				0,
				0,
				0,
				0.2,
				0,
				1,
				0.344,
				0,
				0.489,
				-2.019,
				0.633,
				-2.019,
				1,
				0.789,
				-2.019,
				0.944,
				-1.404,
				1.1,
				0,
				1,
				1.244,
				1.304,
				1.389,
				2.051,
				1.533,
				2.051,
				1,
				1.689,
				2.051,
				1.844,
				1.406,
				2,
				0,
				1,
				2.144,
				-1.305,
				2.289,
				-2.019,
				2.433,
				-2.019,
				1,
				2.589,
				-2.019,
				2.744,
				-1.404,
				2.9,
				0,
				1,
				3.044,
				1.304,
				3.189,
				2.051,
				3.333,
				2.051,
				1,
				3.433,
				2.051,
				3.533,
				1.784,
				3.633,
				1.22
			]
		},
		{
			"Target": "Parameter",
			"Id": "Param193",
			"Segments": [
				0,
				2.051,
				0,
				0.2,
				2.051,
				1,
				0.344,
				2.051,
				0.489,
				1.304,
				0.633,
				0,
				1,
				0.789,
				-1.404,
				0.944,
				-2.019,
				1.1,
				-2.019,
				1,
				1.244,
				-2.019,
				1.389,
				-1.305,
				1.533,
				0,
				1,
				1.689,
				1.406,
				1.844,
				2.051,
				2,
				2.051,
				1,
				2.144,
				2.051,
				2.289,
				1.304,
				2.433,
				0,
				1,
				2.589,
				-1.404,
				2.744,
				-2.019,
				2.9,
				-2.019,
				1,
				3.044,
				-2.019,
				3.189,
				-1.305,
				3.333,
				0,
				1,
				3.433,
				0.904,
				3.533,
				1.493,
				3.633,
				1.799
			]
		},
		{
			"Target": "Parameter",
			"Id": "Param116",
			"Segments": [
				0,
				0,
				0,
				0.4,
				0,
				1,
				0.544,
				0,
				0.689,
				-2.019,
				0.833,
				-2.019,
				1,
				0.989,
				-2.019,
				1.144,
				-1.404,
				1.3,
				0,
				1,
				1.444,
				1.304,
				1.589,
				2.051,
				1.733,
				2.051,
				1,
				1.889,
				2.051,
				2.044,
				1.406,
				2.2,
				0,
				1,
				2.344,
				-1.305,
				2.489,
				-2.019,
				2.633,
				-2.019,
				1,
				2.789,
				-2.019,
				2.944,
				-1.404,
				3.1,
				0,
				1,
				3.244,
				1.304,
				3.389,
				2.051,
				3.533,
				2.051,
				1,
				3.567,
				2.051,
				3.6,
				2.021,
				3.633,
				1.961
			]
		},
		{
			"Target": "Parameter",
			"Id": "Param117",
			"Segments": [
				0,
				2.051,
				0,
				0.4,
				2.051,
				1,
				0.544,
				2.051,
				0.689,
				1.304,
				0.833,
				0,
				1,
				0.989,
				-1.404,
				1.144,
				-2.019,
				1.3,
				-2.019,
				1,
				1.444,
				-2.019,
				1.589,
				-1.305,
				1.733,
				0,
				1,
				1.889,
				1.406,
				2.044,
				2.051,
				2.2,
				2.051,
				1,
				2.344,
				2.051,
				2.489,
				1.304,
				2.633,
				0,
				1,
				2.789,
				-1.404,
				2.944,
				-2.019,
				3.1,
				-2.019,
				1,
				3.244,
				-2.019,
				3.389,
				-1.305,
				3.533,
				0,
				1,
				3.567,
				0.301,
				3.6,
				0.568,
				3.633,
				0.8
			]
		},
		{
			"Target": "Parameter",
			"Id": "Param118",
			"Segments": [
				0,
				0,
				0,
				0.167,
				0,
				1,
				0.311,
				0,
				0.456,
				-2.019,
				0.6,
				-2.019,
				1,
				0.756,
				-2.019,
				0.911,
				-1.404,
				1.067,
				0,
				1,
				1.211,
				1.304,
				1.356,
				2.051,
				1.5,
				2.051,
				1,
				1.656,
				2.051,
				1.811,
				1.406,
				1.967,
				0,
				1,
				2.111,
				-1.305,
				2.256,
				-2.019,
				2.4,
				-2.019,
				1,
				2.556,
				-2.019,
				2.711,
				-1.404,
				2.867,
				0,
				1,
				3.011,
				1.304,
				3.156,
				2.051,
				3.3,
				2.051,
				1,
				3.411,
				2.051,
				3.522,
				1.722,
				3.633,
				1.021
			]
		},
		{
			"Target": "Parameter",
			"Id": "Param119",
			"Segments": [
				0,
				2.051,
				0,
				0.167,
				2.051,
				1,
				0.311,
				2.051,
				0.456,
				1.304,
				0.6,
				0,
				1,
				0.756,
				-1.404,
				0.911,
				-2.019,
				1.067,
				-2.019,
				1,
				1.211,
				-2.019,
				1.356,
				-1.305,
				1.5,
				0,
				1,
				1.656,
				1.406,
				1.811,
				2.051,
				1.967,
				2.051,
				1,
				2.111,
				2.051,
				2.256,
				1.304,
				2.4,
				0,
				1,
				2.556,
				-1.404,
				2.711,
				-2.019,
				2.867,
				-2.019,
				1,
				3.011,
				-2.019,
				3.156,
				-1.305,
				3.3,
				0,
				1,
				3.411,
				1.004,
				3.522,
				1.62,
				3.633,
				1.89
			]
		},
		{
			"Target": "Parameter",
			"Id": "Param120",
			"Segments": [
				0,
				0,
				0,
				0.1,
				0,
				1,
				0.244,
				0,
				0.389,
				-2.021,
				0.533,
				-2.021,
				1,
				0.689,
				-2.021,
				0.844,
				-1.394,
				1,
				0,
				1,
				1.144,
				1.295,
				1.289,
				2.019,
				1.433,
				2.019,
				1,
				1.589,
				2.019,
				1.744,
				1.394,
				1.9,
				0,
				1,
				2.044,
				-1.295,
				2.189,
				-2.021,
				2.333,
				-2.021,
				1,
				2.489,
				-2.021,
				2.644,
				-1.394,
				2.8,
				0,
				1,
				2.944,
				1.295,
				3.089,
				2.019,
				3.233,
				2.019,
				1,
				3.367,
				2.019,
				3.5,
				1.56,
				3.633,
				0.551
			]
		},
		{
			"Target": "Parameter",
			"Id": "Param175",
			"Segments": [
				0,
				2.019,
				0,
				0.1,
				2.019,
				1,
				0.244,
				2.019,
				0.389,
				1.295,
				0.533,
				0,
				1,
				0.689,
				-1.394,
				0.844,
				-2.021,
				1,
				-2.021,
				1,
				1.144,
				-2.021,
				1.289,
				-1.295,
				1.433,
				0,
				1,
				1.589,
				1.394,
				1.744,
				2.019,
				1.9,
				2.019,
				1,
				2.044,
				2.019,
				2.189,
				1.295,
				2.333,
				0,
				1,
				2.489,
				-1.394,
				2.644,
				-2.021,
				2.8,
				-2.021,
				1,
				2.944,
				-2.021,
				3.089,
				-1.295,
				3.233,
				0,
				1,
				3.367,
				1.195,
				3.5,
				1.825,
				3.633,
				1.98
			]
		},
		{
			"Target": "Parameter",
			"Id": "Param176",
			"Segments": [
				0,
				0,
				0,
				0.2,
				0,
				1,
				0.344,
				0,
				0.489,
				-2.021,
				0.633,
				-2.021,
				1,
				0.789,
				-2.021,
				0.944,
				-1.394,
				1.1,
				0,
				1,
				1.244,
				1.295,
				1.389,
				2.019,
				1.533,
				2.019,
				1,
				1.689,
				2.019,
				1.844,
				1.394,
				2,
				0,
				1,
				2.144,
				-1.295,
				2.289,
				-2.021,
				2.433,
				-2.021,
				1,
				2.589,
				-2.021,
				2.744,
				-1.394,
				2.9,
				0,
				1,
				3.044,
				1.295,
				3.189,
				2.019,
				3.333,
				2.019,
				1,
				3.433,
				2.019,
				3.533,
				1.761,
				3.633,
				1.206
			]
		},
		{
			"Target": "Parameter",
			"Id": "Param177",
			"Segments": [
				0,
				2.019,
				0,
				0.2,
				2.019,
				1,
				0.344,
				2.019,
				0.489,
				1.295,
				0.633,
				0,
				1,
				0.789,
				-1.394,
				0.944,
				-2.021,
				1.1,
				-2.021,
				1,
				1.244,
				-2.021,
				1.389,
				-1.295,
				1.533,
				0,
				1,
				1.689,
				1.394,
				1.844,
				2.019,
				2,
				2.019,
				1,
				2.144,
				2.019,
				2.289,
				1.295,
				2.433,
				0,
				1,
				2.589,
				-1.394,
				2.744,
				-2.021,
				2.9,
				-2.021,
				1,
				3.044,
				-2.021,
				3.189,
				-1.295,
				3.333,
				0,
				1,
				3.433,
				0.896,
				3.533,
				1.475,
				3.633,
				1.773
			]
		},
		{
			"Target": "Parameter",
			"Id": "Param178",
			"Segments": [
				0,
				0,
				0,
				0.1,
				0,
				1,
				0.244,
				0,
				0.389,
				-2.021,
				0.533,
				-2.021,
				1,
				0.689,
				-2.021,
				0.844,
				-1.394,
				1,
				0,
				1,
				1.144,
				1.295,
				1.289,
				2.019,
				1.433,
				2.019,
				1,
				1.589,
				2.019,
				1.744,
				1.394,
				1.9,
				0,
				1,
				2.044,
				-1.295,
				2.189,
				-2.021,
				2.333,
				-2.021,
				1,
				2.489,
				-2.021,
				2.644,
				-1.394,
				2.8,
				0,
				1,
				2.944,
				1.295,
				3.089,
				2.019,
				3.233,
				2.019,
				1,
				3.367,
				2.019,
				3.5,
				1.56,
				3.633,
				0.551
			]
		},
		{
			"Target": "Parameter",
			"Id": "Param179",
			"Segments": [
				0,
				2.019,
				0,
				0.1,
				2.019,
				1,
				0.244,
				2.019,
				0.389,
				1.295,
				0.533,
				0,
				1,
				0.689,
				-1.394,
				0.844,
				-2.021,
				1,
				-2.021,
				1,
				1.144,
				-2.021,
				1.289,
				-1.295,
				1.433,
				0,
				1,
				1.589,
				1.394,
				1.744,
				2.019,
				1.9,
				2.019,
				1,
				2.044,
				2.019,
				2.189,
				1.295,
				2.333,
				0,
				1,
				2.489,
				-1.394,
				2.644,
				-2.021,
				2.8,
				-2.021,
				1,
				2.944,
				-2.021,
				3.089,
				-1.295,
				3.233,
				0,
				1,
				3.367,
				1.195,
				3.5,
				1.825,
				3.633,
				1.98
			]
		},
		{
			"Target": "Parameter",
			"Id": "Param180",
			"Segments": [
				0,
				0,
				0,
				0.1,
				0,
				1,
				0.233,
				0,
				0.367,
				-2.075,
				0.5,
				-2.075,
				1,
				0.656,
				-2.075,
				0.811,
				-1.436,
				0.967,
				0,
				1,
				1.111,
				1.333,
				1.256,
				2.084,
				1.4,
				2.084,
				1,
				1.556,
				2.084,
				1.711,
				1.436,
				1.867,
				0,
				1,
				2.011,
				-1.334,
				2.156,
				-2.075,
				2.3,
				-2.075,
				1,
				2.456,
				-2.075,
				2.611,
				-1.436,
				2.767,
				0,
				1,
				2.911,
				1.333,
				3.056,
				2.084,
				3.2,
				2.084,
				1,
				3.344,
				2.084,
				3.489,
				1.525,
				3.633,
				0.296
			]
		},
		{
			"Target": "Parameter",
			"Id": "Param181",
			"Segments": [
				0,
				2.084,
				0,
				0.067,
				2.084,
				1,
				0.211,
				2.084,
				0.356,
				1.333,
				0.5,
				0,
				1,
				0.656,
				-1.436,
				0.811,
				-2.075,
				0.967,
				-2.075,
				1,
				1.111,
				-2.075,
				1.256,
				-1.334,
				1.4,
				0,
				1,
				1.556,
				1.436,
				1.711,
				2.084,
				1.867,
				2.084,
				1,
				2.011,
				2.084,
				2.156,
				1.333,
				2.3,
				0,
				1,
				2.456,
				-1.436,
				2.611,
				-2.075,
				2.767,
				-2.075,
				1,
				2.911,
				-2.075,
				3.056,
				-1.334,
				3.2,
				0,
				1,
				3.344,
				1.334,
				3.489,
				1.988,
				3.633,
				2.074
			]
		},
		{
			"Target": "Parameter",
			"Id": "Param182",
			"Segments": [
				0,
				0,
				1,
				0.144,
				0,
				0.289,
				-2.075,
				0.433,
				-2.075,
				1,
				0.589,
				-2.075,
				0.744,
				-1.436,
				0.9,
				0,
				1,
				1.044,
				1.333,
				1.189,
				2.084,
				1.333,
				2.084,
				1,
				1.489,
				2.084,
				1.644,
				1.436,
				1.8,
				0,
				1,
				1.944,
				-1.334,
				2.089,
				-2.075,
				2.233,
				-2.075,
				1,
				2.389,
				-2.075,
				2.544,
				-1.436,
				2.7,
				0,
				1,
				2.844,
				1.333,
				2.989,
				2.084,
				3.133,
				2.084,
				1,
				3.289,
				2.084,
				3.444,
				1.436,
				3.6,
				0,
				1,
				3.611,
				-0.103,
				3.622,
				-0.202,
				3.633,
				-0.297
			]
		},
		{
			"Target": "Parameter",
			"Id": "Param183",
			"Segments": [
				0,
				2.084,
				1,
				0.144,
				2.084,
				0.289,
				1.333,
				0.433,
				0,
				1,
				0.589,
				-1.436,
				0.744,
				-2.075,
				0.9,
				-2.075,
				1,
				1.044,
				-2.075,
				1.189,
				-1.334,
				1.333,
				0,
				1,
				1.489,
				1.436,
				1.644,
				2.084,
				1.8,
				2.084,
				1,
				1.944,
				2.084,
				2.089,
				1.333,
				2.233,
				0,
				1,
				2.389,
				-1.436,
				2.544,
				-2.075,
				2.7,
				-2.075,
				1,
				2.844,
				-2.075,
				2.989,
				-1.334,
				3.133,
				0,
				1,
				3.289,
				1.436,
				3.444,
				2.084,
				3.6,
				2.084,
				1,
				3.611,
				2.084,
				3.622,
				2.08,
				3.633,
				2.071
			]
		},
		{
			"Target": "Parameter",
			"Id": "Param184",
			"Segments": [
				0,
				0,
				0,
				0.2,
				0,
				1,
				0.344,
				0,
				0.489,
				-2.075,
				0.633,
				-2.075,
				1,
				0.789,
				-2.075,
				0.944,
				-1.436,
				1.1,
				0,
				1,
				1.244,
				1.333,
				1.389,
				2.084,
				1.533,
				2.084,
				1,
				1.689,
				2.084,
				1.844,
				1.436,
				2,
				0,
				1,
				2.144,
				-1.334,
				2.289,
				-2.075,
				2.433,
				-2.075,
				1,
				2.589,
				-2.075,
				2.744,
				-1.436,
				2.9,
				0,
				1,
				3.044,
				1.333,
				3.189,
				2.084,
				3.333,
				2.084,
				1,
				3.433,
				2.084,
				3.533,
				1.816,
				3.633,
				1.244
			]
		},
		{
			"Target": "Parameter",
			"Id": "Param185",
			"Segments": [
				0,
				2.084,
				0,
				0.2,
				2.084,
				1,
				0.344,
				2.084,
				0.489,
				1.333,
				0.633,
				0,
				1,
				0.789,
				-1.436,
				0.944,
				-2.075,
				1.1,
				-2.075,
				1,
				1.244,
				-2.075,
				1.389,
				-1.334,
				1.533,
				0,
				1,
				1.689,
				1.436,
				1.844,
				2.084,
				2,
				2.084,
				1,
				2.144,
				2.084,
				2.289,
				1.333,
				2.433,
				0,
				1,
				2.589,
				-1.436,
				2.744,
				-2.075,
				2.9,
				-2.075,
				1,
				3.044,
				-2.075,
				3.189,
				-1.334,
				3.333,
				0,
				1,
				3.433,
				0.923,
				3.533,
				1.521,
				3.633,
				1.83
			]
		},
		{
			"Target": "Parameter",
			"Id": "Param186",
			"Segments": [
				0,
				0,
				0,
				0.1,
				0,
				1,
				0.244,
				0,
				0.389,
				-2.075,
				0.533,
				-2.075,
				1,
				0.689,
				-2.075,
				0.844,
				-1.436,
				1,
				0,
				1,
				1.144,
				1.333,
				1.289,
				2.084,
				1.433,
				2.084,
				1,
				1.589,
				2.084,
				1.744,
				1.436,
				1.9,
				0,
				1,
				2.044,
				-1.334,
				2.189,
				-2.075,
				2.333,
				-2.075,
				1,
				2.489,
				-2.075,
				2.644,
				-1.436,
				2.8,
				0,
				1,
				2.944,
				1.333,
				3.089,
				2.084,
				3.233,
				2.084,
				1,
				3.367,
				2.084,
				3.5,
				1.608,
				3.633,
				0.568
			]
		},
		{
			"Target": "Parameter",
			"Id": "Param187",
			"Segments": [
				0,
				2.084,
				0,
				0.1,
				2.084,
				1,
				0.244,
				2.084,
				0.389,
				1.333,
				0.533,
				0,
				1,
				0.689,
				-1.436,
				0.844,
				-2.075,
				1,
				-2.075,
				1,
				1.144,
				-2.075,
				1.289,
				-1.334,
				1.433,
				0,
				1,
				1.589,
				1.436,
				1.744,
				2.084,
				1.9,
				2.084,
				1,
				2.044,
				2.084,
				2.189,
				1.333,
				2.333,
				0,
				1,
				2.489,
				-1.436,
				2.644,
				-2.075,
				2.8,
				-2.075,
				1,
				2.944,
				-2.075,
				3.089,
				-1.334,
				3.233,
				0,
				1,
				3.367,
				1.231,
				3.5,
				1.883,
				3.633,
				2.044
			]
		},
		{
			"Target": "Parameter",
			"Id": "Param188",
			"Segments": [
				0,
				0,
				0,
				0.167,
				0,
				1,
				0.311,
				0,
				0.456,
				-2.075,
				0.6,
				-2.075,
				1,
				0.756,
				-2.075,
				0.911,
				-1.436,
				1.067,
				0,
				1,
				1.211,
				1.333,
				1.356,
				2.084,
				1.5,
				2.084,
				1,
				1.656,
				2.084,
				1.811,
				1.436,
				1.967,
				0,
				1,
				2.111,
				-1.334,
				2.256,
				-2.075,
				2.4,
				-2.075,
				1,
				2.556,
				-2.075,
				2.711,
				-1.436,
				2.867,
				0,
				1,
				3.011,
				1.333,
				3.156,
				2.084,
				3.3,
				2.084,
				1,
				3.411,
				2.084,
				3.522,
				1.754,
				3.633,
				1.041
			]
		},
		{
			"Target": "Parameter",
			"Id": "Param189",
			"Segments": [
				0,
				2.084,
				0,
				0.167,
				2.084,
				1,
				0.311,
				2.084,
				0.456,
				1.333,
				0.6,
				0,
				1,
				0.756,
				-1.436,
				0.911,
				-2.075,
				1.067,
				-2.075,
				1,
				1.211,
				-2.075,
				1.356,
				-1.334,
				1.5,
				0,
				1,
				1.656,
				1.436,
				1.811,
				2.084,
				1.967,
				2.084,
				1,
				2.111,
				2.084,
				2.256,
				1.333,
				2.4,
				0,
				1,
				2.556,
				-1.436,
				2.711,
				-2.075,
				2.867,
				-2.075,
				1,
				3.011,
				-2.075,
				3.156,
				-1.334,
				3.3,
				0,
				1,
				3.411,
				1.026,
				3.522,
				1.65,
				3.633,
				1.922
			]
		},
		{
			"Target": "Parameter",
			"Id": "Param190",
			"Segments": [
				0,
				0,
				0,
				0.233,
				0,
				1,
				0.378,
				0,
				0.522,
				-2.075,
				0.667,
				-2.075,
				1,
				0.822,
				-2.075,
				0.978,
				-1.436,
				1.133,
				0,
				1,
				1.278,
				1.333,
				1.422,
				2.084,
				1.567,
				2.084,
				1,
				1.722,
				2.084,
				1.878,
				1.436,
				2.033,
				0,
				1,
				2.178,
				-1.334,
				2.322,
				-2.075,
				2.467,
				-2.075,
				1,
				2.622,
				-2.075,
				2.778,
				-1.436,
				2.933,
				0,
				1,
				3.078,
				1.333,
				3.222,
				2.084,
				3.367,
				2.084,
				1,
				3.456,
				2.084,
				3.544,
				1.873,
				3.633,
				1.423
			]
		},
		{
			"Target": "Parameter",
			"Id": "Param191",
			"Segments": [
				0,
				2.084,
				0,
				0.233,
				2.084,
				1,
				0.378,
				2.084,
				0.522,
				1.333,
				0.667,
				0,
				1,
				0.822,
				-1.436,
				0.978,
				-2.075,
				1.133,
				-2.075,
				1,
				1.278,
				-2.075,
				1.422,
				-1.334,
				1.567,
				0,
				1,
				1.722,
				1.436,
				1.878,
				2.084,
				2.033,
				2.084,
				1,
				2.178,
				2.084,
				2.322,
				1.333,
				2.467,
				0,
				1,
				2.622,
				-1.436,
				2.778,
				-2.075,
				2.933,
				-2.075,
				1,
				3.078,
				-2.075,
				3.222,
				-1.334,
				3.367,
				0,
				1,
				3.456,
				0.821,
				3.544,
				1.384,
				3.633,
				1.716
			]
		},
		{
			"Target": "Parameter",
			"Id": "Param_Angle_Rotation34",
			"Segments": [
				0,
				-2.038,
				0,
				0.2,
				-2.038,
				1,
				0.5,
				-2.038,
				0.8,
				2.061,
				1.1,
				2.061,
				1,
				1.4,
				2.061,
				1.7,
				-2.035,
				2,
				-2.035,
				1,
				2.3,
				-2.035,
				2.6,
				2.061,
				2.9,
				2.061,
				1,
				3.144,
				2.061,
				3.389,
				-0.661,
				3.633,
				-1.669
			]
		},
		{
			"Target": "Parameter",
			"Id": "Param_Angle_Rotation37",
			"Segments": [
				0,
				-2.035,
				0,
				0.5,
				-2.035,
				1,
				0.8,
				-2.035,
				1.1,
				2.061,
				1.4,
				2.061,
				1,
				1.7,
				2.061,
				2,
				-2.035,
				2.3,
				-2.035,
				1,
				2.6,
				-2.035,
				2.9,
				2.061,
				3.2,
				2.061,
				1,
				3.344,
				2.061,
				3.489,
				1.111,
				3.633,
				0.127
			]
		},
		{
			"Target": "Parameter",
			"Id": "Param_Angle_Rotation60",
			"Segments": [
				0,
				-2.035,
				0,
				0.8,
				-2.035,
				1,
				1.111,
				-2.035,
				1.422,
				2.052,
				1.733,
				2.052,
				1,
				2.022,
				2.052,
				2.311,
				-2.035,
				2.6,
				-2.035,
				1,
				2.9,
				-2.035,
				3.2,
				2.061,
				3.5,
				2.061,
				1,
				3.544,
				2.061,
				3.589,
				1.971,
				3.633,
				1.817
			]
		},
		{
			"Target": "Parameter",
			"Id": "Param_Angle_Rotation61",
			"Segments": [
				0,
				-1.987,
				0,
				0.3,
				-1.987,
				1,
				0.6,
				-1.987,
				0.9,
				2.016,
				1.2,
				2.016,
				1,
				1.5,
				2.016,
				1.8,
				-1.987,
				2.1,
				-1.987,
				1,
				2.4,
				-1.987,
				2.7,
				2.016,
				3,
				2.016,
				1,
				3.211,
				2.016,
				3.422,
				0.034,
				3.633,
				-1.141
			]
		},
		{
			"Target": "Parameter",
			"Id": "Param_Angle_Rotation62",
			"Segments": [
				0,
				-1.993,
				0,
				0.6,
				-1.993,
				1,
				0.9,
				-1.993,
				1.2,
				2.022,
				1.5,
				2.022,
				1,
				1.8,
				2.022,
				2.1,
				-1.993,
				2.4,
				-1.993,
				1,
				2.7,
				-1.993,
				3,
				2.022,
				3.3,
				2.022,
				1,
				3.411,
				2.022,
				3.522,
				1.471,
				3.633,
				0.778
			]
		},
		{
			"Target": "Parameter",
			"Id": "Param_Angle_Rotation63",
			"Segments": [
				0,
				2.022,
				1,
				0.3,
				2.022,
				0.6,
				-1.993,
				0.9,
				-1.993,
				1,
				1.2,
				-1.993,
				1.5,
				2.022,
				1.8,
				2.022,
				1,
				2.1,
				2.022,
				2.4,
				-1.993,
				2.7,
				-1.993,
				1,
				3,
				-1.993,
				3.3,
				2.022,
				3.6,
				2.022,
				1,
				3.611,
				2.022,
				3.622,
				2.017,
				3.633,
				2.006
			]
		},
		{
			"Target": "Parameter",
			"Id": "Param31",
			"Segments": [
				0,
				-19.051,
				0,
				0.4,
				-19.051,
				1,
				0.7,
				-19.051,
				1,
				20.461,
				1.3,
				20.461,
				1,
				1.6,
				20.461,
				1.9,
				-19.051,
				2.2,
				-19.051,
				1,
				2.5,
				-19.051,
				2.8,
				20.461,
				3.1,
				20.461,
				1,
				3.278,
				20.461,
				3.456,
				6.585,
				3.633,
				-4.72
			]
		},
		{
			"Target": "Parameter",
			"Id": "Param32",
			"Segments": [
				0,
				-3.558,
				0,
				0.167,
				-3.558,
				1,
				0.467,
				-3.558,
				0.767,
				4.248,
				1.067,
				4.248,
				1,
				1.367,
				4.248,
				1.667,
				-3.558,
				1.967,
				-3.558,
				1,
				2.267,
				-3.558,
				2.567,
				4.248,
				2.867,
				4.248,
				1,
				3.122,
				4.248,
				3.378,
				-1.416,
				3.633,
				-3.095
			]
		},
		{
			"Target": "Parameter",
			"Id": "Param33",
			"Segments": [
				0,
				-3.579,
				0,
				0.167,
				-3.579,
				1,
				0.467,
				-3.579,
				0.767,
				1.55,
				1.067,
				1.55,
				1,
				1.367,
				1.55,
				1.667,
				-3.579,
				1.967,
				-3.579,
				1,
				2.267,
				-3.579,
				2.567,
				1.55,
				2.867,
				1.55,
				1,
				3.122,
				1.55,
				3.378,
				-2.172,
				3.633,
				-3.275
			]
		},
		{
			"Target": "Parameter",
			"Id": "Param_Angle_Rotation42",
			"Segments": [
				0,
				3.016,
				0,
				0.2,
				3.016,
				1,
				0.5,
				3.016,
				0.8,
				-3.104,
				1.1,
				-3.104,
				1,
				1.4,
				-3.104,
				1.7,
				3.016,
				2,
				3.016,
				1,
				2.3,
				3.016,
				2.6,
				-3.104,
				2.9,
				-3.104,
				1,
				3.144,
				-3.104,
				3.389,
				0.959,
				3.633,
				2.464
			]
		},
		{
			"Target": "Parameter",
			"Id": "Param_Angle_Rotation43",
			"Segments": [
				0,
				3.016,
				0,
				0.467,
				3.016,
				1,
				0.767,
				3.016,
				1.067,
				-3.104,
				1.367,
				-3.104,
				1,
				1.667,
				-3.104,
				1.967,
				3.016,
				2.267,
				3.016,
				1,
				2.567,
				3.016,
				2.867,
				-3.104,
				3.167,
				-3.104,
				1,
				3.322,
				-3.104,
				3.478,
				-1.458,
				3.633,
				0.126
			]
		},
		{
			"Target": "Parameter",
			"Id": "Param_Angle_Rotation44",
			"Segments": [
				0,
				2.981,
				0,
				0.733,
				2.981,
				1,
				1.033,
				2.981,
				1.333,
				-3.069,
				1.633,
				-3.069,
				1,
				1.933,
				-3.069,
				2.233,
				2.981,
				2.533,
				2.981,
				1,
				2.833,
				2.981,
				3.133,
				-3.069,
				3.433,
				-3.069,
				1,
				3.5,
				-3.069,
				3.567,
				-2.77,
				3.633,
				-2.305
			]
		},
		{
			"Target": "Parameter",
			"Id": "Param_Angle_Rotation45",
			"Segments": [
				0,
				-3.069,
				0,
				0.1,
				-3.069,
				1,
				0.4,
				-3.069,
				0.7,
				2.981,
				1,
				2.981,
				1,
				1.3,
				2.981,
				1.6,
				-3.069,
				1.9,
				-3.069,
				1,
				2.2,
				-3.069,
				2.5,
				2.981,
				2.8,
				2.981,
				1,
				3.078,
				2.981,
				3.356,
				-2.206,
				3.633,
				-2.974
			]
		},
		{
			"Target": "Parameter",
			"Id": "Param_Angle_Rotation48",
			"Segments": [
				0,
				3.017,
				0,
				0.2,
				3.017,
				1,
				0.5,
				3.017,
				0.8,
				-3.008,
				1.1,
				-3.008,
				1,
				1.4,
				-3.008,
				1.7,
				3.017,
				2,
				3.017,
				1,
				2.3,
				3.017,
				2.6,
				-3.008,
				2.9,
				-3.008,
				1,
				3.144,
				-3.008,
				3.389,
				0.992,
				3.633,
				2.474
			]
		},
		{
			"Target": "Parameter",
			"Id": "Param_Angle_Rotation49",
			"Segments": [
				0,
				3.017,
				0,
				0.533,
				3.017,
				1,
				0.833,
				3.017,
				1.133,
				-3.008,
				1.433,
				-3.008,
				1,
				1.733,
				-3.008,
				2.033,
				3.017,
				2.333,
				3.017,
				1,
				2.633,
				3.017,
				2.933,
				-3.008,
				3.233,
				-3.008,
				1,
				3.367,
				-3.008,
				3.5,
				-1.818,
				3.633,
				-0.495
			]
		},
		{
			"Target": "Parameter",
			"Id": "Param_Angle_Rotation50",
			"Segments": [
				0,
				-3.008,
				0,
				0.1,
				-3.008,
				1,
				0.4,
				-3.008,
				0.7,
				3.017,
				1,
				3.017,
				1,
				1.3,
				3.017,
				1.6,
				-3.008,
				1.9,
				-3.008,
				1,
				2.2,
				-3.008,
				2.5,
				3.017,
				2.8,
				3.017,
				1,
				3.078,
				3.017,
				3.356,
				-2.148,
				3.633,
				-2.914
			]
		},
		{
			"Target": "Parameter",
			"Id": "Param_Angle_Rotation52",
			"Segments": [
				0,
				3.038,
				0,
				0.3,
				3.038,
				1,
				0.6,
				3.038,
				0.9,
				-2.998,
				1.2,
				-2.998,
				1,
				1.5,
				-2.998,
				1.8,
				3.038,
				2.1,
				3.038,
				1,
				2.4,
				3.038,
				2.7,
				-2.998,
				3,
				-2.998,
				1,
				3.211,
				-2.998,
				3.422,
				-0.009,
				3.633,
				1.763
			]
		},
		{
			"Target": "Parameter",
			"Id": "Param_Angle_Rotation53",
			"Segments": [
				0,
				3.038,
				0,
				0.567,
				3.038,
				1,
				0.867,
				3.038,
				1.167,
				-2.998,
				1.467,
				-2.998,
				1,
				1.767,
				-2.998,
				2.067,
				3.038,
				2.367,
				3.038,
				1,
				2.667,
				3.038,
				2.967,
				-2.998,
				3.267,
				-2.998,
				1,
				3.389,
				-2.998,
				3.511,
				-1.996,
				3.633,
				-0.809
			]
		},
		{
			"Target": "Parameter",
			"Id": "Param_Angle_Rotation54",
			"Segments": [
				0,
				3.038,
				0,
				0.833,
				3.038,
				1,
				1.133,
				3.038,
				1.433,
				-2.998,
				1.733,
				-2.998,
				1,
				2.033,
				-2.998,
				2.333,
				3.038,
				2.633,
				3.038,
				1,
				2.933,
				3.038,
				3.233,
				-2.998,
				3.533,
				-2.998,
				1,
				3.567,
				-2.998,
				3.6,
				-2.924,
				3.633,
				-2.791
			]
		},
		{
			"Target": "Parameter",
			"Id": "Param_Angle_Rotation55",
			"Segments": [
				0,
				-2.998,
				0,
				0.2,
				-2.998,
				1,
				0.5,
				-2.998,
				0.8,
				3.038,
				1.1,
				3.038,
				1,
				1.4,
				3.038,
				1.7,
				-2.998,
				2,
				-2.998,
				1,
				2.3,
				-2.998,
				2.6,
				3.038,
				2.9,
				3.038,
				1,
				3.144,
				3.038,
				3.389,
				-0.97,
				3.633,
				-2.454
			]
		},
		{
			"Target": "Parameter",
			"Id": "Param_Angle_Rotation57",
			"Segments": [
				0,
				3.046,
				0,
				0.3,
				3.046,
				1,
				0.6,
				3.046,
				0.9,
				-3.084,
				1.2,
				-3.084,
				1,
				1.5,
				-3.084,
				1.8,
				3.046,
				2.1,
				3.046,
				1,
				2.4,
				3.046,
				2.7,
				-3.084,
				3,
				-3.084,
				1,
				3.211,
				-3.084,
				3.422,
				-0.049,
				3.633,
				1.75
			]
		},
		{
			"Target": "Parameter",
			"Id": "Param_Angle_Rotation58",
			"Segments": [
				0,
				3.046,
				0,
				0.633,
				3.046,
				1,
				0.933,
				3.046,
				1.233,
				-3.084,
				1.533,
				-3.084,
				1,
				1.833,
				-3.084,
				2.133,
				3.046,
				2.433,
				3.046,
				1,
				2.733,
				3.046,
				3.033,
				-3.084,
				3.333,
				-3.084,
				1,
				3.433,
				-3.084,
				3.533,
				-2.403,
				3.633,
				-1.495
			]
		},
		{
			"Target": "Parameter",
			"Id": "Param_Angle_Rotation59",
			"Segments": [
				0,
				-3.084,
				0,
				0.2,
				-3.084,
				1,
				0.5,
				-3.084,
				0.8,
				3.046,
				1.1,
				3.046,
				1,
				1.4,
				3.046,
				1.7,
				-3.084,
				2,
				-3.084,
				1,
				2.3,
				-3.084,
				2.6,
				3.046,
				2.9,
				3.046,
				1,
				3.144,
				3.046,
				3.389,
				-1.024,
				3.633,
				-2.531
			]
		},
		{
			"Target": "Parameter",
			"Id": "Param22",
			"Segments": [
				0,
				7.88,
				0,
				0.2,
				7.88,
				1,
				0.4,
				7.88,
				0.6,
				-8.438,
				0.8,
				-8.438,
				1,
				1,
				-8.438,
				1.2,
				7.88,
				1.4,
				7.88,
				1,
				1.6,
				7.88,
				1.8,
				-8.438,
				2,
				-8.438,
				1,
				2.2,
				-8.438,
				2.4,
				7.88,
				2.6,
				7.88,
				1,
				2.8,
				7.88,
				3,
				-8.438,
				3.2,
				-8.438,
				1,
				3.344,
				-8.438,
				3.489,
				0.073,
				3.633,
				4.802
			]
		},
		{
			"Target": "Parameter",
			"Id": "Param23",
			"Segments": [
				0,
				-6.738,
				1,
				0.2,
				-6.738,
				0.4,
				7.107,
				0.6,
				7.107,
				1,
				0.8,
				7.107,
				1,
				-6.738,
				1.2,
				-6.738,
				1,
				1.4,
				-6.738,
				1.6,
				7.107,
				1.8,
				7.107,
				1,
				2,
				7.107,
				2.2,
				-6.738,
				2.4,
				-6.738,
				1,
				2.6,
				-6.738,
				2.8,
				7.107,
				3,
				7.107,
				1,
				3.2,
				7.107,
				3.4,
				-6.738,
				3.6,
				-6.738,
				1,
				3.611,
				-6.738,
				3.622,
				-6.696,
				3.633,
				-6.615
			]
		},
		{
			"Target": "Parameter",
			"Id": "Param34",
			"Segments": [
				0,
				-7.265,
				0,
				0.333,
				-7.265,
				1,
				0.533,
				-7.265,
				0.733,
				7.511,
				0.933,
				7.511,
				1,
				1.133,
				7.511,
				1.333,
				-7.265,
				1.533,
				-7.265,
				1,
				1.733,
				-7.265,
				1.933,
				7.511,
				2.133,
				7.511,
				1,
				2.333,
				7.511,
				2.533,
				-7.265,
				2.733,
				-7.265,
				1,
				2.933,
				-7.265,
				3.133,
				7.511,
				3.333,
				7.511,
				1,
				3.433,
				7.511,
				3.533,
				3.817,
				3.633,
				0.123
			]
		},
		{
			"Target": "Parameter",
			"Id": "Param24",
			"Segments": [
				0,
				-7.973,
				0,
				0.2,
				-7.973,
				1,
				0.5,
				-7.973,
				0.8,
				8.398,
				1.1,
				8.398,
				1,
				1.4,
				8.398,
				1.7,
				-7.973,
				2,
				-7.973,
				1,
				2.3,
				-7.973,
				2.6,
				8.398,
				2.9,
				8.398,
				1,
				3.144,
				8.398,
				3.389,
				-2.471,
				3.633,
				-6.496
			]
		},
		{
			"Target": "Parameter",
			"Id": "Param26",
			"Segments": [
				0,
				0,
				0,
				0.033,
				1,
				0,
				1,
				1,
				0,
				1.033,
				2,
				0,
				2,
				2,
				0,
				2.033,
				3,
				0,
				3,
				3,
				0,
				3.033,
				4,
				0,
				3.633,
				4
			]
		},
		{
			"Target": "Parameter",
			"Id": "Param27",
			"Segments": [
				0,
				-7.278,
				0,
				0.533,
				-7.278,
				1,
				0.833,
				-7.278,
				1.133,
				7.966,
				1.433,
				7.966,
				1,
				1.733,
				7.966,
				2.033,
				-7.278,
				2.333,
				-7.278,
				1,
				2.633,
				-7.278,
				2.933,
				7.966,
				3.233,
				7.966,
				1,
				3.367,
				7.966,
				3.5,
				4.955,
				3.633,
				1.609
			]
		},
		{
			"Target": "Parameter",
			"Id": "Param_Angle_Rotation115",
			"Segments": [
				0,
				-6.334,
				0,
				0.133,
				-6.334,
				1,
				0.433,
				-6.334,
				0.733,
				6.7,
				1.033,
				6.7,
				1,
				1.333,
				6.7,
				1.633,
				-6.334,
				1.933,
				-6.334,
				1,
				2.233,
				-6.334,
				2.533,
				6.7,
				2.833,
				6.7,
				1,
				3.1,
				6.7,
				3.367,
				-3.598,
				3.633,
				-5.887
			]
		},
		{
			"Target": "Parameter",
			"Id": "Param_Angle_Rotation135",
			"Segments": [
				0,
				-6.334,
				0,
				0.533,
				-6.334,
				1,
				0.833,
				-6.334,
				1.133,
				6.7,
				1.433,
				6.7,
				1,
				1.733,
				6.7,
				2.033,
				-6.334,
				2.333,
				-6.334,
				1,
				2.633,
				-6.334,
				2.933,
				6.7,
				3.233,
				6.7,
				1,
				3.367,
				6.7,
				3.5,
				4.126,
				3.633,
				1.265
			]
		},
		{
			"Target": "Parameter",
			"Id": "Param_Angle_Rotation136",
			"Segments": [
				0,
				6.7,
				0,
				0.033,
				6.7,
				1,
				0.333,
				6.7,
				0.633,
				-6.334,
				0.933,
				-6.334,
				1,
				1.233,
				-6.334,
				1.533,
				6.7,
				1.833,
				6.7,
				1,
				2.133,
				6.7,
				2.433,
				-6.334,
				2.733,
				-6.334,
				1,
				3.033,
				-6.334,
				3.333,
				6.7,
				3.633,
				6.7
			]
		},
		{
			"Target": "Parameter",
			"Id": "Param_Angle_Rotation35",
			"Segments": [
				0,
				-6.024,
				0,
				0.367,
				-6.024,
				1,
				0.667,
				-6.024,
				0.967,
				6.036,
				1.267,
				6.036,
				1,
				1.567,
				6.036,
				1.867,
				-6.024,
				2.167,
				-6.024,
				1,
				2.467,
				-6.024,
				2.767,
				6.036,
				3.067,
				6.036,
				1,
				3.256,
				6.036,
				3.444,
				1.255,
				3.633,
				-2.287
			]
		},
		{
			"Target": "Parameter",
			"Id": "Param_Angle_Rotation36",
			"Segments": [
				0,
				-6.024,
				0,
				0.767,
				-6.024,
				1,
				1.067,
				-6.024,
				1.367,
				6.036,
				1.667,
				6.036,
				1,
				1.967,
				6.036,
				2.267,
				-6.024,
				2.567,
				-6.024,
				1,
				2.867,
				-6.024,
				3.167,
				6.036,
				3.467,
				6.036,
				1,
				3.522,
				6.036,
				3.578,
				5.622,
				3.633,
				4.948
			]
		},
		{
			"Target": "Parameter",
			"Id": "Param_Angle_Rotation38",
			"Segments": [
				0,
				11.361,
				0,
				0.267,
				11.361,
				1,
				0.567,
				11.361,
				0.867,
				-10.932,
				1.167,
				-10.932,
				1,
				1.467,
				-10.932,
				1.767,
				11.361,
				2.067,
				11.361,
				1,
				2.367,
				11.361,
				2.667,
				-10.932,
				2.967,
				-10.932,
				1,
				3.189,
				-10.932,
				3.411,
				1.3,
				3.633,
				7.643
			]
		}
	]
}