{
	"Version": 3,
	"Meta": {
		"Duration": 5,
		"Fps": 30.0,
		"FadeInTime": 0.2,
		"Loop": true,
		"AreBeziersRestricted": true,
		"CurveCount": 53,
		"TotalSegmentCount": 262,
		"TotalPointCount": 747,
		"UserDataCount": 0,
		"TotalUserDataSize": 0
	},
	"Curves": [
		{
			"Target": "Model",
			"Id": "Opacity",
			"Segments": [
				0,
				1,
				0,
				5,
				1
			]
		},
		{
			"Target": "Parameter",
			"Id": "Param2",
			"Segments": [
				0,
				0,
				1,
				0.444,
				0,
				0.889,
				24,
				1.333,
				24,
				1,
				1.778,
				24,
				2.222,
				-14,
				2.667,
				-14,
				1,
				3.056,
				-14,
				3.444,
				15,
				3.833,
				15,
				0,
				5,
				15
			]
		},
		{
			"Target": "Parameter",
			"Id": "Param3",
			"Segments": [
				0,
				0,
				1,
				0.444,
				0,
				0.889,
				-30,
				1.333,
				-30,
				1,
				1.778,
				-30,
				2.222,
				14,
				2.667,
				14,
				1,
				3.056,
				14,
				3.444,
				-15,
				3.833,
				-15,
				0,
				5,
				-15
			]
		},
		{
			"Target": "Parameter",
			"Id": "Param4",
			"Segments": [
				0,
				0,
				1,
				0.456,
				0,
				0.911,
				30,
				1.367,
				30,
				1,
				1.833,
				30,
				2.3,
				-21,
				2.767,
				-21,
				1,
				3.156,
				-21,
				3.544,
				16,
				3.933,
				16,
				0,
				5,
				16
			]
		},
		{
			"Target": "Parameter",
			"Id": "ParamAngleX",
			"Segments": [
				0,
				0,
				1,
				0.344,
				0,
				0.689,
				-30,
				1.033,
				-30,
				1,
				1.189,
				-30,
				1.344,
				-30.063,
				1.5,
				-17,
				1,
				1.722,
				1.662,
				1.944,
				30,
				2.167,
				30,
				1,
				2.389,
				30,
				2.611,
				-30,
				2.833,
				-30,
				1,
				3.056,
				-30,
				3.278,
				30,
				3.5,
				30,
				1,
				3.722,
				30,
				3.944,
				-29,
				4.167,
				-29,
				0,
				5,
				-29
			]
		},
		{
			"Target": "Parameter",
			"Id": "ParamAngleY",
			"Segments": [
				0,
				0,
				1,
				0.344,
				0,
				0.689,
				-30,
				1.033,
				-30,
				1,
				1.189,
				-30,
				1.344,
				5,
				1.5,
				5,
				1,
				1.722,
				5,
				1.944,
				-13.361,
				2.167,
				-14,
				1,
				2.389,
				-14.639,
				2.611,
				-14.56,
				2.833,
				-15,
				1,
				3.067,
				-15.462,
				3.3,
				-16,
				3.533,
				-16,
				1,
				3.756,
				-16,
				3.978,
				-16,
				4.2,
				-16,
				0,
				5,
				-16
			]
		},
		{
			"Target": "Parameter",
			"Id": "ParamAngleZ",
			"Segments": [
				0,
				0,
				1,
				0.3,
				0,
				0.6,
				-5.52,
				0.9,
				-5.52,
				1,
				1.111,
				-5.52,
				1.322,
				5.576,
				1.533,
				5.576,
				1,
				1.756,
				5.576,
				1.978,
				-4.32,
				2.2,
				-4.32,
				1,
				2.444,
				-4.32,
				2.689,
				4.337,
				2.933,
				4.337,
				1,
				3.167,
				4.337,
				3.4,
				-4.32,
				3.633,
				-4.32,
				1,
				3.822,
				-4.32,
				4.011,
				2.622,
				4.2,
				2.622,
				0,
				5,
				2.622
			]
		},
		{
			"Target": "Parameter",
			"Id": "ParamEyeLOpen",
			"Segments": [
				0,
				1,
				1,
				0.078,
				1,
				0.156,
				1,
				0.233,
				1,
				1,
				0.522,
				1,
				0.811,
				0,
				1.1,
				0,
				1,
				1.333,
				0,
				1.567,
				1,
				1.8,
				1,
				1,
				2.2,
				1,
				2.6,
				1,
				3,
				1,
				1,
				3.278,
				1,
				3.556,
				0.8,
				3.833,
				0.8,
				0,
				5,
				0.8
			]
		},
		{
			"Target": "Parameter",
			"Id": "ParamEyeLSmile",
			"Segments": [
				0,
				0,
				0,
				5,
				0
			]
		},
		{
			"Target": "Parameter",
			"Id": "Param23",
			"Segments": [
				0,
				0,
				1,
				0.444,
				0,
				0.889,
				0.9,
				1.333,
				0.9,
				0,
				5,
				0.9
			]
		},
		{
			"Target": "Parameter",
			"Id": "Param24",
			"Segments": [
				0,
				0,
				0,
				5,
				0
			]
		},
		{
			"Target": "Parameter",
			"Id": "Param25",
			"Segments": [
				0,
				0,
				0,
				5,
				0
			]
		},
		{
			"Target": "Parameter",
			"Id": "ParamBodyAngleX",
			"Segments": [
				0,
				0,
				1,
				0.367,
				0,
				0.733,
				-4,
				1.1,
				-4,
				1,
				1.389,
				-4,
				1.678,
				3,
				1.967,
				3,
				1,
				2.278,
				3,
				2.589,
				-3,
				2.9,
				-3,
				1,
				3.167,
				-3,
				3.433,
				2,
				3.7,
				2,
				1,
				4.022,
				2,
				4.344,
				-3,
				4.667,
				-3,
				0,
				5,
				-3
			]
		},
		{
			"Target": "Parameter",
			"Id": "ParamBodyAngleY",
			"Segments": [
				0,
				0,
				1,
				0.433,
				0,
				0.867,
				-4.64,
				1.3,
				-4.64,
				1,
				1.678,
				-4.64,
				2.056,
				-0.14,
				2.433,
				-0.14,
				1,
				2.756,
				-0.14,
				3.078,
				-0.384,
				3.4,
				-1,
				1,
				3.722,
				-1.616,
				4.044,
				-2,
				4.367,
				-2,
				0,
				5,
				-2
			]
		},
		{
			"Target": "Parameter",
			"Id": "ParamBodyAngleZ",
			"Segments": [
				0,
				0,
				1,
				0.356,
				0,
				0.711,
				-3.22,
				1.067,
				-3.22,
				1,
				1.244,
				-3.22,
				1.422,
				-1.256,
				1.6,
				0,
				1,
				2.067,
				3.298,
				2.533,
				4.28,
				3,
				4.28,
				1,
				3.122,
				4.28,
				3.244,
				3.911,
				3.367,
				3.28,
				1,
				3.678,
				1.674,
				3.989,
				0.92,
				4.3,
				0.92,
				0,
				5,
				0.92
			]
		},
		{
			"Target": "Parameter",
			"Id": "ParamBreath",
			"Segments": [
				0,
				1,
				1,
				0.344,
				1,
				0.689,
				0,
				1.033,
				0,
				1,
				2.356,
				0,
				3.678,
				1,
				5,
				1
			]
		},
		{
			"Target": "Parameter",
			"Id": "ParamEyeBallX",
			"Segments": [
				0,
				0,
				1,
				0.967,
				0,
				1.933,
				0,
				2.9,
				0,
				1,
				3.156,
				0,
				3.411,
				0,
				3.667,
				0,
				0,
				5,
				0
			]
		},
		{
			"Target": "Parameter",
			"Id": "ParamEyeBallY",
			"Segments": [
				0,
				0,
				1,
				0.967,
				0,
				1.933,
				0,
				2.9,
				0,
				1,
				3.156,
				0,
				3.411,
				-1,
				3.667,
				-1,
				0,
				5,
				-1
			]
		},
		{
			"Target": "Parameter",
			"Id": "ParamHairFront",
			"Segments": [
				0,
				0,
				1,
				0.356,
				0,
				0.711,
				-0.9,
				1.067,
				-0.9,
				1,
				1.378,
				-0.9,
				1.689,
				0.6,
				2,
				0.6,
				1,
				2.333,
				0.6,
				2.667,
				-1,
				3,
				-1,
				1,
				3.278,
				-1,
				3.556,
				0.7,
				3.833,
				0.7,
				1,
				4.067,
				0.7,
				4.3,
				-0.6,
				4.533,
				-0.6,
				1,
				4.689,
				-0.6,
				4.844,
				0.3,
				5,
				0.3
			]
		},
		{
			"Target": "Parameter",
			"Id": "ParamHairSide",
			"Segments": [
				0,
				0,
				1,
				0.3,
				0,
				0.6,
				-0.312,
				0.9,
				-0.312,
				1,
				1.178,
				-0.312,
				1.456,
				0.255,
				1.733,
				0.255,
				1,
				2.067,
				0.255,
				2.4,
				-0.292,
				2.733,
				-0.292,
				1,
				3.033,
				-0.292,
				3.333,
				0.276,
				3.633,
				0.276,
				1,
				3.889,
				0.276,
				4.144,
				-0.167,
				4.4,
				-0.167,
				1,
				4.533,
				-0.167,
				4.667,
				0.164,
				4.8,
				0.164,
				0,
				5,
				0.164
			]
		},
		{
			"Target": "Parameter",
			"Id": "Param36",
			"Segments": [
				0,
				0,
				1,
				0.356,
				0,
				0.711,
				-4.121,
				1.067,
				-4.121,
				1,
				1.367,
				-4.121,
				1.667,
				4.413,
				1.967,
				4.413,
				1,
				2.256,
				4.413,
				2.544,
				-4.992,
				2.833,
				-4.992,
				1,
				3.178,
				-4.992,
				3.522,
				2.795,
				3.867,
				2.795,
				1,
				4.111,
				2.795,
				4.356,
				-4.121,
				4.6,
				-4.121,
				1,
				4.733,
				-4.121,
				4.867,
				0.703,
				5,
				1.446
			]
		},
		{
			"Target": "Parameter",
			"Id": "Param",
			"Segments": [
				0,
				0,
				1,
				0.344,
				0,
				0.689,
				-2.815,
				1.033,
				-12,
				1,
				1.422,
				-22.37,
				1.811,
				-30,
				2.2,
				-30,
				1,
				2.5,
				-30,
				2.8,
				-12,
				3.1,
				-12,
				1,
				3.289,
				-12,
				3.478,
				-15.748,
				3.667,
				-19.7,
				1,
				3.733,
				-21.095,
				3.8,
				-21,
				3.867,
				-21,
				1,
				4.089,
				-21,
				4.311,
				-12,
				4.533,
				-12,
				1,
				4.678,
				-12,
				4.822,
				-16,
				4.967,
				-16,
				0,
				5,
				-16
			]
		},
		{
			"Target": "Parameter",
			"Id": "Param37",
			"Segments": [
				0,
				0,
				1,
				0.378,
				0,
				0.756,
				-8.52,
				1.133,
				-8.52,
				1,
				1.589,
				-8.52,
				2.044,
				30,
				2.5,
				30,
				1,
				2.711,
				30,
				2.922,
				28.563,
				3.133,
				18.462,
				1,
				3.411,
				5.17,
				3.689,
				-8.52,
				3.967,
				-8.52,
				1,
				4.167,
				-8.52,
				4.367,
				7.385,
				4.567,
				7.385,
				0,
				5,
				7.385
			]
		},
		{
			"Target": "Parameter",
			"Id": "ParamHairBack",
			"Segments": [
				0,
				0,
				1,
				0.233,
				0,
				0.467,
				-0.41,
				0.7,
				-0.41,
				1,
				0.989,
				-0.41,
				1.278,
				0.401,
				1.567,
				0.401,
				1,
				1.889,
				0.401,
				2.211,
				-0.343,
				2.533,
				-0.343,
				1,
				2.833,
				-0.343,
				3.133,
				0.334,
				3.433,
				0.334,
				1,
				3.689,
				0.334,
				3.944,
				-0.205,
				4.2,
				-0.205,
				1,
				4.356,
				-0.205,
				4.511,
				0.174,
				4.667,
				0.174,
				0,
				5,
				0.174
			]
		},
		{
			"Target": "Parameter",
			"Id": "Param35",
			"Segments": [
				0,
				0,
				1,
				0.289,
				0,
				0.578,
				-4.121,
				0.867,
				-4.121,
				1,
				1.167,
				-4.121,
				1.467,
				4.413,
				1.767,
				4.413,
				1,
				2.056,
				4.413,
				2.344,
				-4.992,
				2.633,
				-4.992,
				1,
				2.978,
				-4.992,
				3.322,
				2.795,
				3.667,
				2.795,
				1,
				3.911,
				2.795,
				4.156,
				-4.121,
				4.4,
				-4.121,
				1,
				4.544,
				-4.121,
				4.689,
				1.541,
				4.833,
				1.541,
				0,
				5,
				1.541
			]
		},
		{
			"Target": "Parameter",
			"Id": "Param29",
			"Segments": [
				0,
				0,
				1,
				0.344,
				0,
				0.689,
				-16.664,
				1.033,
				-16.664,
				1,
				1.278,
				-16.664,
				1.522,
				0.305,
				1.767,
				5.465,
				1,
				2.044,
				11.33,
				2.322,
				11.35,
				2.6,
				11.35,
				1,
				3.078,
				11.35,
				3.556,
				-6.832,
				4.033,
				-6.832,
				1,
				4.344,
				-6.832,
				4.656,
				9.708,
				4.967,
				9.708,
				0,
				5,
				9.708
			]
		},
		{
			"Target": "Parameter",
			"Id": "Param30",
			"Segments": [
				0,
				0,
				1,
				0.344,
				0,
				0.689,
				-10.037,
				1.033,
				-10.037,
				1,
				1.278,
				-10.037,
				1.522,
				-1.179,
				1.767,
				3.868,
				1,
				2.044,
				9.604,
				2.322,
				10.166,
				2.6,
				10.166,
				1,
				3.089,
				10.166,
				3.578,
				-2.337,
				4.067,
				-2.337,
				1,
				4.333,
				-2.337,
				4.6,
				3.868,
				4.867,
				3.868,
				0,
				5,
				3.868
			]
		},
		{
			"Target": "Parameter",
			"Id": "Param31",
			"Segments": [
				0,
				0,
				1,
				0.333,
				0,
				0.667,
				-30,
				1,
				-30,
				1,
				1.222,
				-30,
				1.444,
				-21,
				1.667,
				-21,
				1,
				1.833,
				-21,
				2,
				-21.288,
				2.167,
				-22,
				1,
				2.389,
				-22.949,
				2.611,
				-23.471,
				2.833,
				-25,
				1,
				3.056,
				-26.529,
				3.278,
				-30,
				3.5,
				-30,
				1,
				3.667,
				-30,
				3.833,
				-30.086,
				4,
				-28,
				1,
				4.167,
				-25.914,
				4.333,
				-20,
				4.5,
				-20,
				1,
				4.644,
				-20,
				4.789,
				-25,
				4.933,
				-25,
				0,
				5,
				-25
			]
		},
		{
			"Target": "Parameter",
			"Id": "Param32",
			"Segments": [
				0,
				0,
				1,
				0.333,
				0,
				0.667,
				3.448,
				1,
				9,
				1,
				1.222,
				12.702,
				1.444,
				14,
				1.667,
				14,
				1,
				1.833,
				14,
				2,
				12.285,
				2.167,
				9,
				1,
				2.389,
				4.62,
				2.611,
				0.776,
				2.833,
				-4,
				1,
				3.056,
				-8.776,
				3.278,
				-12,
				3.5,
				-12,
				1,
				3.667,
				-12,
				3.833,
				-9.263,
				4,
				-2,
				1,
				4.167,
				5.263,
				4.333,
				10,
				4.5,
				10,
				1,
				4.644,
				10,
				4.789,
				-2,
				4.933,
				-2,
				0,
				5,
				-2
			]
		},
		{
			"Target": "Parameter",
			"Id": "Param7",
			"Segments": [
				0,
				0,
				1,
				0.367,
				0,
				0.733,
				-9.2,
				1.1,
				-9.2,
				1,
				1.544,
				-9.2,
				1.989,
				4,
				2.433,
				4,
				1,
				3.011,
				4,
				3.589,
				0,
				4.167,
				0,
				0,
				5,
				0
			]
		},
		{
			"Target": "Parameter",
			"Id": "Param6",
			"Segments": [
				0,
				0,
				1,
				0.367,
				0,
				0.733,
				4.35,
				1.1,
				4.35,
				1,
				1.544,
				4.35,
				1.989,
				2.37,
				2.433,
				2.37,
				1,
				2.933,
				2.37,
				3.433,
				3.872,
				3.933,
				3.872,
				0,
				5,
				3.872
			]
		},
		{
			"Target": "Parameter",
			"Id": "Param5",
			"Segments": [
				0,
				0,
				1,
				0.4,
				0,
				0.8,
				6.14,
				1.2,
				6.14,
				1,
				1.822,
				6.14,
				2.444,
				-4,
				3.067,
				-4,
				1,
				3.489,
				-4,
				3.911,
				3.231,
				4.333,
				3.231,
				0,
				5,
				3.231
			]
		},
		{
			"Target": "Parameter",
			"Id": "Param8",
			"Segments": [
				0,
				0,
				1,
				0.356,
				0,
				0.711,
				-13.54,
				1.067,
				-13.54,
				1,
				1.611,
				-13.54,
				2.156,
				6,
				2.7,
				6,
				1,
				3.211,
				6,
				3.722,
				-8,
				4.233,
				-8,
				0,
				5,
				-8
			]
		},
		{
			"Target": "Parameter",
			"Id": "Param9",
			"Segments": [
				0,
				0,
				1,
				0.411,
				0,
				0.822,
				-15.891,
				1.233,
				-15.891,
				1,
				1.789,
				-15.891,
				2.344,
				11,
				2.9,
				11,
				1,
				3.389,
				11,
				3.878,
				-4,
				4.367,
				-4,
				1,
				4.522,
				-4,
				4.678,
				8,
				4.833,
				8,
				0,
				5,
				8
			]
		},
		{
			"Target": "Parameter",
			"Id": "Param10",
			"Segments": [
				0,
				0,
				0,
				5,
				0
			]
		},
		{
			"Target": "Parameter",
			"Id": "Param13",
			"Segments": [
				0,
				0,
				1,
				0.467,
				0,
				0.933,
				-30,
				1.4,
				-30,
				1,
				1.789,
				-30,
				2.178,
				30,
				2.567,
				30,
				1,
				2.933,
				30,
				3.3,
				-30,
				3.667,
				-30,
				1,
				4,
				-30,
				4.333,
				11,
				4.667,
				11,
				0,
				5,
				11
			]
		},
		{
			"Target": "Parameter",
			"Id": "Param14",
			"Segments": [
				0,
				0,
				1,
				0.489,
				0,
				0.978,
				-30,
				1.467,
				-30,
				1,
				1.844,
				-30,
				2.222,
				28,
				2.6,
				28,
				1,
				2.978,
				28,
				3.356,
				-26,
				3.733,
				-26,
				1,
				4.056,
				-26,
				4.378,
				21,
				4.7,
				21,
				0,
				5,
				21
			]
		},
		{
			"Target": "Parameter",
			"Id": "Param12",
			"Segments": [
				0,
				0,
				1,
				0.533,
				0,
				1.067,
				1.065,
				1.6,
				10,
				1,
				1.967,
				16.143,
				2.333,
				30,
				2.7,
				30,
				1,
				3.044,
				30,
				3.389,
				-17,
				3.733,
				-17,
				1,
				4.044,
				-17,
				4.356,
				8,
				4.667,
				8,
				0,
				5,
				8
			]
		},
		{
			"Target": "Parameter",
			"Id": "Param11",
			"Segments": [
				0,
				0,
				1,
				0.533,
				0,
				1.067,
				4.33,
				1.6,
				16,
				1,
				1.967,
				24.023,
				2.333,
				30,
				2.7,
				30,
				1,
				3.044,
				30,
				3.389,
				-28,
				3.733,
				-28,
				1,
				4.044,
				-28,
				4.356,
				13,
				4.667,
				13,
				0,
				5,
				13
			]
		},
		{
			"Target": "Parameter",
			"Id": "Param27",
			"Segments": [
				0,
				0,
				1,
				0.422,
				0,
				0.844,
				-10,
				1.267,
				-10,
				1,
				1.678,
				-10,
				2.089,
				-6.547,
				2.5,
				6,
				1,
				2.656,
				10.748,
				2.811,
				21,
				2.967,
				21,
				1,
				3.322,
				21,
				3.678,
				13.7,
				4.033,
				-4,
				1,
				4.122,
				-8.425,
				4.211,
				-13,
				4.3,
				-13,
				1,
				4.533,
				-13,
				4.767,
				1,
				5,
				1
			]
		},
		{
			"Target": "Parameter",
			"Id": "Param28",
			"Segments": [
				0,
				0,
				1,
				0.422,
				0,
				0.844,
				-26,
				1.267,
				-26,
				1,
				1.678,
				-26,
				2.089,
				-16.665,
				2.5,
				7,
				1,
				2.656,
				15.954,
				2.811,
				24,
				2.967,
				24,
				1,
				3.322,
				24,
				3.678,
				15.725,
				4.033,
				-6,
				1,
				4.122,
				-11.431,
				4.211,
				-19,
				4.3,
				-19,
				1,
				4.533,
				-19,
				4.767,
				1,
				5,
				1
			]
		},
		{
			"Target": "Parameter",
			"Id": "Param15",
			"Segments": [
				0,
				0,
				1,
				0.611,
				0,
				1.222,
				8,
				1.833,
				8,
				1,
				2.389,
				8,
				2.944,
				-4,
				3.5,
				-4,
				1,
				3.856,
				-4,
				4.211,
				5,
				4.567,
				5,
				1,
				4.711,
				5,
				4.856,
				1,
				5,
				1
			]
		},
		{
			"Target": "Parameter",
			"Id": "Param16",
			"Segments": [
				0,
				0,
				1,
				0.611,
				0,
				1.222,
				25,
				1.833,
				25,
				1,
				2.389,
				25,
				2.944,
				-16,
				3.5,
				-16,
				1,
				3.856,
				-16,
				4.211,
				0,
				4.567,
				0,
				1,
				4.711,
				0,
				4.856,
				-5,
				5,
				-5
			]
		},
		{
			"Target": "Parameter",
			"Id": "Param17",
			"Segments": [
				0,
				0,
				1,
				0.167,
				0,
				0.333,
				-30,
				0.5,
				-30,
				1,
				0.822,
				-30,
				1.144,
				-17.122,
				1.467,
				1,
				1,
				1.833,
				21.621,
				2.2,
				29.011,
				2.567,
				29.011,
				1,
				2.833,
				29.011,
				3.1,
				-30,
				3.367,
				-30,
				1,
				3.689,
				-30,
				4.011,
				1,
				4.333,
				1,
				0,
				5,
				1
			]
		},
		{
			"Target": "Parameter",
			"Id": "Param18",
			"Segments": [
				0,
				0,
				1,
				0.189,
				0,
				0.378,
				30,
				0.567,
				30,
				1,
				0.856,
				30,
				1.144,
				-30,
				1.433,
				-30,
				1,
				1.767,
				-30,
				2.1,
				30,
				2.433,
				30,
				1,
				2.767,
				30,
				3.1,
				30,
				3.433,
				30,
				1,
				3.722,
				30,
				4.011,
				-30,
				4.3,
				-30,
				0,
				5,
				-30
			]
		},
		{
			"Target": "Parameter",
			"Id": "Param19",
			"Segments": [
				0,
				0,
				1,
				0.211,
				0,
				0.422,
				-30,
				0.633,
				-30,
				1,
				1.2,
				-30,
				1.767,
				30,
				2.333,
				30,
				1,
				2.722,
				30,
				3.111,
				-30,
				3.5,
				-30,
				0,
				5,
				-30
			]
		},
		{
			"Target": "Parameter",
			"Id": "Param20",
			"Segments": [
				0,
				0,
				1,
				0.178,
				0,
				0.356,
				-30,
				0.533,
				-30,
				1,
				0.844,
				-30,
				1.156,
				-21.392,
				1.467,
				0,
				1,
				1.733,
				18.336,
				2,
				30,
				2.267,
				30,
				1,
				2.644,
				30,
				3.022,
				-30,
				3.4,
				-30,
				1,
				3.711,
				-30,
				4.022,
				0,
				4.333,
				0,
				0,
				5,
				0
			]
		},
		{
			"Target": "Parameter",
			"Id": "Param21",
			"Segments": [
				0,
				0,
				1,
				0.189,
				0,
				0.378,
				-30,
				0.567,
				-30,
				1,
				0.867,
				-30,
				1.167,
				-19.629,
				1.467,
				0,
				1,
				1.778,
				20.356,
				2.089,
				30,
				2.4,
				30,
				1,
				2.744,
				30,
				3.089,
				-30,
				3.433,
				-30,
				1,
				3.733,
				-30,
				4.033,
				0,
				4.333,
				0,
				0,
				5,
				0
			]
		},
		{
			"Target": "Parameter",
			"Id": "Param26",
			"Segments": [
				0,
				0,
				1,
				0.3,
				0,
				0.6,
				-30,
				0.9,
				-30,
				1,
				1.278,
				-30,
				1.656,
				-15.629,
				2.033,
				1,
				1,
				2.3,
				12.738,
				2.567,
				15,
				2.833,
				15,
				1,
				3.144,
				15,
				3.456,
				-30,
				3.767,
				-30,
				1,
				4.144,
				-30,
				4.522,
				1,
				4.9,
				1,
				0,
				5,
				1
			]
		},
		{
			"Target": "Parameter",
			"Id": "Param22",
			"Segments": [
				0,
				0,
				1,
				0.289,
				0,
				0.578,
				-30,
				0.867,
				-30,
				1,
				1.189,
				-30,
				1.511,
				-21.29,
				1.833,
				-1,
				1,
				2.144,
				18.59,
				2.456,
				30,
				2.767,
				30,
				1,
				3.089,
				30,
				3.411,
				-30,
				3.733,
				-30,
				1,
				4.056,
				-30,
				4.378,
				-1,
				4.7,
				-1,
				0,
				5,
				-1
			]
		},
		{
			"Target": "Parameter",
			"Id": "Param33",
			"Segments": [
				0,
				0,
				1,
				0.589,
				0,
				1.178,
				-22,
				1.767,
				-22,
				1,
				2.156,
				-22,
				2.544,
				23,
				2.933,
				23,
				1,
				3.367,
				23,
				3.8,
				2,
				4.233,
				2,
				1,
				4.478,
				2,
				4.722,
				13,
				4.967,
				13,
				0,
				5,
				13
			]
		},
		{
			"Target": "Parameter",
			"Id": "Param34",
			"Segments": [
				0,
				0,
				1,
				0.422,
				0,
				0.844,
				-9,
				1.267,
				-9,
				1,
				1.856,
				-9,
				2.444,
				12,
				3.033,
				12,
				1,
				3.567,
				12,
				4.1,
				-6,
				4.633,
				-6,
				0,
				5,
				-6
			]
		},
		{
			"Target": "Parameter",
			"Id": "Param38",
			"Segments": [
				0,
				0,
				1,
				0.5,
				0,
				1,
				21,
				1.5,
				21,
				1,
				1.944,
				21,
				2.389,
				-15,
				2.833,
				-15,
				1,
				3.267,
				-15,
				3.7,
				19,
				4.133,
				19,
				0,
				5,
				19
			]
		}
	]
}