{
	"Version": 3,
	"Meta": {
		"Duration": 8,
		"Fps": 30.0,
		"FadeInTime": 0.0,
		"Loop": true,
		"AreBeziersRestricted": true,
		"CurveCount": 186,
		"TotalSegmentCount": 988,
		"TotalPointCount": 3148,
		"UserDataCount": 0,
		"TotalUserDataSize": 0
	},
	"Curves": [
		{
			"Target": "Parameter",
			"Id": "Param4",
			"Segments": [
				0,
				0,
				1,
				0.8,
				0,
				1.6,
				0,
				2.4,
				0,
				1,
				2.522,
				0,
				2.644,
				7.439,
				2.767,
				10,
				1,
				2.889,
				12.561,
				3.011,
				12.764,
				3.133,
				15,
				1,
				3.233,
				16.829,
				3.333,
				20,
				3.433,
				20,
				1,
				4.956,
				20,
				6.478,
				20,
				8,
				20
			]
		},
		{
			"Target": "Parameter",
			"Id": "Param112",
			"Segments": [
				0,
				0,
				1,
				0.833,
				0,
				1.667,
				0,
				2.5,
				0,
				1,
				2.622,
				0,
				2.744,
				7.16,
				2.867,
				10,
				1,
				2.978,
				12.581,
				3.089,
				12.801,
				3.2,
				15,
				1,
				3.311,
				17.199,
				3.422,
				20,
				3.533,
				20,
				1,
				5.022,
				20,
				6.511,
				20,
				8,
				20
			]
		},
		{
			"Target": "Parameter",
			"Id": "Param113",
			"Segments": [
				0,
				0,
				1,
				0.867,
				0,
				1.733,
				0,
				2.6,
				0,
				1,
				2.722,
				0,
				2.844,
				7.439,
				2.967,
				10,
				1,
				3.089,
				12.561,
				3.211,
				12.764,
				3.333,
				15,
				1,
				3.433,
				16.829,
				3.533,
				20,
				3.633,
				20,
				1,
				5.089,
				20,
				6.544,
				20,
				8,
				20
			]
		},
		{
			"Target": "Parameter",
			"Id": "Param143",
			"Segments": [
				0,
				0,
				1,
				0.9,
				0,
				1.8,
				0,
				2.7,
				0,
				1,
				2.822,
				0,
				2.944,
				7.439,
				3.067,
				10,
				1,
				3.189,
				12.561,
				3.311,
				12.799,
				3.433,
				15,
				1,
				3.556,
				17.201,
				3.678,
				20,
				3.8,
				20,
				1,
				5.2,
				20,
				6.6,
				20,
				8,
				20
			]
		},
		{
			"Target": "Parameter",
			"Id": "Param144",
			"Segments": [
				0,
				0,
				1,
				0.933,
				0,
				1.867,
				0,
				2.8,
				0,
				1,
				2.922,
				0,
				3.044,
				7.439,
				3.167,
				10,
				1,
				3.289,
				12.561,
				3.411,
				12.87,
				3.533,
				15,
				1,
				3.678,
				17.517,
				3.822,
				20,
				3.967,
				20,
				1,
				5.311,
				20,
				6.656,
				20,
				8,
				20
			]
		},
		{
			"Target": "Parameter",
			"Id": "Param162",
			"Segments": [
				0,
				0,
				1,
				0.967,
				0,
				1.933,
				0,
				2.9,
				0,
				1,
				3.022,
				0,
				3.144,
				7.439,
				3.267,
				10,
				1,
				3.389,
				12.561,
				3.511,
				12.964,
				3.633,
				15,
				1,
				3.8,
				17.776,
				3.967,
				20,
				4.133,
				20,
				1,
				5.422,
				20,
				6.711,
				20,
				8,
				20
			]
		},
		{
			"Target": "Parameter",
			"Id": "Param5",
			"Segments": [
				0,
				0,
				1,
				0.822,
				0,
				1.644,
				0,
				2.467,
				0,
				1,
				2.589,
				0,
				2.711,
				7.439,
				2.833,
				10,
				1,
				2.956,
				12.561,
				3.078,
				13.016,
				3.2,
				15,
				1,
				3.378,
				17.887,
				3.556,
				20,
				3.733,
				20,
				1,
				5.156,
				20,
				6.578,
				20,
				8,
				20
			]
		},
		{
			"Target": "Parameter",
			"Id": "Param145",
			"Segments": [
				0,
				0,
				1,
				0.856,
				0,
				1.711,
				0,
				2.567,
				0,
				1,
				2.689,
				0,
				2.811,
				7.439,
				2.933,
				10,
				1,
				3.056,
				12.561,
				3.178,
				13.069,
				3.3,
				15,
				1,
				3.489,
				17.985,
				3.678,
				20,
				3.867,
				20,
				1,
				5.244,
				20,
				6.622,
				20,
				8,
				20
			]
		},
		{
			"Target": "Parameter",
			"Id": "Param146",
			"Segments": [
				0,
				0,
				1,
				0.889,
				0,
				1.778,
				0,
				2.667,
				0,
				1,
				2.789,
				0,
				2.911,
				7.439,
				3.033,
				10,
				1,
				3.156,
				12.561,
				3.278,
				12.776,
				3.4,
				15,
				1,
				3.511,
				17.022,
				3.622,
				20,
				3.733,
				20,
				1,
				5.156,
				20,
				6.578,
				20,
				8,
				20
			]
		},
		{
			"Target": "Parameter",
			"Id": "Param6",
			"Segments": [
				0,
				0,
				1,
				0.922,
				0,
				1.844,
				0,
				2.767,
				0,
				1,
				2.889,
				0,
				3.011,
				7.439,
				3.133,
				10,
				1,
				3.256,
				12.561,
				3.378,
				12.764,
				3.5,
				15,
				1,
				3.6,
				16.829,
				3.7,
				20,
				3.8,
				20,
				1,
				5.2,
				20,
				6.6,
				20,
				8,
				20
			]
		},
		{
			"Target": "Parameter",
			"Id": "Param114",
			"Segments": [
				0,
				0,
				1,
				0.956,
				0,
				1.911,
				0,
				2.867,
				0,
				1,
				2.989,
				0,
				3.111,
				7.439,
				3.233,
				10,
				1,
				3.356,
				12.561,
				3.478,
				12.764,
				3.6,
				15,
				1,
				3.7,
				16.829,
				3.8,
				20,
				3.9,
				20,
				1,
				5.267,
				20,
				6.633,
				20,
				8,
				20
			]
		},
		{
			"Target": "Parameter",
			"Id": "Param115",
			"Segments": [
				0,
				0,
				1,
				0.989,
				0,
				1.978,
				0,
				2.967,
				0,
				1,
				3.089,
				0,
				3.211,
				7.439,
				3.333,
				10,
				1,
				3.456,
				12.561,
				3.578,
				12.764,
				3.7,
				15,
				1,
				3.8,
				16.829,
				3.9,
				20,
				4,
				20,
				1,
				5.333,
				20,
				6.667,
				20,
				8,
				20
			]
		},
		{
			"Target": "Parameter",
			"Id": "Param116",
			"Segments": [
				0,
				0,
				1,
				1.022,
				0,
				2.044,
				0,
				3.067,
				0,
				1,
				3.189,
				0,
				3.311,
				7.439,
				3.433,
				10,
				1,
				3.556,
				12.561,
				3.678,
				12.764,
				3.8,
				15,
				1,
				3.9,
				16.829,
				4,
				20,
				4.1,
				20,
				1,
				5.4,
				20,
				6.7,
				20,
				8,
				20
			]
		},
		{
			"Target": "Parameter",
			"Id": "Param117",
			"Segments": [
				0,
				0,
				1,
				1.056,
				0,
				2.111,
				0,
				3.167,
				0,
				1,
				3.289,
				0,
				3.411,
				7.439,
				3.533,
				10,
				1,
				3.656,
				12.561,
				3.778,
				12.764,
				3.9,
				15,
				1,
				4,
				16.829,
				4.1,
				20,
				4.2,
				20,
				1,
				5.467,
				20,
				6.733,
				20,
				8,
				20
			]
		},
		{
			"Target": "Parameter",
			"Id": "Param147",
			"Segments": [
				0,
				0,
				1,
				1.089,
				0,
				2.178,
				0,
				3.267,
				0,
				1,
				3.389,
				0,
				3.511,
				7.439,
				3.633,
				10,
				1,
				3.756,
				12.561,
				3.878,
				12.764,
				4,
				15,
				1,
				4.1,
				16.829,
				4.2,
				20,
				4.3,
				20,
				1,
				5.533,
				20,
				6.767,
				20,
				8,
				20
			]
		},
		{
			"Target": "Parameter",
			"Id": "Param148",
			"Segments": [
				0,
				0,
				1,
				0.978,
				0,
				1.956,
				0,
				2.933,
				0,
				1,
				3.056,
				0,
				3.178,
				7.439,
				3.3,
				10,
				1,
				3.422,
				12.561,
				3.544,
				12.764,
				3.667,
				15,
				1,
				3.767,
				16.829,
				3.867,
				20,
				3.967,
				20,
				1,
				5.311,
				20,
				6.656,
				20,
				8,
				20
			]
		},
		{
			"Target": "Parameter",
			"Id": "Param7",
			"Segments": [
				0,
				0,
				1,
				1,
				0,
				2,
				0,
				3,
				0,
				1,
				3.133,
				0,
				3.267,
				7.178,
				3.4,
				10,
				1,
				3.522,
				12.587,
				3.644,
				12.764,
				3.767,
				15,
				1,
				3.867,
				16.829,
				3.967,
				20,
				4.067,
				20,
				1,
				5.378,
				20,
				6.689,
				20,
				8,
				20
			]
		},
		{
			"Target": "Parameter",
			"Id": "Param118",
			"Segments": [
				0,
				0,
				1,
				1.044,
				0,
				2.089,
				0,
				3.133,
				0,
				1,
				3.256,
				0,
				3.378,
				7.439,
				3.5,
				10,
				1,
				3.622,
				12.561,
				3.744,
				12.764,
				3.867,
				15,
				1,
				3.967,
				16.829,
				4.067,
				20,
				4.167,
				20,
				1,
				5.444,
				20,
				6.722,
				20,
				8,
				20
			]
		},
		{
			"Target": "Parameter",
			"Id": "Param119",
			"Segments": [
				0,
				0,
				1,
				1.078,
				0,
				2.156,
				0,
				3.233,
				0,
				1,
				3.356,
				0,
				3.478,
				7.439,
				3.6,
				10,
				1,
				3.722,
				12.561,
				3.844,
				12.764,
				3.967,
				15,
				1,
				4.067,
				16.829,
				4.167,
				20,
				4.267,
				20,
				1,
				5.511,
				20,
				6.756,
				20,
				8,
				20
			]
		},
		{
			"Target": "Parameter",
			"Id": "Param120",
			"Segments": [
				0,
				0,
				1,
				1.111,
				0,
				2.222,
				0,
				3.333,
				0,
				1,
				3.456,
				0,
				3.578,
				7.439,
				3.7,
				10,
				1,
				3.822,
				12.561,
				3.944,
				12.764,
				4.067,
				15,
				1,
				4.167,
				16.829,
				4.267,
				20,
				4.367,
				20,
				1,
				5.578,
				20,
				6.789,
				20,
				8,
				20
			]
		},
		{
			"Target": "Parameter",
			"Id": "Param149",
			"Segments": [
				0,
				0,
				1,
				1.156,
				0,
				2.311,
				0,
				3.467,
				0,
				1,
				3.589,
				0,
				3.711,
				7.439,
				3.833,
				10,
				1,
				3.956,
				12.561,
				4.078,
				12.764,
				4.2,
				15,
				1,
				4.3,
				16.829,
				4.4,
				20,
				4.5,
				20,
				1,
				5.667,
				20,
				6.833,
				20,
				8,
				20
			]
		},
		{
			"Target": "Parameter",
			"Id": "Param150",
			"Segments": [
				0,
				0,
				1,
				1.189,
				0,
				2.378,
				0,
				3.567,
				0,
				1,
				3.689,
				0,
				3.811,
				7.439,
				3.933,
				10,
				1,
				4.056,
				12.561,
				4.178,
				12.764,
				4.3,
				15,
				1,
				4.4,
				16.829,
				4.5,
				20,
				4.6,
				20,
				1,
				5.733,
				20,
				6.867,
				20,
				8,
				20
			]
		},
		{
			"Target": "Parameter",
			"Id": "Param151",
			"Segments": [
				0,
				0,
				1,
				1.222,
				0,
				2.444,
				0,
				3.667,
				0,
				1,
				3.789,
				0,
				3.911,
				7.439,
				4.033,
				10,
				1,
				4.156,
				12.561,
				4.278,
				12.764,
				4.4,
				15,
				1,
				4.5,
				16.829,
				4.6,
				20,
				4.7,
				20,
				1,
				5.8,
				20,
				6.9,
				20,
				8,
				20
			]
		},
		{
			"Target": "Parameter",
			"Id": "Param8",
			"Segments": [
				0,
				0,
				1,
				1.256,
				0,
				2.511,
				0,
				3.767,
				0,
				1,
				3.889,
				0,
				4.011,
				7.439,
				4.133,
				10,
				1,
				4.256,
				12.561,
				4.378,
				12.764,
				4.5,
				15,
				1,
				4.6,
				16.829,
				4.7,
				20,
				4.8,
				20,
				1,
				5.867,
				20,
				6.933,
				20,
				8,
				20
			]
		},
		{
			"Target": "Parameter",
			"Id": "Param121",
			"Segments": [
				0,
				0,
				1,
				1.289,
				0,
				2.578,
				0,
				3.867,
				0,
				1,
				3.989,
				0,
				4.111,
				7.439,
				4.233,
				10,
				1,
				4.356,
				12.561,
				4.478,
				12.764,
				4.6,
				15,
				1,
				4.7,
				16.829,
				4.8,
				20,
				4.9,
				20,
				1,
				5.933,
				20,
				6.967,
				20,
				8,
				20
			]
		},
		{
			"Target": "Parameter",
			"Id": "Param122",
			"Segments": [
				0,
				0,
				1,
				1.322,
				0,
				2.644,
				0,
				3.967,
				0,
				1,
				4.089,
				0,
				4.211,
				7.439,
				4.333,
				10,
				1,
				4.456,
				12.561,
				4.578,
				12.764,
				4.7,
				15,
				1,
				4.8,
				16.829,
				4.9,
				20,
				5,
				20,
				1,
				6,
				20,
				7,
				20,
				8,
				20
			]
		},
		{
			"Target": "Parameter",
			"Id": "Param123",
			"Segments": [
				0,
				0,
				1,
				1.356,
				0,
				2.711,
				0,
				4.067,
				0,
				1,
				4.189,
				0,
				4.311,
				7.439,
				4.433,
				10,
				1,
				4.556,
				12.561,
				4.678,
				12.764,
				4.8,
				15,
				1,
				4.9,
				16.829,
				5,
				20,
				5.1,
				20,
				1,
				6.067,
				20,
				7.033,
				20,
				8,
				20
			]
		},
		{
			"Target": "Parameter",
			"Id": "Param124",
			"Segments": [
				0,
				0,
				1,
				1.089,
				0,
				2.178,
				0,
				3.267,
				0,
				1,
				3.389,
				0,
				3.511,
				7.439,
				3.633,
				10,
				1,
				3.756,
				12.561,
				3.878,
				12.764,
				4,
				15,
				1,
				4.1,
				16.829,
				4.2,
				20,
				4.3,
				20,
				1,
				5.533,
				20,
				6.767,
				20,
				8,
				20
			]
		},
		{
			"Target": "Parameter",
			"Id": "Param125",
			"Segments": [
				0,
				0,
				1,
				1.122,
				0,
				2.244,
				0,
				3.367,
				0,
				1,
				3.489,
				0,
				3.611,
				7.439,
				3.733,
				10,
				1,
				3.856,
				12.561,
				3.978,
				12.764,
				4.1,
				15,
				1,
				4.2,
				16.829,
				4.3,
				20,
				4.4,
				20,
				1,
				5.6,
				20,
				6.8,
				20,
				8,
				20
			]
		},
		{
			"Target": "Parameter",
			"Id": "Param126",
			"Segments": [
				0,
				0,
				1,
				1.156,
				0,
				2.311,
				0,
				3.467,
				0,
				1,
				3.589,
				0,
				3.711,
				7.439,
				3.833,
				10,
				1,
				3.956,
				12.561,
				4.078,
				12.764,
				4.2,
				15,
				1,
				4.3,
				16.829,
				4.4,
				20,
				4.5,
				20,
				1,
				5.667,
				20,
				6.833,
				20,
				8,
				20
			]
		},
		{
			"Target": "Parameter",
			"Id": "Param152",
			"Segments": [
				0,
				0,
				1,
				1.189,
				0,
				2.378,
				0,
				3.567,
				0,
				1,
				3.689,
				0,
				3.811,
				7.439,
				3.933,
				10,
				1,
				4.056,
				12.561,
				4.178,
				12.764,
				4.3,
				15,
				1,
				4.4,
				16.829,
				4.5,
				20,
				4.6,
				20,
				1,
				5.733,
				20,
				6.867,
				20,
				8,
				20
			]
		},
		{
			"Target": "Parameter",
			"Id": "Param153",
			"Segments": [
				0,
				0,
				1,
				1.222,
				0,
				2.444,
				0,
				3.667,
				0,
				1,
				3.789,
				0,
				3.911,
				7.439,
				4.033,
				10,
				1,
				4.156,
				12.561,
				4.278,
				12.764,
				4.4,
				15,
				1,
				4.5,
				16.829,
				4.6,
				20,
				4.7,
				20,
				1,
				5.8,
				20,
				6.9,
				20,
				8,
				20
			]
		},
		{
			"Target": "Parameter",
			"Id": "Param154",
			"Segments": [
				0,
				0,
				1,
				1.256,
				0,
				2.511,
				0,
				3.767,
				0,
				1,
				3.889,
				0,
				4.011,
				7.439,
				4.133,
				10,
				1,
				4.256,
				12.561,
				4.378,
				12.764,
				4.5,
				15,
				1,
				4.6,
				16.829,
				4.7,
				20,
				4.8,
				20,
				1,
				5.867,
				20,
				6.933,
				20,
				8,
				20
			]
		},
		{
			"Target": "Parameter",
			"Id": "Param155",
			"Segments": [
				0,
				0,
				1,
				1.289,
				0,
				2.578,
				0,
				3.867,
				0,
				1,
				3.989,
				0,
				4.111,
				7.439,
				4.233,
				10,
				1,
				4.356,
				12.561,
				4.478,
				12.764,
				4.6,
				15,
				1,
				4.7,
				16.829,
				4.8,
				20,
				4.9,
				20,
				1,
				5.933,
				20,
				6.967,
				20,
				8,
				20
			]
		},
		{
			"Target": "Parameter",
			"Id": "Param156",
			"Segments": [
				0,
				0,
				1,
				1.333,
				0,
				2.667,
				0,
				4,
				0,
				1,
				4.122,
				0,
				4.244,
				6.552,
				4.367,
				9.181,
				1,
				4.489,
				11.81,
				4.611,
				12.499,
				4.733,
				14.432,
				1,
				4.833,
				16.014,
				4.933,
				19.88,
				5.033,
				19.888,
				1,
				6.022,
				19.97,
				7.011,
				20,
				8,
				20
			]
		},
		{
			"Target": "Parameter",
			"Id": "Param157",
			"Segments": [
				0,
				0,
				1,
				1.367,
				0,
				2.733,
				0,
				4.1,
				0,
				1,
				4.222,
				0,
				4.344,
				7.439,
				4.467,
				10,
				1,
				4.589,
				12.561,
				4.711,
				12.764,
				4.833,
				15,
				1,
				4.933,
				16.829,
				5.033,
				20,
				5.133,
				20,
				1,
				6.089,
				20,
				7.044,
				20,
				8,
				20
			]
		},
		{
			"Target": "Parameter",
			"Id": "Param158",
			"Segments": [
				0,
				0,
				1,
				1.2,
				0,
				2.4,
				0,
				3.6,
				0,
				1,
				3.722,
				0,
				3.844,
				7.439,
				3.967,
				10,
				1,
				4.089,
				12.561,
				4.211,
				12.764,
				4.333,
				15,
				1,
				4.433,
				16.829,
				4.533,
				20,
				4.633,
				20,
				1,
				5.756,
				20,
				6.878,
				20,
				8,
				20
			]
		},
		{
			"Target": "Parameter",
			"Id": "Param9",
			"Segments": [
				0,
				0,
				1,
				1.233,
				0,
				2.467,
				0,
				3.7,
				0,
				1,
				3.822,
				0,
				3.944,
				7.439,
				4.067,
				10,
				1,
				4.189,
				12.561,
				4.311,
				12.764,
				4.433,
				15,
				1,
				4.533,
				16.829,
				4.633,
				20,
				4.733,
				20,
				1,
				5.822,
				20,
				6.911,
				20,
				8,
				20
			]
		},
		{
			"Target": "Parameter",
			"Id": "Param127",
			"Segments": [
				0,
				0,
				1,
				1.267,
				0,
				2.533,
				0,
				3.8,
				0,
				1,
				3.922,
				0,
				4.044,
				7.439,
				4.167,
				10,
				1,
				4.289,
				12.561,
				4.411,
				12.764,
				4.533,
				15,
				1,
				4.633,
				16.829,
				4.733,
				20,
				4.833,
				20,
				1,
				5.889,
				20,
				6.944,
				20,
				8,
				20
			]
		},
		{
			"Target": "Parameter",
			"Id": "Param128",
			"Segments": [
				0,
				0,
				1,
				1.3,
				0,
				2.6,
				0,
				3.9,
				0,
				1,
				4.022,
				0,
				4.144,
				7.439,
				4.267,
				10,
				1,
				4.389,
				12.561,
				4.511,
				12.764,
				4.633,
				15,
				1,
				4.733,
				16.829,
				4.833,
				20,
				4.933,
				20,
				1,
				5.956,
				20,
				6.978,
				20,
				8,
				20
			]
		},
		{
			"Target": "Parameter",
			"Id": "Param159",
			"Segments": [
				0,
				0,
				1,
				1.333,
				0,
				2.667,
				0,
				4,
				0,
				1,
				4.122,
				0,
				4.244,
				7.439,
				4.367,
				10,
				1,
				4.489,
				12.561,
				4.611,
				12.764,
				4.733,
				15,
				1,
				4.833,
				16.829,
				4.933,
				20,
				5.033,
				20,
				1,
				6.022,
				20,
				7.011,
				20,
				8,
				20
			]
		},
		{
			"Target": "Parameter",
			"Id": "Param10",
			"Segments": [
				0,
				0,
				1,
				2.667,
				0,
				5.333,
				0,
				8,
				0
			]
		},
		{
			"Target": "Parameter",
			"Id": "Param129",
			"Segments": [
				0,
				0,
				1,
				2.667,
				0,
				5.333,
				0,
				8,
				0
			]
		},
		{
			"Target": "Parameter",
			"Id": "Param130",
			"Segments": [
				0,
				0,
				1,
				2.667,
				0,
				5.333,
				0,
				8,
				0
			]
		},
		{
			"Target": "Parameter",
			"Id": "Param131",
			"Segments": [
				0,
				0,
				1,
				2.667,
				0,
				5.333,
				0,
				8,
				0
			]
		},
		{
			"Target": "Parameter",
			"Id": "Param132",
			"Segments": [
				0,
				0,
				1,
				2.667,
				0,
				5.333,
				0,
				8,
				0
			]
		},
		{
			"Target": "Parameter",
			"Id": "Param133",
			"Segments": [
				0,
				0,
				1,
				2.667,
				0,
				5.333,
				0,
				8,
				0
			]
		},
		{
			"Target": "Parameter",
			"Id": "Param134",
			"Segments": [
				0,
				0,
				1,
				2.667,
				0,
				5.333,
				0,
				8,
				0
			]
		},
		{
			"Target": "Parameter",
			"Id": "Param160",
			"Segments": [
				0,
				0,
				1,
				2.667,
				0,
				5.333,
				0,
				8,
				0
			]
		},
		{
			"Target": "Parameter",
			"Id": "Param161",
			"Segments": [
				0,
				0,
				1,
				2.667,
				0,
				5.333,
				0,
				8,
				0
			]
		},
		{
			"Target": "Parameter",
			"Id": "Param11",
			"Segments": [
				0,
				0,
				0,
				8,
				0
			]
		},
		{
			"Target": "Parameter",
			"Id": "Param135",
			"Segments": [
				0,
				0,
				1,
				2.667,
				0,
				5.333,
				0,
				8,
				0
			]
		},
		{
			"Target": "Parameter",
			"Id": "Param136",
			"Segments": [
				0,
				0,
				1,
				2.667,
				0,
				5.333,
				0,
				8,
				0
			]
		},
		{
			"Target": "Parameter",
			"Id": "Param137",
			"Segments": [
				0,
				0,
				1,
				2.667,
				0,
				5.333,
				0,
				8,
				0
			]
		},
		{
			"Target": "Parameter",
			"Id": "Param12",
			"Segments": [
				0,
				0,
				1,
				2.667,
				0,
				5.333,
				0,
				8,
				0
			]
		},
		{
			"Target": "Parameter",
			"Id": "Param138",
			"Segments": [
				0,
				0,
				1,
				2.667,
				0,
				5.333,
				0,
				8,
				0
			]
		},
		{
			"Target": "Parameter",
			"Id": "Param139",
			"Segments": [
				0,
				0,
				1,
				2.667,
				0,
				5.333,
				0,
				8,
				0
			]
		},
		{
			"Target": "Parameter",
			"Id": "Param140",
			"Segments": [
				0,
				0,
				1,
				2.667,
				0,
				5.333,
				0,
				8,
				0
			]
		},
		{
			"Target": "Parameter",
			"Id": "Param141",
			"Segments": [
				0,
				0,
				1,
				2.667,
				0,
				5.333,
				0,
				8,
				0
			]
		},
		{
			"Target": "Parameter",
			"Id": "ParamHairFront",
			"Segments": [
				0,
				0,
				1,
				0.156,
				0,
				0.311,
				0.4,
				0.467,
				0.4,
				1,
				0.633,
				0.4,
				0.8,
				-0.3,
				0.967,
				-0.3,
				1,
				1.189,
				-0.3,
				1.411,
				0.4,
				1.633,
				0.4,
				1,
				1.8,
				0.4,
				1.967,
				-0.2,
				2.133,
				-0.2,
				1,
				2.3,
				-0.2,
				2.467,
				0.2,
				2.633,
				0.2,
				1,
				2.811,
				0.2,
				2.989,
				-0.1,
				3.167,
				-0.1,
				1,
				3.411,
				-0.1,
				3.656,
				0.2,
				3.9,
				0.2,
				1,
				4.156,
				0.2,
				4.411,
				-0.4,
				4.667,
				-0.4,
				1,
				4.956,
				-0.4,
				5.244,
				0.3,
				5.533,
				0.3,
				1,
				5.789,
				0.3,
				6.044,
				-0.3,
				6.3,
				-0.3,
				1,
				6.578,
				-0.3,
				6.856,
				0.2,
				7.133,
				0.2,
				1,
				7.422,
				0.2,
				7.711,
				0,
				8,
				0
			]
		},
		{
			"Target": "Parameter",
			"Id": "Param49",
			"Segments": [
				0,
				0,
				1,
				0.1,
				0.235,
				0.2,
				0.5,
				0.3,
				0.5,
				1,
				0.456,
				0.5,
				0.611,
				-0.5,
				0.767,
				-0.5,
				1,
				0.956,
				-0.5,
				1.144,
				0.5,
				1.333,
				0.5,
				1,
				1.522,
				0.5,
				1.711,
				-0.5,
				1.9,
				-0.5,
				1,
				2.067,
				-0.5,
				2.233,
				0.5,
				2.4,
				0.5,
				1,
				2.567,
				0.5,
				2.733,
				-0.5,
				2.9,
				-0.5,
				1,
				3.1,
				-0.5,
				3.3,
				0.5,
				3.5,
				0.5,
				1,
				3.756,
				0.5,
				4.011,
				-0.5,
				4.267,
				-0.5,
				1,
				4.533,
				-0.5,
				4.8,
				0.5,
				5.067,
				0.5,
				1,
				5.344,
				0.5,
				5.622,
				-0.5,
				5.9,
				-0.5,
				1,
				6.178,
				-0.5,
				6.456,
				0.5,
				6.733,
				0.5,
				1,
				6.989,
				0.5,
				7.244,
				-0.5,
				7.5,
				-0.5,
				1,
				7.667,
				-0.5,
				7.833,
				-0.392,
				8,
				0
			]
		},
		{
			"Target": "Parameter",
			"Id": "ParamHairSide",
			"Segments": [
				0,
				0.047,
				1,
				0.122,
				0.24,
				0.244,
				0.4,
				0.367,
				0.4,
				1,
				0.533,
				0.4,
				0.7,
				-0.3,
				0.867,
				-0.3,
				1,
				1.089,
				-0.3,
				1.311,
				0.4,
				1.533,
				0.4,
				1,
				1.7,
				0.4,
				1.867,
				-0.2,
				2.033,
				-0.2,
				1,
				2.2,
				-0.2,
				2.367,
				0.2,
				2.533,
				0.2,
				1,
				2.711,
				0.2,
				2.889,
				-0.1,
				3.067,
				-0.1,
				1,
				3.311,
				-0.1,
				3.556,
				0.2,
				3.8,
				0.2,
				1,
				4.056,
				0.2,
				4.311,
				-0.4,
				4.567,
				-0.4,
				1,
				4.856,
				-0.4,
				5.144,
				0.3,
				5.433,
				0.3,
				1,
				5.689,
				0.3,
				5.944,
				-0.3,
				6.2,
				-0.3,
				1,
				6.478,
				-0.3,
				6.756,
				0.2,
				7.033,
				0.2,
				1,
				7.322,
				0.2,
				7.611,
				0,
				7.9,
				0,
				1,
				7.933,
				0,
				7.967,
				-0.005,
				8,
				0.047
			]
		},
		{
			"Target": "Parameter",
			"Id": "Param50",
			"Segments": [
				0,
				0.235,
				1,
				0.067,
				0.404,
				0.133,
				0.5,
				0.2,
				0.5,
				1,
				0.356,
				0.5,
				0.511,
				-0.5,
				0.667,
				-0.5,
				1,
				0.856,
				-0.5,
				1.044,
				0.5,
				1.233,
				0.5,
				1,
				1.422,
				0.5,
				1.611,
				-0.5,
				1.8,
				-0.5,
				1,
				1.967,
				-0.5,
				2.133,
				0.5,
				2.3,
				0.5,
				1,
				2.467,
				0.5,
				2.633,
				-0.5,
				2.8,
				-0.5,
				1,
				3,
				-0.5,
				3.2,
				0.5,
				3.4,
				0.5,
				1,
				3.656,
				0.5,
				3.911,
				-0.5,
				4.167,
				-0.5,
				1,
				4.433,
				-0.5,
				4.7,
				0.5,
				4.967,
				0.5,
				1,
				5.244,
				0.5,
				5.522,
				-0.5,
				5.8,
				-0.5,
				1,
				6.078,
				-0.5,
				6.356,
				0.5,
				6.633,
				0.5,
				1,
				6.889,
				0.5,
				7.144,
				-0.5,
				7.4,
				-0.5,
				1,
				7.567,
				-0.5,
				7.733,
				-0.342,
				7.9,
				0,
				1,
				7.933,
				0.068,
				7.967,
				0.15,
				8,
				0.235
			]
		},
		{
			"Target": "Parameter",
			"Id": "Param52",
			"Segments": [
				0,
				0.007,
				1,
				0.033,
				-0.006,
				0.067,
				0,
				0.1,
				0,
				1,
				0.256,
				0,
				0.411,
				0.4,
				0.567,
				0.4,
				1,
				0.733,
				0.4,
				0.9,
				-0.3,
				1.067,
				-0.3,
				1,
				1.289,
				-0.3,
				1.511,
				0.4,
				1.733,
				0.4,
				1,
				1.9,
				0.4,
				2.067,
				-0.2,
				2.233,
				-0.2,
				1,
				2.4,
				-0.2,
				2.567,
				0.2,
				2.733,
				0.2,
				1,
				3.011,
				0.2,
				3.289,
				-0.1,
				3.567,
				-0.1,
				1,
				3.711,
				-0.1,
				3.856,
				0.2,
				4,
				0.2,
				1,
				4.256,
				0.2,
				4.511,
				-0.4,
				4.767,
				-0.4,
				1,
				5.056,
				-0.4,
				5.344,
				0.3,
				5.633,
				0.3,
				1,
				5.889,
				0.3,
				6.144,
				-0.3,
				6.4,
				-0.3,
				1,
				6.678,
				-0.3,
				6.956,
				0.2,
				7.233,
				0.2,
				1,
				7.489,
				0.2,
				7.744,
				0.108,
				8,
				0.007
			]
		},
		{
			"Target": "Parameter",
			"Id": "Param53",
			"Segments": [
				0,
				-0.203,
				1,
				0.033,
				-0.15,
				0.067,
				-0.096,
				0.1,
				0,
				1,
				0.2,
				0.287,
				0.3,
				0.5,
				0.4,
				0.5,
				1,
				0.556,
				0.5,
				0.711,
				-0.5,
				0.867,
				-0.5,
				1,
				1.056,
				-0.5,
				1.244,
				0.5,
				1.433,
				0.5,
				1,
				1.622,
				0.5,
				1.811,
				-0.5,
				2,
				-0.5,
				1,
				2.167,
				-0.5,
				2.333,
				0.5,
				2.5,
				0.5,
				1,
				2.667,
				0.5,
				2.833,
				-0.5,
				3,
				-0.5,
				1,
				3.2,
				-0.5,
				3.4,
				0.5,
				3.6,
				0.5,
				1,
				3.856,
				0.5,
				4.111,
				-0.5,
				4.367,
				-0.5,
				1,
				4.633,
				-0.5,
				4.9,
				0.5,
				5.167,
				0.5,
				1,
				5.444,
				0.5,
				5.722,
				-0.5,
				6,
				-0.5,
				1,
				6.278,
				-0.5,
				6.556,
				0.5,
				6.833,
				0.5,
				1,
				7.089,
				0.5,
				7.344,
				-0.5,
				7.6,
				-0.5,
				1,
				7.733,
				-0.5,
				7.867,
				-0.412,
				8,
				-0.203
			]
		},
		{
			"Target": "Parameter",
			"Id": "Param54",
			"Segments": [
				0,
				0.001,
				1,
				0.011,
				-0.003,
				0.022,
				0,
				0.033,
				0,
				1,
				0.189,
				0,
				0.344,
				0.4,
				0.5,
				0.4,
				1,
				0.667,
				0.4,
				0.833,
				-0.3,
				1,
				-0.3,
				1,
				1.222,
				-0.3,
				1.444,
				0.4,
				1.667,
				0.4,
				1,
				1.833,
				0.4,
				2,
				-0.2,
				2.167,
				-0.2,
				1,
				2.333,
				-0.2,
				2.5,
				0.2,
				2.667,
				0.2,
				1,
				2.844,
				0.2,
				3.022,
				-0.1,
				3.2,
				-0.1,
				1,
				3.444,
				-0.1,
				3.689,
				0.2,
				3.933,
				0.2,
				1,
				4.189,
				0.2,
				4.444,
				-0.4,
				4.7,
				-0.4,
				1,
				4.989,
				-0.4,
				5.278,
				0.3,
				5.567,
				0.3,
				1,
				5.822,
				0.3,
				6.078,
				-0.3,
				6.333,
				-0.3,
				1,
				6.611,
				-0.3,
				6.889,
				0.2,
				7.167,
				0.2,
				1,
				7.444,
				0.2,
				7.722,
				0.101,
				8,
				0.001
			]
		},
		{
			"Target": "Parameter",
			"Id": "Param55",
			"Segments": [
				0,
				-0.074,
				1,
				0.011,
				-0.054,
				0.022,
				-0.035,
				0.033,
				0,
				1,
				0.133,
				0.318,
				0.233,
				0.5,
				0.333,
				0.5,
				1,
				0.489,
				0.5,
				0.644,
				-0.5,
				0.8,
				-0.5,
				1,
				0.989,
				-0.5,
				1.178,
				0.5,
				1.367,
				0.5,
				1,
				1.556,
				0.5,
				1.744,
				-0.5,
				1.933,
				-0.5,
				1,
				2.1,
				-0.5,
				2.267,
				0.5,
				2.433,
				0.5,
				1,
				2.6,
				0.5,
				2.767,
				-0.5,
				2.933,
				-0.5,
				1,
				3.133,
				-0.5,
				3.333,
				0.5,
				3.533,
				0.5,
				1,
				3.789,
				0.5,
				4.044,
				-0.5,
				4.3,
				-0.5,
				1,
				4.567,
				-0.5,
				4.833,
				0.5,
				5.1,
				0.5,
				1,
				5.378,
				0.5,
				5.656,
				-0.5,
				5.933,
				-0.5,
				1,
				6.211,
				-0.5,
				6.489,
				0.5,
				6.767,
				0.5,
				1,
				7.022,
				0.5,
				7.278,
				-0.5,
				7.533,
				-0.5,
				1,
				7.689,
				-0.5,
				7.844,
				-0.362,
				8,
				-0.074
			]
		},
		{
			"Target": "Parameter",
			"Id": "Param56",
			"Segments": [
				0,
				-0.047,
				1,
				0.122,
				-0.24,
				0.244,
				-0.4,
				0.367,
				-0.4,
				1,
				0.533,
				-0.4,
				0.7,
				0.4,
				0.867,
				0.4,
				1,
				1.089,
				0.4,
				1.311,
				-0.4,
				1.533,
				-0.4,
				1,
				1.7,
				-0.4,
				1.867,
				0.2,
				2.033,
				0.2,
				1,
				2.2,
				0.2,
				2.367,
				-0.2,
				2.533,
				-0.2,
				1,
				2.711,
				-0.2,
				2.889,
				0.2,
				3.067,
				0.2,
				1,
				3.311,
				0.2,
				3.556,
				-0.2,
				3.8,
				-0.2,
				1,
				4.056,
				-0.2,
				4.311,
				0.2,
				4.567,
				0.2,
				1,
				4.856,
				0.2,
				5.144,
				-0.3,
				5.433,
				-0.3,
				1,
				5.689,
				-0.3,
				5.944,
				0.2,
				6.2,
				0.2,
				1,
				6.478,
				0.2,
				6.756,
				-0.1,
				7.033,
				-0.1,
				1,
				7.322,
				-0.1,
				7.611,
				0,
				7.9,
				0,
				1,
				7.933,
				0,
				7.967,
				0.005,
				8,
				-0.047
			]
		},
		{
			"Target": "Parameter",
			"Id": "Param57",
			"Segments": [
				0,
				-0.141,
				1,
				0.067,
				-0.242,
				0.133,
				-0.3,
				0.2,
				-0.3,
				1,
				0.356,
				-0.3,
				0.511,
				0.5,
				0.667,
				0.5,
				1,
				0.856,
				0.5,
				1.044,
				-0.5,
				1.233,
				-0.5,
				1,
				1.422,
				-0.5,
				1.611,
				0.5,
				1.8,
				0.5,
				1,
				1.967,
				0.5,
				2.133,
				-0.5,
				2.3,
				-0.5,
				1,
				2.467,
				-0.5,
				2.633,
				0.5,
				2.8,
				0.5,
				1,
				3,
				0.5,
				3.2,
				-0.5,
				3.4,
				-0.5,
				1,
				3.656,
				-0.5,
				3.911,
				0.5,
				4.167,
				0.5,
				1,
				4.433,
				0.5,
				4.7,
				-0.5,
				4.967,
				-0.5,
				1,
				5.244,
				-0.5,
				5.522,
				0.5,
				5.8,
				0.5,
				1,
				6.078,
				0.5,
				6.356,
				-0.6,
				6.633,
				-0.6,
				1,
				6.889,
				-0.6,
				7.144,
				0.3,
				7.4,
				0.3,
				1,
				7.567,
				0.3,
				7.733,
				0.205,
				7.9,
				0,
				1,
				7.933,
				-0.041,
				7.967,
				-0.09,
				8,
				-0.141
			]
		},
		{
			"Target": "Parameter",
			"Id": "ParamHairBack",
			"Segments": [
				0,
				0,
				1,
				0.011,
				0.002,
				0.022,
				0,
				0.033,
				0,
				1,
				0.189,
				0,
				0.344,
				-0.4,
				0.5,
				-0.4,
				1,
				0.667,
				-0.4,
				0.833,
				0.4,
				1,
				0.4,
				1,
				1.222,
				0.4,
				1.444,
				-0.4,
				1.667,
				-0.4,
				1,
				1.833,
				-0.4,
				2,
				0.2,
				2.167,
				0.2,
				1,
				2.333,
				0.2,
				2.5,
				-0.2,
				2.667,
				-0.2,
				1,
				2.844,
				-0.2,
				3.022,
				0.2,
				3.2,
				0.2,
				1,
				3.444,
				0.2,
				3.689,
				-0.2,
				3.933,
				-0.2,
				1,
				4.189,
				-0.2,
				4.444,
				0.2,
				4.7,
				0.2,
				1,
				4.989,
				0.2,
				5.278,
				-0.3,
				5.567,
				-0.3,
				1,
				5.822,
				-0.3,
				6.078,
				0.2,
				6.333,
				0.2,
				1,
				6.611,
				0.2,
				6.889,
				-0.1,
				7.167,
				-0.1,
				1,
				7.444,
				-0.1,
				7.722,
				-0.051,
				8,
				0
			]
		},
		{
			"Target": "Parameter",
			"Id": "Param51",
			"Segments": [
				0,
				0.049,
				1,
				0.011,
				0.037,
				0.022,
				0.033,
				0.033,
				0,
				1,
				0.133,
				-0.296,
				0.233,
				-0.5,
				0.333,
				-0.5,
				1,
				0.489,
				-0.5,
				0.644,
				0.5,
				0.8,
				0.5,
				1,
				0.989,
				0.5,
				1.178,
				-0.5,
				1.367,
				-0.5,
				1,
				1.556,
				-0.5,
				1.744,
				0.5,
				1.933,
				0.5,
				1,
				2.1,
				0.5,
				2.267,
				-0.5,
				2.433,
				-0.5,
				1,
				2.6,
				-0.5,
				2.767,
				0.5,
				2.933,
				0.5,
				1,
				3.133,
				0.5,
				3.333,
				-0.5,
				3.533,
				-0.5,
				1,
				3.789,
				-0.5,
				4.044,
				0.5,
				4.3,
				0.5,
				1,
				4.567,
				0.5,
				4.833,
				-0.5,
				5.1,
				-0.5,
				1,
				5.378,
				-0.5,
				5.656,
				0.5,
				5.933,
				0.5,
				1,
				6.211,
				0.5,
				6.489,
				-0.6,
				6.767,
				-0.6,
				1,
				7.022,
				-0.6,
				7.278,
				0.3,
				7.533,
				0.3,
				1,
				7.689,
				0.3,
				7.844,
				0.22,
				8,
				0.049
			]
		},
		{
			"Target": "Parameter",
			"Id": "Param58",
			"Segments": [
				0,
				0.013,
				1,
				0.044,
				-0.005,
				0.089,
				0,
				0.133,
				0,
				1,
				0.289,
				0,
				0.444,
				0.4,
				0.6,
				0.4,
				1,
				0.767,
				0.4,
				0.933,
				-0.5,
				1.1,
				-0.5,
				1,
				1.322,
				-0.5,
				1.544,
				0.4,
				1.767,
				0.4,
				1,
				1.933,
				0.4,
				2.1,
				-0.2,
				2.267,
				-0.2,
				1,
				2.433,
				-0.2,
				2.6,
				0.2,
				2.767,
				0.2,
				1,
				3.044,
				0.2,
				3.322,
				-0.1,
				3.6,
				-0.1,
				1,
				3.744,
				-0.1,
				3.889,
				0.2,
				4.033,
				0.2,
				1,
				4.289,
				0.2,
				4.544,
				-0.4,
				4.8,
				-0.4,
				1,
				5.078,
				-0.4,
				5.356,
				0.3,
				5.633,
				0.3,
				1,
				5.9,
				0.3,
				6.167,
				-0.3,
				6.433,
				-0.3,
				1,
				6.711,
				-0.3,
				6.989,
				0.2,
				7.267,
				0.2,
				1,
				7.511,
				0.2,
				7.756,
				0.112,
				8,
				0.013
			]
		},
		{
			"Target": "Parameter",
			"Id": "Param59",
			"Segments": [
				0,
				-0.256,
				1,
				0.044,
				-0.192,
				0.089,
				-0.121,
				0.133,
				0,
				1,
				0.233,
				0.272,
				0.333,
				0.5,
				0.433,
				0.5,
				1,
				0.589,
				0.5,
				0.744,
				-0.5,
				0.9,
				-0.5,
				1,
				1.089,
				-0.5,
				1.278,
				0.5,
				1.467,
				0.5,
				1,
				1.656,
				0.5,
				1.844,
				-0.5,
				2.033,
				-0.5,
				1,
				2.2,
				-0.5,
				2.367,
				0.5,
				2.533,
				0.5,
				1,
				2.7,
				0.5,
				2.867,
				-0.5,
				3.033,
				-0.5,
				1,
				3.233,
				-0.5,
				3.433,
				0.5,
				3.633,
				0.5,
				1,
				3.889,
				0.5,
				4.144,
				-0.5,
				4.4,
				-0.5,
				1,
				4.667,
				-0.5,
				4.933,
				0.5,
				5.2,
				0.5,
				1,
				5.478,
				0.5,
				5.756,
				-0.5,
				6.033,
				-0.5,
				1,
				6.311,
				-0.5,
				6.589,
				0.5,
				6.867,
				0.5,
				1,
				7.122,
				0.5,
				7.378,
				-0.5,
				7.633,
				-0.5,
				1,
				7.756,
				-0.5,
				7.878,
				-0.433,
				8,
				-0.256
			]
		},
		{
			"Target": "Parameter",
			"Id": "Param60",
			"Segments": [
				0,
				0.022,
				1,
				0.133,
				0.221,
				0.267,
				0.4,
				0.4,
				0.4,
				1,
				0.567,
				0.4,
				0.733,
				-0.5,
				0.9,
				-0.5,
				1,
				1.122,
				-0.5,
				1.344,
				0.4,
				1.567,
				0.4,
				1,
				1.733,
				0.4,
				1.9,
				-0.2,
				2.067,
				-0.2,
				1,
				2.233,
				-0.2,
				2.4,
				0.2,
				2.567,
				0.2,
				1,
				2.744,
				0.2,
				2.922,
				-0.1,
				3.1,
				-0.1,
				1,
				3.344,
				-0.1,
				3.589,
				0.2,
				3.833,
				0.2,
				1,
				4.089,
				0.2,
				4.344,
				-0.4,
				4.6,
				-0.4,
				1,
				4.878,
				-0.4,
				5.156,
				0.3,
				5.433,
				0.3,
				1,
				5.7,
				0.3,
				5.967,
				-0.3,
				6.233,
				-0.3,
				1,
				6.511,
				-0.3,
				6.789,
				0.2,
				7.067,
				0.2,
				1,
				7.356,
				0.2,
				7.644,
				0,
				7.933,
				0,
				1,
				7.956,
				0,
				7.978,
				-0.011,
				8,
				0.022
			]
		},
		{
			"Target": "Parameter",
			"Id": "Param61",
			"Segments": [
				0,
				0.158,
				1,
				0.078,
				0.375,
				0.156,
				0.5,
				0.233,
				0.5,
				1,
				0.389,
				0.5,
				0.544,
				-0.5,
				0.7,
				-0.5,
				1,
				0.889,
				-0.5,
				1.078,
				0.5,
				1.267,
				0.5,
				1,
				1.456,
				0.5,
				1.644,
				-0.5,
				1.833,
				-0.5,
				1,
				2,
				-0.5,
				2.167,
				0.5,
				2.333,
				0.5,
				1,
				2.5,
				0.5,
				2.667,
				-0.5,
				2.833,
				-0.5,
				1,
				3.033,
				-0.5,
				3.233,
				0.5,
				3.433,
				0.5,
				1,
				3.689,
				0.5,
				3.944,
				-0.5,
				4.2,
				-0.5,
				1,
				4.467,
				-0.5,
				4.733,
				0.5,
				5,
				0.5,
				1,
				5.278,
				0.5,
				5.556,
				-0.5,
				5.833,
				-0.5,
				1,
				6.111,
				-0.5,
				6.389,
				0.5,
				6.667,
				0.5,
				1,
				6.922,
				0.5,
				7.178,
				-0.5,
				7.433,
				-0.5,
				1,
				7.6,
				-0.5,
				7.767,
				-0.34,
				7.933,
				0,
				1,
				7.956,
				0.045,
				7.978,
				0.096,
				8,
				0.158
			]
		},
		{
			"Target": "Parameter",
			"Id": "Param62",
			"Segments": [
				0,
				0,
				1,
				0.156,
				0,
				0.311,
				0.4,
				0.467,
				0.4,
				1,
				0.633,
				0.4,
				0.8,
				-0.5,
				0.967,
				-0.5,
				1,
				1.189,
				-0.5,
				1.411,
				0.4,
				1.633,
				0.4,
				1,
				1.8,
				0.4,
				1.967,
				-0.2,
				2.133,
				-0.2,
				1,
				2.3,
				-0.2,
				2.467,
				0.2,
				2.633,
				0.2,
				1,
				2.811,
				0.2,
				2.989,
				-0.1,
				3.167,
				-0.1,
				1,
				3.411,
				-0.1,
				3.656,
				0.2,
				3.9,
				0.2,
				1,
				4.156,
				0.2,
				4.411,
				-0.4,
				4.667,
				-0.4,
				1,
				4.944,
				-0.4,
				5.222,
				0.3,
				5.5,
				0.3,
				1,
				5.767,
				0.3,
				6.033,
				-0.3,
				6.3,
				-0.3,
				1,
				6.578,
				-0.3,
				6.856,
				0.2,
				7.133,
				0.2,
				1,
				7.422,
				0.2,
				7.711,
				0,
				8,
				0
			]
		},
		{
			"Target": "Parameter",
			"Id": "Param63",
			"Segments": [
				0,
				0,
				1,
				0.1,
				0.235,
				0.2,
				0.5,
				0.3,
				0.5,
				1,
				0.456,
				0.5,
				0.611,
				-0.5,
				0.767,
				-0.5,
				1,
				0.956,
				-0.5,
				1.144,
				0.5,
				1.333,
				0.5,
				1,
				1.522,
				0.5,
				1.711,
				-0.5,
				1.9,
				-0.5,
				1,
				2.067,
				-0.5,
				2.233,
				0.5,
				2.4,
				0.5,
				1,
				2.567,
				0.5,
				2.733,
				-0.5,
				2.9,
				-0.5,
				1,
				3.1,
				-0.5,
				3.3,
				0.5,
				3.5,
				0.5,
				1,
				3.756,
				0.5,
				4.011,
				-0.5,
				4.267,
				-0.5,
				1,
				4.533,
				-0.5,
				4.8,
				0.5,
				5.067,
				0.5,
				1,
				5.344,
				0.5,
				5.622,
				-0.5,
				5.9,
				-0.5,
				1,
				6.178,
				-0.5,
				6.456,
				0.5,
				6.733,
				0.5,
				1,
				6.989,
				0.5,
				7.244,
				-0.5,
				7.5,
				-0.5,
				1,
				7.667,
				-0.5,
				7.833,
				-0.392,
				8,
				0
			]
		},
		{
			"Target": "Parameter",
			"Id": "Param64",
			"Segments": [
				0,
				0,
				1,
				0.156,
				0,
				0.311,
				0.4,
				0.467,
				0.4,
				1,
				0.633,
				0.4,
				0.8,
				-0.5,
				0.967,
				-0.5,
				1,
				1.189,
				-0.5,
				1.411,
				0.4,
				1.633,
				0.4,
				1,
				1.8,
				0.4,
				1.967,
				-0.2,
				2.133,
				-0.2,
				1,
				2.3,
				-0.2,
				2.467,
				0.2,
				2.633,
				0.2,
				1,
				2.811,
				0.2,
				2.989,
				-0.1,
				3.167,
				-0.1,
				1,
				3.411,
				-0.1,
				3.656,
				0.2,
				3.9,
				0.2,
				1,
				4.156,
				0.2,
				4.411,
				-0.4,
				4.667,
				-0.4,
				1,
				4.944,
				-0.4,
				5.222,
				0.3,
				5.5,
				0.3,
				1,
				5.767,
				0.3,
				6.033,
				-0.3,
				6.3,
				-0.3,
				1,
				6.578,
				-0.3,
				6.856,
				0.2,
				7.133,
				0.2,
				1,
				7.422,
				0.2,
				7.711,
				0,
				8,
				0
			]
		},
		{
			"Target": "Parameter",
			"Id": "Param65",
			"Segments": [
				0,
				0,
				1,
				0.1,
				0.235,
				0.2,
				0.5,
				0.3,
				0.5,
				1,
				0.456,
				0.5,
				0.611,
				-0.5,
				0.767,
				-0.5,
				1,
				0.956,
				-0.5,
				1.144,
				0.5,
				1.333,
				0.5,
				1,
				1.522,
				0.5,
				1.711,
				-0.5,
				1.9,
				-0.5,
				1,
				2.067,
				-0.5,
				2.233,
				0.5,
				2.4,
				0.5,
				1,
				2.567,
				0.5,
				2.733,
				-0.5,
				2.9,
				-0.5,
				1,
				3.1,
				-0.5,
				3.3,
				0.5,
				3.5,
				0.5,
				1,
				3.756,
				0.5,
				4.011,
				-0.5,
				4.267,
				-0.5,
				1,
				4.533,
				-0.5,
				4.8,
				0.5,
				5.067,
				0.5,
				1,
				5.344,
				0.5,
				5.622,
				-0.5,
				5.9,
				-0.5,
				1,
				6.178,
				-0.5,
				6.456,
				0.5,
				6.733,
				0.5,
				1,
				6.989,
				0.5,
				7.244,
				-0.5,
				7.5,
				-0.5,
				1,
				7.667,
				-0.5,
				7.833,
				-0.392,
				8,
				0
			]
		},
		{
			"Target": "Parameter",
			"Id": "ParamAngleX",
			"Segments": [
				0,
				0,
				1,
				2.667,
				0,
				5.333,
				0,
				8,
				0
			]
		},
		{
			"Target": "Parameter",
			"Id": "ParamAngleY",
			"Segments": [
				0,
				0,
				1,
				2.667,
				0,
				5.333,
				0,
				8,
				0
			]
		},
		{
			"Target": "Parameter",
			"Id": "ParamAngleZ",
			"Segments": [
				0,
				0,
				1,
				0.2,
				0,
				0.4,
				-9,
				0.6,
				-9,
				1,
				0.944,
				-9,
				1.289,
				-9,
				1.633,
				-9,
				1,
				1.778,
				-9,
				1.922,
				0,
				2.067,
				0,
				1,
				2.678,
				0,
				3.289,
				0,
				3.9,
				0,
				1,
				4.156,
				0,
				4.411,
				-9,
				4.667,
				-9,
				1,
				4.922,
				-9,
				5.178,
				-9,
				5.433,
				-9,
				1,
				5.644,
				-9,
				5.856,
				0,
				6.067,
				0,
				1,
				6.711,
				0,
				7.356,
				0,
				8,
				0
			]
		},
		{
			"Target": "Parameter",
			"Id": "ParamEyeLOpen",
			"Segments": [
				0,
				0,
				1,
				0.222,
				0,
				0.444,
				0,
				0.667,
				0,
				1,
				0.722,
				0,
				0.778,
				-2,
				0.833,
				-2,
				1,
				0.889,
				-2,
				0.944,
				0,
				1,
				0,
				1,
				2.322,
				0,
				3.644,
				0,
				4.967,
				0,
				1,
				5.022,
				0,
				5.078,
				-2,
				5.133,
				-2,
				1,
				5.189,
				-2,
				5.244,
				0,
				5.3,
				0,
				1,
				6.2,
				0,
				7.1,
				0,
				8,
				0
			]
		},
		{
			"Target": "Parameter",
			"Id": "ParamEyeLSmile",
			"Segments": [
				0,
				0,
				1,
				2.667,
				0,
				5.333,
				0,
				8,
				0
			]
		},
		{
			"Target": "Parameter",
			"Id": "ParamEyeROpen",
			"Segments": [
				0,
				0,
				1,
				0.222,
				0,
				0.444,
				0,
				0.667,
				0,
				1,
				0.722,
				0,
				0.778,
				-2,
				0.833,
				-2,
				1,
				0.889,
				-2,
				0.944,
				0,
				1,
				0,
				1,
				2.322,
				0,
				3.644,
				0,
				4.967,
				0,
				1,
				5.022,
				0,
				5.078,
				-2,
				5.133,
				-2,
				1,
				5.189,
				-2,
				5.244,
				0,
				5.3,
				0,
				1,
				6.2,
				0,
				7.1,
				0,
				8,
				0
			]
		},
		{
			"Target": "Parameter",
			"Id": "ParamEyeRSmile",
			"Segments": [
				0,
				0,
				1,
				2.667,
				0,
				5.333,
				0,
				8,
				0
			]
		},
		{
			"Target": "Parameter",
			"Id": "ParamEyeBallX",
			"Segments": [
				0,
				0,
				1,
				2.667,
				0,
				5.333,
				0,
				8,
				0
			]
		},
		{
			"Target": "Parameter",
			"Id": "ParamEyeBallY",
			"Segments": [
				0,
				0,
				1,
				2.667,
				0,
				5.333,
				0,
				8,
				0
			]
		},
		{
			"Target": "Parameter",
			"Id": "Param69",
			"Segments": [
				0,
				0,
				1,
				2.667,
				0,
				5.333,
				0,
				8,
				0
			]
		},
		{
			"Target": "Parameter",
			"Id": "Param70",
			"Segments": [
				0,
				0,
				1,
				2.667,
				0,
				5.333,
				0,
				8,
				0
			]
		},
		{
			"Target": "Parameter",
			"Id": "ParamBrowLY",
			"Segments": [
				0,
				0,
				1,
				2.667,
				0,
				5.333,
				0,
				8,
				0
			]
		},
		{
			"Target": "Parameter",
			"Id": "ParamBrowLX",
			"Segments": [
				0,
				0,
				1,
				2.667,
				0,
				5.333,
				0,
				8,
				0
			]
		},
		{
			"Target": "Parameter",
			"Id": "ParamBrowRY",
			"Segments": [
				0,
				0,
				1,
				2.667,
				0,
				5.333,
				0,
				8,
				0
			]
		},
		{
			"Target": "Parameter",
			"Id": "ParamBrowRX",
			"Segments": [
				0,
				0,
				1,
				2.667,
				0,
				5.333,
				0,
				8,
				0
			]
		},
		{
			"Target": "Parameter",
			"Id": "ParamBrowLAngle",
			"Segments": [
				0,
				0,
				1,
				2.667,
				0,
				5.333,
				0,
				8,
				0
			]
		},
		{
			"Target": "Parameter",
			"Id": "ParamBrowRAngle",
			"Segments": [
				0,
				0,
				1,
				2.667,
				0,
				5.333,
				0,
				8,
				0
			]
		},
		{
			"Target": "Parameter",
			"Id": "ParamBrowLForm",
			"Segments": [
				0,
				0,
				1,
				2.667,
				0,
				5.333,
				0,
				8,
				0
			]
		},
		{
			"Target": "Parameter",
			"Id": "ParamBrowRForm",
			"Segments": [
				0,
				0,
				1,
				2.667,
				0,
				5.333,
				0,
				8,
				0
			]
		},
		{
			"Target": "Parameter",
			"Id": "ParamMouthForm",
			"Segments": [
				0,
				1,
				1,
				0.222,
				1,
				0.444,
				1,
				0.667,
				1,
				1,
				0.989,
				1,
				1.311,
				1,
				1.633,
				1,
				1,
				1.767,
				1,
				1.9,
				0.044,
				2.033,
				0,
				1,
				2.322,
				-0.095,
				2.611,
				-0.1,
				2.9,
				-0.1,
				1,
				3.178,
				-0.1,
				3.456,
				0,
				3.733,
				0,
				1,
				4.311,
				0,
				4.889,
				0,
				5.467,
				0,
				1,
				5.7,
				0,
				5.933,
				1,
				6.167,
				1,
				1,
				6.778,
				1,
				7.389,
				1,
				8,
				1
			]
		},
		{
			"Target": "Parameter",
			"Id": "ParamMouthOpenY",
			"Segments": [
				0,
				0,
				1,
				0.222,
				0,
				0.444,
				0,
				0.667,
				0,
				1,
				0.989,
				0,
				1.311,
				0,
				1.633,
				0,
				1,
				1.767,
				0,
				1.9,
				1,
				2.033,
				1,
				1,
				3.178,
				1,
				4.322,
				1,
				5.467,
				1,
				1,
				5.7,
				1,
				5.933,
				0,
				6.167,
				0,
				1,
				6.778,
				0,
				7.389,
				0,
				8,
				0
			]
		},
		{
			"Target": "Parameter",
			"Id": "ParamCheek",
			"Segments": [
				0,
				0,
				1,
				2.667,
				0,
				5.333,
				0,
				8,
				0
			]
		},
		{
			"Target": "Parameter",
			"Id": "Param45",
			"Segments": [
				0,
				0,
				1,
				1.678,
				0,
				3.356,
				0,
				5.033,
				0,
				1,
				6.022,
				0,
				7.011,
				0,
				8,
				0
			]
		},
		{
			"Target": "Parameter",
			"Id": "Param46",
			"Segments": [
				0,
				0,
				1,
				0.244,
				0,
				0.489,
				0,
				0.733,
				0,
				1,
				0.956,
				0,
				1.178,
				14,
				1.4,
				14,
				1,
				1.622,
				14,
				1.844,
				0,
				2.067,
				0,
				1,
				2.289,
				0,
				2.511,
				14,
				2.733,
				14,
				1,
				3.5,
				14,
				4.267,
				14,
				5.033,
				14,
				1,
				5.256,
				14,
				5.478,
				0,
				5.7,
				0,
				1,
				5.844,
				0,
				5.989,
				8,
				6.133,
				8,
				1,
				6.267,
				8,
				6.4,
				0,
				6.533,
				0,
				1,
				7.022,
				0,
				7.511,
				0,
				8,
				0
			]
		},
		{
			"Target": "Parameter",
			"Id": "Param76",
			"Segments": [
				0,
				0,
				1,
				0.356,
				0,
				0.711,
				0,
				1.067,
				0,
				1,
				1.256,
				0,
				1.444,
				27,
				1.633,
				27,
				1,
				1.778,
				27,
				1.922,
				-11,
				2.067,
				-11,
				1,
				2.267,
				-11,
				2.467,
				9,
				2.667,
				9,
				1,
				3.456,
				9,
				4.244,
				9,
				5.033,
				9,
				1,
				5.278,
				9,
				5.522,
				-22,
				5.767,
				-22,
				1,
				5.889,
				-22,
				6.011,
				17,
				6.133,
				17,
				1,
				6.267,
				17,
				6.4,
				0,
				6.533,
				0,
				1,
				6.744,
				0,
				6.956,
				4,
				7.167,
				4,
				1,
				7.444,
				4,
				7.722,
				0,
				8,
				0
			]
		},
		{
			"Target": "Parameter",
			"Id": "Param47",
			"Segments": [
				0,
				0,
				1,
				0.278,
				0,
				0.556,
				1,
				0.833,
				1,
				1,
				1.367,
				1,
				1.9,
				0,
				2.433,
				0,
				1,
				3.3,
				0,
				4.167,
				0,
				5.033,
				0,
				1,
				6.022,
				0,
				7.011,
				0,
				8,
				0
			]
		},
		{
			"Target": "Parameter",
			"Id": "Param48",
			"Segments": [
				0,
				0,
				1,
				0.222,
				0,
				0.444,
				2,
				0.667,
				2,
				1,
				0.989,
				2,
				1.311,
				2,
				1.633,
				2,
				1,
				1.767,
				2,
				1.9,
				0,
				2.033,
				0,
				1,
				3.033,
				0,
				4.033,
				0,
				5.033,
				0,
				1,
				6.022,
				0,
				7.011,
				0,
				8,
				0
			]
		},
		{
			"Target": "Parameter",
			"Id": "Param77",
			"Segments": [
				0,
				0,
				1,
				0.222,
				0,
				0.444,
				2,
				0.667,
				2,
				1,
				0.989,
				2,
				1.311,
				2,
				1.633,
				2,
				1,
				1.767,
				2,
				1.9,
				-7,
				2.033,
				-7,
				1,
				2.722,
				-7,
				3.411,
				-7,
				4.1,
				-7,
				1,
				4.278,
				-7,
				4.456,
				0,
				4.633,
				0,
				1,
				4.911,
				0,
				5.189,
				-10,
				5.467,
				-10,
				1,
				6.311,
				-10,
				7.156,
				0,
				8,
				0
			]
		},
		{
			"Target": "Parameter",
			"Id": "Param78",
			"Segments": [
				0,
				0,
				1,
				0.222,
				0,
				0.444,
				7,
				0.667,
				7,
				1,
				0.989,
				7,
				1.311,
				7,
				1.633,
				7,
				1,
				1.767,
				7,
				1.9,
				1.347,
				2.033,
				-8,
				1,
				2.222,
				-21.241,
				2.411,
				-27,
				2.6,
				-27,
				1,
				2.9,
				-27,
				3.2,
				-17.691,
				3.5,
				-9,
				1,
				3.767,
				-1.275,
				4.033,
				0,
				4.3,
				0,
				1,
				4.767,
				0,
				5.233,
				-20,
				5.7,
				-20,
				1,
				6.067,
				-20,
				6.433,
				0,
				6.8,
				0,
				1,
				7.2,
				0,
				7.6,
				0,
				8,
				0
			]
		},
		{
			"Target": "Parameter",
			"Id": "Param79",
			"Segments": [
				0,
				0,
				1,
				0.222,
				0,
				0.444,
				8,
				0.667,
				8,
				1,
				0.989,
				8,
				1.311,
				8,
				1.633,
				8,
				1,
				1.767,
				8,
				1.9,
				-1.806,
				2.033,
				-9,
				1,
				2.256,
				-20.989,
				2.478,
				-24,
				2.7,
				-24,
				1,
				2.967,
				-24,
				3.233,
				-18.937,
				3.5,
				-11,
				1,
				3.767,
				-3.063,
				4.033,
				0,
				4.3,
				0,
				1,
				4.822,
				0,
				5.344,
				-14,
				5.867,
				-14,
				1,
				6.233,
				-14,
				6.6,
				-0.203,
				6.967,
				-0.083,
				1,
				7.311,
				0.03,
				7.656,
				0,
				8,
				0
			]
		},
		{
			"Target": "Parameter",
			"Id": "Param80",
			"Segments": [
				0,
				0,
				1,
				0.222,
				0,
				0.444,
				5.645,
				0.667,
				7,
				1,
				0.989,
				8.965,
				1.311,
				9,
				1.633,
				9,
				1,
				1.767,
				9,
				1.9,
				0,
				2.033,
				0,
				1,
				2.756,
				0,
				3.478,
				0,
				4.2,
				0,
				1,
				4.378,
				0,
				4.556,
				30,
				4.733,
				30,
				1,
				5.022,
				30,
				5.311,
				30,
				5.6,
				30,
				1,
				5.778,
				30,
				5.956,
				0,
				6.133,
				0,
				1,
				6.756,
				0,
				7.378,
				0,
				8,
				0
			]
		},
		{
			"Target": "Parameter",
			"Id": "Param81",
			"Segments": [
				0,
				0,
				1,
				0.544,
				0,
				1.089,
				0,
				1.633,
				0,
				1,
				1.767,
				0,
				1.9,
				-14,
				2.033,
				-14,
				1,
				2.722,
				-14,
				3.411,
				-14,
				4.1,
				-14,
				1,
				4.278,
				-14,
				4.456,
				0,
				4.633,
				0,
				1,
				5.756,
				0,
				6.878,
				0,
				8,
				0
			]
		},
		{
			"Target": "Parameter",
			"Id": "Param82",
			"Segments": [
				0,
				0,
				1,
				0.544,
				0,
				1.089,
				0,
				1.633,
				0,
				1,
				1.767,
				0,
				1.9,
				-12,
				2.033,
				-12,
				1,
				2.722,
				-12,
				3.411,
				-12,
				4.1,
				-12,
				1,
				4.278,
				-12,
				4.456,
				0,
				4.633,
				0,
				1,
				5.756,
				0,
				6.878,
				0,
				8,
				0
			]
		},
		{
			"Target": "Parameter",
			"Id": "Param83",
			"Segments": [
				0,
				0,
				1,
				0.544,
				0,
				1.089,
				0,
				1.633,
				0,
				1,
				1.767,
				0,
				1.9,
				-9,
				2.033,
				-9,
				1,
				2.722,
				-9,
				3.411,
				-9,
				4.1,
				-9,
				1,
				4.278,
				-9,
				4.456,
				0,
				4.633,
				0,
				1,
				5.756,
				0,
				6.878,
				0,
				8,
				0
			]
		},
		{
			"Target": "Parameter",
			"Id": "Param84",
			"Segments": [
				0,
				0,
				1,
				0.544,
				0,
				1.089,
				0,
				1.633,
				0,
				1,
				1.767,
				0,
				1.9,
				-9,
				2.033,
				-9,
				1,
				2.722,
				-9,
				3.411,
				-9,
				4.1,
				-9,
				1,
				4.278,
				-9,
				4.456,
				0,
				4.633,
				0,
				1,
				5.756,
				0,
				6.878,
				0,
				8,
				0
			]
		},
		{
			"Target": "Parameter",
			"Id": "Param90",
			"Segments": [
				0,
				1,
				1,
				0.589,
				1,
				1.178,
				1,
				1.767,
				1,
				1,
				1.778,
				1,
				1.789,
				0,
				1.8,
				0,
				1,
				2.744,
				0,
				3.689,
				0,
				4.633,
				0,
				1,
				5.056,
				0,
				5.478,
				0,
				5.9,
				0,
				1,
				5.911,
				0,
				5.922,
				1,
				5.933,
				1,
				1,
				6.622,
				1,
				7.311,
				1,
				8,
				1
			]
		},
		{
			"Target": "Parameter",
			"Id": "Param86",
			"Segments": [
				0,
				0,
				1,
				2.667,
				0,
				5.333,
				0,
				8,
				0
			]
		},
		{
			"Target": "Parameter",
			"Id": "Param87",
			"Segments": [
				0,
				0,
				1,
				2.667,
				0,
				5.333,
				0,
				8,
				0
			]
		},
		{
			"Target": "Parameter",
			"Id": "Param88",
			"Segments": [
				0,
				0,
				1,
				2.667,
				0,
				5.333,
				0,
				8,
				0
			]
		},
		{
			"Target": "Parameter",
			"Id": "Param89",
			"Segments": [
				0,
				0,
				1,
				2.667,
				0,
				5.333,
				0,
				8,
				0
			]
		},
		{
			"Target": "Parameter",
			"Id": "Param85",
			"Segments": [
				0,
				0,
				1,
				2.667,
				0,
				5.333,
				0,
				8,
				0
			]
		},
		{
			"Target": "Parameter",
			"Id": "Param91",
			"Segments": [
				0,
				1,
				1,
				0.589,
				1,
				1.178,
				1,
				1.767,
				1,
				1,
				1.778,
				1,
				1.789,
				0,
				1.8,
				0,
				1,
				3.167,
				0,
				4.533,
				0,
				5.9,
				0,
				1,
				5.911,
				0,
				5.922,
				1,
				5.933,
				1,
				1,
				6.622,
				1,
				7.311,
				1,
				8,
				1
			]
		},
		{
			"Target": "Parameter",
			"Id": "Param95",
			"Segments": [
				0,
				0,
				1,
				2.667,
				0,
				5.333,
				0,
				8,
				0
			]
		},
		{
			"Target": "Parameter",
			"Id": "Param93",
			"Segments": [
				0,
				-5,
				1,
				0.333,
				-5,
				0.667,
				5,
				1,
				5,
				1,
				1.333,
				5,
				1.667,
				-5,
				2,
				-5,
				1,
				2.333,
				-5,
				2.667,
				5,
				3,
				5,
				1,
				3.333,
				5,
				3.667,
				-5,
				4,
				-5,
				1,
				4.333,
				-5,
				4.667,
				5,
				5,
				5,
				1,
				5.333,
				5,
				5.667,
				-5,
				6,
				-5,
				1,
				6.333,
				-5,
				6.667,
				5,
				7,
				5,
				1,
				7.333,
				5,
				7.667,
				-5,
				8,
				-5
			]
		},
		{
			"Target": "Parameter",
			"Id": "ParamBodyAngleX",
			"Segments": [
				0,
				0,
				1,
				2.667,
				0,
				5.333,
				0,
				8,
				0
			]
		},
		{
			"Target": "Parameter",
			"Id": "Param106",
			"Segments": [
				0,
				0,
				1,
				2.667,
				0,
				5.333,
				0,
				8,
				0
			]
		},
		{
			"Target": "Parameter",
			"Id": "Param109",
			"Segments": [
				0,
				0,
				1,
				2.667,
				0,
				5.333,
				0,
				8,
				0
			]
		},
		{
			"Target": "Parameter",
			"Id": "ParamBodyAngleZ",
			"Segments": [
				0,
				0,
				1,
				2.667,
				0,
				5.333,
				0,
				8,
				0
			]
		},
		{
			"Target": "Parameter",
			"Id": "ParamBreath",
			"Segments": [
				0,
				0,
				1,
				0.333,
				0,
				0.667,
				1,
				1,
				1,
				1,
				1.333,
				1,
				1.667,
				0,
				2,
				0,
				1,
				2.333,
				0,
				2.667,
				1,
				3,
				1,
				1,
				3.333,
				1,
				3.667,
				0,
				4,
				0,
				1,
				4.333,
				0,
				4.667,
				1,
				5,
				1,
				1,
				5.333,
				1,
				5.667,
				0,
				6,
				0,
				1,
				6.333,
				0,
				6.667,
				1,
				7,
				1,
				1,
				7.333,
				1,
				7.667,
				0,
				8,
				0
			]
		},
		{
			"Target": "Parameter",
			"Id": "Param35",
			"Segments": [
				0,
				-3,
				1,
				0.289,
				-3,
				0.578,
				5,
				0.867,
				5,
				1,
				1.2,
				5,
				1.533,
				-3,
				1.867,
				-3,
				1,
				2.2,
				-3,
				2.533,
				5,
				2.867,
				5,
				1,
				3.2,
				5,
				3.533,
				-3,
				3.867,
				-3,
				1,
				4.2,
				-3,
				4.533,
				5,
				4.867,
				5,
				1,
				5.2,
				5,
				5.533,
				-3,
				5.867,
				-3,
				1,
				6.2,
				-3,
				6.533,
				5,
				6.867,
				5,
				1,
				7.244,
				5,
				7.622,
				-3,
				8,
				-3
			]
		},
		{
			"Target": "Parameter",
			"Id": "Param36",
			"Segments": [
				0,
				-3,
				1,
				0.322,
				-3,
				0.644,
				3,
				0.967,
				3,
				1,
				1.3,
				3,
				1.633,
				-3,
				1.967,
				-3,
				1,
				2.3,
				-3,
				2.633,
				3,
				2.967,
				3,
				1,
				3.3,
				3,
				3.633,
				-3,
				3.967,
				-3,
				1,
				4.3,
				-3,
				4.633,
				3,
				4.967,
				3,
				1,
				5.3,
				3,
				5.633,
				-2,
				5.967,
				-2,
				1,
				6.3,
				-2,
				6.633,
				4,
				6.967,
				4,
				1,
				7.311,
				4,
				7.656,
				-3,
				8,
				-3
			]
		},
		{
			"Target": "Parameter",
			"Id": "Param37",
			"Segments": [
				0,
				0,
				1,
				2.667,
				0,
				5.333,
				0,
				8,
				0
			]
		},
		{
			"Target": "Parameter",
			"Id": "Param38",
			"Segments": [
				0,
				5,
				1,
				0.256,
				5,
				0.511,
				-5,
				0.767,
				-5,
				1,
				1.033,
				-5,
				1.3,
				5,
				1.567,
				5,
				1,
				1.833,
				5,
				2.1,
				-5,
				2.367,
				-5,
				1,
				2.633,
				-5,
				2.9,
				5,
				3.167,
				5,
				1,
				3.433,
				5,
				3.7,
				-5,
				3.967,
				-5,
				1,
				4.233,
				-5,
				4.5,
				5,
				4.767,
				5,
				1,
				5.033,
				5,
				5.3,
				-5,
				5.567,
				-5,
				1,
				5.833,
				-5,
				6.1,
				5,
				6.367,
				5,
				1,
				6.644,
				5,
				6.922,
				-5,
				7.2,
				-5,
				1,
				7.467,
				-5,
				7.733,
				5,
				8,
				5
			]
		},
		{
			"Target": "Parameter",
			"Id": "Param39",
			"Segments": [
				0,
				-2.339,
				1,
				0.133,
				-4.077,
				0.267,
				-5,
				0.4,
				-5,
				1,
				0.667,
				-5,
				0.933,
				5,
				1.2,
				5,
				1,
				1.467,
				5,
				1.733,
				-5,
				2,
				-5,
				1,
				2.267,
				-5,
				2.533,
				5,
				2.8,
				5,
				1,
				3.067,
				5,
				3.333,
				-5,
				3.6,
				-5,
				1,
				3.867,
				-5,
				4.133,
				5,
				4.4,
				5,
				1,
				4.667,
				5,
				4.933,
				-5,
				5.2,
				-5,
				1,
				5.467,
				-5,
				5.733,
				5,
				6,
				5,
				1,
				6.278,
				5,
				6.556,
				-5,
				6.833,
				-5,
				1,
				7.1,
				-5,
				7.367,
				0,
				7.633,
				0,
				1,
				7.756,
				0,
				7.878,
				-0.746,
				8,
				-2.339
			]
		},
		{
			"Target": "Parameter",
			"Id": "Param40",
			"Segments": [
				0,
				-7,
				1,
				0.378,
				-7,
				0.756,
				4,
				1.133,
				4,
				1,
				1.456,
				4,
				1.778,
				-7,
				2.1,
				-7,
				1,
				2.433,
				-7,
				2.767,
				4,
				3.1,
				4,
				1,
				3.433,
				4,
				3.767,
				-7,
				4.1,
				-7,
				1,
				4.433,
				-7,
				4.767,
				4,
				5.1,
				4,
				1,
				5.433,
				4,
				5.767,
				-7,
				6.1,
				-7,
				1,
				6.433,
				-7,
				6.767,
				4,
				7.1,
				4,
				1,
				7.4,
				4,
				7.7,
				-7,
				8,
				-7
			]
		},
		{
			"Target": "Parameter",
			"Id": "Param41",
			"Segments": [
				0,
				-3,
				1,
				0.422,
				-3,
				0.844,
				4,
				1.267,
				4,
				1,
				1.589,
				4,
				1.911,
				-2,
				2.233,
				-2,
				1,
				2.667,
				-2,
				3.1,
				4,
				3.533,
				4,
				1,
				3.767,
				4,
				4,
				-3,
				4.233,
				-3,
				1,
				4.567,
				-3,
				4.9,
				4,
				5.233,
				4,
				1,
				5.567,
				4,
				5.9,
				-2,
				6.233,
				-2,
				1,
				6.567,
				-2,
				6.9,
				4,
				7.233,
				4,
				1,
				7.489,
				4,
				7.744,
				-3,
				8,
				-3
			]
		},
		{
			"Target": "Parameter",
			"Id": "Param42",
			"Segments": [
				0,
				0,
				1,
				2.667,
				0,
				5.333,
				0,
				8,
				0
			]
		},
		{
			"Target": "Parameter",
			"Id": "Param43",
			"Segments": [
				0,
				10.87,
				1,
				0.056,
				14.359,
				0.111,
				14,
				0.167,
				14,
				1,
				0.422,
				14,
				0.678,
				-14,
				0.933,
				-14,
				1,
				1.2,
				-14,
				1.467,
				14,
				1.733,
				14,
				1,
				2,
				14,
				2.267,
				-14,
				2.533,
				-14,
				1,
				2.8,
				-14,
				3.067,
				14,
				3.333,
				14,
				1,
				3.6,
				14,
				3.867,
				-14,
				4.133,
				-14,
				1,
				4.4,
				-14,
				4.667,
				14,
				4.933,
				14,
				1,
				5.2,
				14,
				5.467,
				-14,
				5.733,
				-14,
				1,
				6,
				-14,
				6.267,
				14,
				6.533,
				14,
				1,
				6.811,
				14,
				7.089,
				-14,
				7.367,
				-14,
				1,
				7.578,
				-14,
				7.789,
				-2.389,
				8,
				10.87
			]
		},
		{
			"Target": "Parameter",
			"Id": "Param44",
			"Segments": [
				0,
				11.756,
				1,
				0.211,
				-1.672,
				0.422,
				-14,
				0.633,
				-14,
				1,
				0.9,
				-14,
				1.167,
				14,
				1.433,
				14,
				1,
				1.7,
				14,
				1.967,
				-14,
				2.233,
				-14,
				1,
				2.5,
				-14,
				2.767,
				14,
				3.033,
				14,
				1,
				3.3,
				14,
				3.567,
				-14,
				3.833,
				-14,
				1,
				4.1,
				-14,
				4.367,
				14,
				4.633,
				14,
				1,
				4.9,
				14,
				5.167,
				-14,
				5.433,
				-14,
				1,
				5.7,
				-14,
				5.967,
				14,
				6.233,
				14,
				1,
				6.511,
				14,
				6.789,
				-14,
				7.067,
				-14,
				1,
				7.333,
				-14,
				7.6,
				14,
				7.867,
				14,
				1,
				7.911,
				14,
				7.956,
				14.583,
				8,
				11.756
			]
		},
		{
			"Target": "Parameter",
			"Id": "Param",
			"Segments": [
				0,
				0,
				1,
				0.278,
				0,
				0.556,
				3,
				0.833,
				3,
				1,
				1.167,
				3,
				1.5,
				-3,
				1.833,
				-3,
				1,
				2.1,
				-3,
				2.367,
				3,
				2.633,
				3,
				1,
				2.911,
				3,
				3.189,
				-3,
				3.467,
				-3,
				1,
				3.844,
				-3,
				4.222,
				3,
				4.6,
				3,
				1,
				4.967,
				3,
				5.333,
				-3,
				5.7,
				-3,
				1,
				6.056,
				-3,
				6.411,
				3,
				6.767,
				3,
				1,
				7.178,
				3,
				7.589,
				0,
				8,
				0
			]
		},
		{
			"Target": "Parameter",
			"Id": "Param3",
			"Segments": [
				0,
				0,
				1,
				0.289,
				0,
				0.578,
				5,
				0.867,
				5,
				1,
				1.2,
				5,
				1.533,
				-5,
				1.867,
				-5,
				1,
				2.133,
				-5,
				2.4,
				4,
				2.667,
				4,
				1,
				2.944,
				4,
				3.222,
				-3,
				3.5,
				-3,
				1,
				3.878,
				-3,
				4.256,
				4,
				4.633,
				4,
				1,
				5,
				4,
				5.367,
				-4,
				5.733,
				-4,
				1,
				6.089,
				-4,
				6.444,
				4,
				6.8,
				4,
				1,
				7.2,
				4,
				7.6,
				0,
				8,
				0
			]
		},
		{
			"Target": "Parameter",
			"Id": "Param2",
			"Segments": [
				0,
				0,
				1,
				0.3,
				0,
				0.6,
				5,
				0.9,
				5,
				1,
				1.233,
				5,
				1.567,
				-5,
				1.9,
				-5,
				1,
				2.167,
				-5,
				2.433,
				4,
				2.7,
				4,
				1,
				2.978,
				4,
				3.256,
				-3,
				3.533,
				-3,
				1,
				3.911,
				-3,
				4.289,
				4,
				4.667,
				4,
				1,
				5.033,
				4,
				5.4,
				-4,
				5.767,
				-4,
				1,
				6.122,
				-4,
				6.478,
				4,
				6.833,
				4,
				1,
				7.222,
				4,
				7.611,
				0,
				8,
				0
			]
		},
		{
			"Target": "Parameter",
			"Id": "Param13",
			"Segments": [
				0,
				0,
				1,
				0.278,
				0,
				0.556,
				3,
				0.833,
				3,
				1,
				1.167,
				3,
				1.5,
				-3,
				1.833,
				-3,
				1,
				2.1,
				-3,
				2.367,
				3,
				2.633,
				3,
				1,
				2.911,
				3,
				3.189,
				-3,
				3.467,
				-3,
				1,
				3.844,
				-3,
				4.222,
				3,
				4.6,
				3,
				1,
				4.967,
				3,
				5.333,
				-3,
				5.7,
				-3,
				1,
				6.056,
				-3,
				6.411,
				3,
				6.767,
				3,
				1,
				7.178,
				3,
				7.589,
				0,
				8,
				0
			]
		},
		{
			"Target": "Parameter",
			"Id": "Param14",
			"Segments": [
				0,
				0,
				1,
				0.333,
				0,
				0.667,
				13,
				1,
				13,
				1,
				1.333,
				13,
				1.667,
				-13,
				2,
				-13,
				1,
				2.278,
				-13,
				2.556,
				13,
				2.833,
				13,
				1,
				3.111,
				13,
				3.389,
				-12,
				3.667,
				-12,
				1,
				4.044,
				-12,
				4.422,
				13,
				4.8,
				13,
				1,
				5.156,
				13,
				5.511,
				-13,
				5.867,
				-13,
				1,
				6.233,
				-13,
				6.6,
				13,
				6.967,
				13,
				1,
				7.311,
				13,
				7.656,
				0,
				8,
				0
			]
		},
		{
			"Target": "Parameter",
			"Id": "Param15",
			"Segments": [
				0,
				0,
				1,
				0.267,
				0,
				0.533,
				13,
				0.8,
				13,
				1,
				1.133,
				13,
				1.467,
				-13,
				1.8,
				-13,
				1,
				2.078,
				-13,
				2.356,
				13,
				2.633,
				13,
				1,
				2.911,
				13,
				3.189,
				-12,
				3.467,
				-12,
				1,
				3.844,
				-12,
				4.222,
				13,
				4.6,
				13,
				1,
				4.956,
				13,
				5.311,
				-13,
				5.667,
				-13,
				1,
				6.033,
				-13,
				6.4,
				13,
				6.767,
				13,
				1,
				7.178,
				13,
				7.589,
				0,
				8,
				0
			]
		},
		{
			"Target": "Parameter",
			"Id": "Param16",
			"Segments": [
				0,
				0,
				1,
				0.278,
				0,
				0.556,
				8,
				0.833,
				8,
				1,
				1.167,
				8,
				1.5,
				-24,
				1.833,
				-24,
				1,
				2.1,
				-24,
				2.367,
				8,
				2.633,
				8,
				1,
				2.911,
				8,
				3.189,
				-24,
				3.467,
				-24,
				1,
				3.844,
				-24,
				4.222,
				8,
				4.6,
				8,
				1,
				4.967,
				8,
				5.333,
				-24,
				5.7,
				-24,
				1,
				6.056,
				-24,
				6.411,
				8,
				6.767,
				8,
				1,
				7.178,
				8,
				7.589,
				0,
				8,
				0
			]
		},
		{
			"Target": "Parameter",
			"Id": "Param17",
			"Segments": [
				0,
				15,
				1,
				0.367,
				17.319,
				0.733,
				30,
				1.1,
				30,
				1,
				1.433,
				30,
				1.767,
				8,
				2.1,
				8,
				1,
				2.378,
				8,
				2.656,
				26,
				2.933,
				26,
				1,
				3.222,
				26,
				3.511,
				7,
				3.8,
				7,
				1,
				4.156,
				7,
				4.511,
				26,
				4.867,
				26,
				1,
				5.244,
				26,
				5.622,
				7,
				6,
				7,
				1,
				6.367,
				7,
				6.733,
				26,
				7.1,
				26,
				1,
				7.4,
				26,
				7.7,
				16.348,
				8,
				15
			]
		},
		{
			"Target": "Parameter",
			"Id": "Param18",
			"Segments": [
				0,
				-20,
				1,
				0.278,
				-20,
				0.556,
				0,
				0.833,
				0,
				1,
				1.1,
				0,
				1.367,
				-20,
				1.633,
				-20,
				1,
				1.911,
				-20,
				2.189,
				0,
				2.467,
				0,
				1,
				2.833,
				0,
				3.2,
				-20,
				3.567,
				-20,
				1,
				3.744,
				-20,
				3.922,
				0,
				4.1,
				0,
				1,
				4.367,
				0,
				4.633,
				-20,
				4.9,
				-20,
				1,
				5.167,
				-20,
				5.433,
				0,
				5.7,
				0,
				1,
				5.967,
				0,
				6.233,
				-20,
				6.5,
				-20,
				1,
				6.756,
				-20,
				7.011,
				0,
				7.267,
				0,
				1,
				7.511,
				0,
				7.756,
				-20,
				8,
				-20
			]
		},
		{
			"Target": "Parameter",
			"Id": "Param107",
			"Segments": [
				0,
				0,
				1,
				0.4,
				0,
				0.8,
				-13,
				1.2,
				-13,
				1,
				1.467,
				-13,
				1.733,
				-1,
				2,
				-1,
				1,
				2.3,
				-1,
				2.6,
				-13,
				2.9,
				-13,
				1,
				3.167,
				-13,
				3.433,
				-1,
				3.7,
				-1,
				1,
				3.978,
				-1,
				4.256,
				-13,
				4.533,
				-13,
				1,
				4.8,
				-13,
				5.067,
				-1,
				5.333,
				-1,
				1,
				5.622,
				-1,
				5.911,
				-13,
				6.2,
				-13,
				1,
				6.467,
				-13,
				6.733,
				-1.901,
				7,
				-1,
				1,
				7.333,
				0.127,
				7.667,
				0,
				8,
				0
			]
		},
		{
			"Target": "Parameter",
			"Id": "Param108",
			"Segments": [
				0,
				0,
				1,
				0.456,
				0,
				0.911,
				-13,
				1.367,
				-13,
				1,
				1.633,
				-13,
				1.9,
				1,
				2.167,
				1,
				1,
				2.467,
				1,
				2.767,
				-13,
				3.067,
				-13,
				1,
				3.333,
				-13,
				3.6,
				1,
				3.867,
				1,
				1,
				4.144,
				1,
				4.422,
				-13,
				4.7,
				-13,
				1,
				4.967,
				-13,
				5.233,
				1,
				5.5,
				1,
				1,
				5.789,
				1,
				6.078,
				-13,
				6.367,
				-13,
				1,
				6.633,
				-13,
				6.9,
				1,
				7.167,
				1,
				1,
				7.444,
				1,
				7.722,
				0,
				8,
				0
			]
		},
		{
			"Target": "Parameter",
			"Id": "Param27",
			"Segments": [
				0,
				-5,
				1,
				0.278,
				-5,
				0.556,
				5,
				0.833,
				5,
				1,
				1.1,
				5,
				1.367,
				-5,
				1.633,
				-5,
				1,
				1.911,
				-5,
				2.189,
				5,
				2.467,
				5,
				1,
				2.833,
				5,
				3.2,
				-5,
				3.567,
				-5,
				1,
				3.744,
				-5,
				3.922,
				5,
				4.1,
				5,
				1,
				4.367,
				5,
				4.633,
				-5,
				4.9,
				-5,
				1,
				5.167,
				-5,
				5.433,
				5,
				5.7,
				5,
				1,
				5.967,
				5,
				6.233,
				-5,
				6.5,
				-5,
				1,
				6.756,
				-5,
				7.011,
				5,
				7.267,
				5,
				1,
				7.511,
				5,
				7.756,
				-5,
				8,
				-5
			]
		},
		{
			"Target": "Parameter",
			"Id": "Param28",
			"Segments": [
				0,
				2.052,
				1,
				0.156,
				3.911,
				0.311,
				5,
				0.467,
				5,
				1,
				0.733,
				5,
				1,
				-5,
				1.267,
				-5,
				1,
				1.544,
				-5,
				1.822,
				5,
				2.1,
				5,
				1,
				2.367,
				5,
				2.633,
				-5,
				2.9,
				-5,
				1,
				3.178,
				-5,
				3.456,
				5,
				3.733,
				5,
				1,
				4,
				5,
				4.267,
				-5,
				4.533,
				-5,
				1,
				4.8,
				-5,
				5.067,
				5,
				5.333,
				5,
				1,
				5.6,
				5,
				5.867,
				-5,
				6.133,
				-5,
				1,
				6.389,
				-5,
				6.644,
				5,
				6.9,
				5,
				1,
				7.144,
				5,
				7.389,
				0,
				7.633,
				0,
				1,
				7.756,
				0,
				7.878,
				0.591,
				8,
				2.052
			]
		},
		{
			"Target": "Parameter",
			"Id": "Param31",
			"Segments": [
				0,
				-15,
				1,
				0.278,
				-15,
				0.556,
				15,
				0.833,
				15,
				1,
				1.1,
				15,
				1.367,
				-15,
				1.633,
				-15,
				1,
				1.911,
				-15,
				2.189,
				15,
				2.467,
				15,
				1,
				2.833,
				15,
				3.2,
				-15,
				3.567,
				-15,
				1,
				3.744,
				-15,
				3.922,
				15,
				4.1,
				15,
				1,
				4.367,
				15,
				4.633,
				-15,
				4.9,
				-15,
				1,
				5.167,
				-15,
				5.433,
				15,
				5.7,
				15,
				1,
				5.967,
				15,
				6.233,
				-15,
				6.5,
				-15,
				1,
				6.756,
				-15,
				7.011,
				15,
				7.267,
				15,
				1,
				7.511,
				15,
				7.756,
				-15,
				8,
				-15
			]
		},
		{
			"Target": "Parameter",
			"Id": "Param32",
			"Segments": [
				0,
				-2.69,
				1,
				0.156,
				8.463,
				0.311,
				15,
				0.467,
				15,
				1,
				0.733,
				15,
				1,
				-14,
				1.267,
				-14,
				1,
				1.544,
				-14,
				1.822,
				15,
				2.1,
				15,
				1,
				2.367,
				15,
				2.633,
				-15,
				2.9,
				-15,
				1,
				3.178,
				-15,
				3.456,
				15,
				3.733,
				15,
				1,
				4,
				15,
				4.267,
				-15,
				4.533,
				-15,
				1,
				4.8,
				-15,
				5.067,
				15,
				5.333,
				15,
				1,
				5.6,
				15,
				5.867,
				-15,
				6.133,
				-15,
				1,
				6.389,
				-15,
				6.644,
				15,
				6.9,
				15,
				1,
				7.144,
				15,
				7.389,
				-15,
				7.633,
				-15,
				1,
				7.756,
				-15,
				7.878,
				-11.453,
				8,
				-2.69
			]
		},
		{
			"Target": "Parameter",
			"Id": "Param29",
			"Segments": [
				0,
				-5,
				1,
				0.278,
				-5,
				0.556,
				5,
				0.833,
				5,
				1,
				1.1,
				5,
				1.367,
				-5,
				1.633,
				-5,
				1,
				1.911,
				-5,
				2.189,
				5,
				2.467,
				5,
				1,
				2.833,
				5,
				3.2,
				-5,
				3.567,
				-5,
				1,
				3.744,
				-5,
				3.922,
				5,
				4.1,
				5,
				1,
				4.367,
				5,
				4.633,
				-5,
				4.9,
				-5,
				1,
				5.167,
				-5,
				5.433,
				5,
				5.7,
				5,
				1,
				5.967,
				5,
				6.233,
				-5,
				6.5,
				-5,
				1,
				6.756,
				-5,
				7.011,
				5,
				7.267,
				5,
				1,
				7.511,
				5,
				7.756,
				-5,
				8,
				-5
			]
		},
		{
			"Target": "Parameter",
			"Id": "Param30",
			"Segments": [
				0,
				-2.69,
				1,
				0.156,
				8.463,
				0.311,
				15,
				0.467,
				15,
				1,
				0.733,
				15,
				1,
				-15,
				1.267,
				-15,
				1,
				1.544,
				-15,
				1.822,
				16,
				2.1,
				16,
				1,
				2.367,
				16,
				2.633,
				-14,
				2.9,
				-14,
				1,
				3.178,
				-14,
				3.456,
				15,
				3.733,
				15,
				1,
				4,
				15,
				4.267,
				-15,
				4.533,
				-15,
				1,
				4.8,
				-15,
				5.067,
				15,
				5.333,
				15,
				1,
				5.6,
				15,
				5.867,
				-15,
				6.133,
				-15,
				1,
				6.389,
				-15,
				6.644,
				15,
				6.9,
				15,
				1,
				7.144,
				15,
				7.389,
				-15,
				7.633,
				-15,
				1,
				7.756,
				-15,
				7.878,
				-11.453,
				8,
				-2.69
			]
		},
		{
			"Target": "Parameter",
			"Id": "Param25",
			"Segments": [
				0,
				0,
				1,
				0.278,
				0,
				0.556,
				-1,
				0.833,
				-1,
				1,
				1.1,
				-1,
				1.367,
				1,
				1.633,
				1,
				1,
				1.911,
				1,
				2.189,
				-1,
				2.467,
				-1,
				1,
				2.833,
				-1,
				3.2,
				1,
				3.567,
				1,
				1,
				3.744,
				1,
				3.922,
				-1,
				4.1,
				-1,
				1,
				4.367,
				-1,
				4.633,
				1,
				4.9,
				1,
				1,
				5.167,
				1,
				5.433,
				-1,
				5.7,
				-1,
				1,
				5.967,
				-1,
				6.233,
				1,
				6.5,
				1,
				1,
				6.756,
				1,
				7.011,
				-1,
				7.267,
				-1,
				1,
				7.511,
				-1,
				7.756,
				1,
				8,
				1
			]
		},
		{
			"Target": "Parameter",
			"Id": "Param26",
			"Segments": [
				0,
				0,
				1,
				2.667,
				0,
				5.333,
				0,
				8,
				0
			]
		},
		{
			"Target": "Parameter",
			"Id": "Param19",
			"Segments": [
				0,
				2,
				1,
				0.278,
				2,
				0.556,
				-1,
				0.833,
				-1,
				1,
				1.1,
				-1,
				1.367,
				2,
				1.633,
				2,
				1,
				1.911,
				2,
				2.189,
				-1,
				2.467,
				-1,
				1,
				2.833,
				-1,
				3.2,
				2,
				3.567,
				2,
				1,
				3.744,
				2,
				3.922,
				-1,
				4.1,
				-1,
				1,
				4.367,
				-1,
				4.633,
				2,
				4.9,
				2,
				1,
				5.167,
				2,
				5.433,
				-1,
				5.7,
				-1,
				1,
				5.967,
				-1,
				6.233,
				2,
				6.5,
				2,
				1,
				6.756,
				2,
				7.011,
				-1,
				7.267,
				-1,
				1,
				7.511,
				-1,
				7.756,
				2,
				8,
				2
			]
		},
		{
			"Target": "Parameter",
			"Id": "Param20",
			"Segments": [
				0,
				-0.41,
				1,
				0.144,
				-1.45,
				0.289,
				-2,
				0.433,
				-2,
				1,
				0.7,
				-2,
				0.967,
				1,
				1.233,
				1,
				1,
				1.511,
				1,
				1.789,
				-2,
				2.067,
				-2,
				1,
				2.333,
				-2,
				2.6,
				1,
				2.867,
				1,
				1,
				3.144,
				1,
				3.422,
				-2,
				3.7,
				-2,
				1,
				3.967,
				-2,
				4.233,
				1,
				4.5,
				1,
				1,
				4.767,
				1,
				5.033,
				-2,
				5.3,
				-2,
				1,
				5.567,
				-2,
				5.833,
				1,
				6.1,
				1,
				1,
				6.356,
				1,
				6.611,
				-2,
				6.867,
				-2,
				1,
				7.111,
				-2,
				7.356,
				1,
				7.6,
				1,
				1,
				7.733,
				1,
				7.867,
				0.55,
				8,
				-0.41
			]
		},
		{
			"Target": "Parameter",
			"Id": "Param21",
			"Segments": [
				0,
				0,
				1,
				2.667,
				0,
				5.333,
				0,
				8,
				0
			]
		},
		{
			"Target": "Parameter",
			"Id": "Param23",
			"Segments": [
				0,
				0,
				1,
				2.667,
				0,
				5.333,
				0,
				8,
				0
			]
		},
		{
			"Target": "Parameter",
			"Id": "Param22",
			"Segments": [
				0,
				0,
				1,
				2.667,
				0,
				5.333,
				0,
				8,
				0
			]
		},
		{
			"Target": "Parameter",
			"Id": "Param24",
			"Segments": [
				0,
				0,
				1,
				2.667,
				0,
				5.333,
				0,
				8,
				0
			]
		},
		{
			"Target": "Parameter",
			"Id": "Param71",
			"Segments": [
				0,
				10,
				1,
				2.667,
				10,
				5.333,
				10,
				8,
				10
			]
		},
		{
			"Target": "Parameter",
			"Id": "Param72",
			"Segments": [
				0,
				0,
				1,
				2.667,
				0,
				5.333,
				0,
				8,
				0
			]
		},
		{
			"Target": "Parameter",
			"Id": "Param104",
			"Segments": [
				0,
				0,
				1,
				2.667,
				0,
				5.333,
				0,
				8,
				0
			]
		},
		{
			"Target": "Parameter",
			"Id": "Param99",
			"Segments": [
				0,
				0,
				1,
				2.667,
				0,
				5.333,
				0,
				8,
				0
			]
		},
		{
			"Target": "Parameter",
			"Id": "Param100",
			"Segments": [
				0,
				0,
				1,
				2.667,
				0,
				5.333,
				0,
				8,
				0
			]
		},
		{
			"Target": "Parameter",
			"Id": "Param73",
			"Segments": [
				0,
				0,
				1,
				2.667,
				0,
				5.333,
				0,
				8,
				0
			]
		},
		{
			"Target": "Parameter",
			"Id": "Param101",
			"Segments": [
				0,
				0,
				1,
				2.667,
				0,
				5.333,
				0,
				8,
				0
			]
		},
		{
			"Target": "Parameter",
			"Id": "Param102",
			"Segments": [
				0,
				0,
				1,
				2.667,
				0,
				5.333,
				0,
				8,
				0
			]
		},
		{
			"Target": "Parameter",
			"Id": "Param103",
			"Segments": [
				0,
				0,
				1,
				2.667,
				0,
				5.333,
				0,
				8,
				0
			]
		},
		{
			"Target": "Parameter",
			"Id": "Param75",
			"Segments": [
				0,
				10,
				1,
				0.544,
				10,
				1.089,
				10,
				1.633,
				10,
				1,
				1.778,
				10,
				1.922,
				0,
				2.067,
				0,
				1,
				3.289,
				0,
				4.511,
				0,
				5.733,
				0,
				1,
				5.889,
				0,
				6.044,
				10,
				6.2,
				10,
				1,
				6.8,
				10,
				7.4,
				10,
				8,
				10
			]
		},
		{
			"Target": "Parameter",
			"Id": "Param97",
			"Segments": [
				0,
				0,
				1,
				0.778,
				0,
				1.556,
				0,
				2.333,
				0,
				1,
				2.389,
				0,
				2.444,
				-10,
				2.5,
				-10,
				1,
				2.556,
				-10,
				2.611,
				10,
				2.667,
				10,
				1,
				2.722,
				10,
				2.778,
				-10,
				2.833,
				-10,
				1,
				2.889,
				-10,
				2.944,
				10,
				3,
				10,
				1,
				3.056,
				10,
				3.111,
				-10,
				3.167,
				-10,
				1,
				3.222,
				-10,
				3.278,
				10,
				3.333,
				10,
				1,
				3.389,
				10,
				3.444,
				-10,
				3.5,
				-10,
				1,
				3.556,
				-10,
				3.611,
				10,
				3.667,
				10,
				1,
				3.722,
				10,
				3.778,
				-10,
				3.833,
				-10,
				1,
				3.889,
				-10,
				3.944,
				0,
				4,
				0,
				1,
				4.056,
				0,
				4.111,
				-10,
				4.167,
				-10,
				1,
				4.222,
				-10,
				4.278,
				0,
				4.333,
				0,
				1,
				5.556,
				0,
				6.778,
				0,
				8,
				0
			]
		},
		{
			"Target": "Parameter",
			"Id": "Param74",
			"Segments": [
				0,
				1,
				1,
				0.544,
				1,
				1.089,
				1,
				1.633,
				1,
				1,
				3.756,
				1,
				5.878,
				1,
				8,
				1
			]
		},
		{
			"Target": "Parameter",
			"Id": "Param66",
			"Segments": [
				0,
				-1,
				1,
				2.667,
				-1,
				5.333,
				-1,
				8,
				-1
			]
		},
		{
			"Target": "Parameter",
			"Id": "Param67",
			"Segments": [
				0,
				0,
				1,
				2.667,
				0,
				5.333,
				0,
				8,
				0
			]
		},
		{
			"Target": "Parameter",
			"Id": "Param68",
			"Segments": [
				0,
				0,
				1,
				2.667,
				0,
				5.333,
				0,
				8,
				0
			]
		},
		{
			"Target": "Parameter",
			"Id": "Param98",
			"Segments": [
				0,
				0,
				1,
				2.667,
				0,
				5.333,
				0,
				8,
				0
			]
		},
		{
			"Target": "Parameter",
			"Id": "Param92",
			"Segments": [
				0,
				2,
				1,
				0.6,
				2,
				1.2,
				-3,
				1.8,
				-3,
				1,
				2.5,
				-3,
				3.2,
				2,
				3.9,
				2,
				1,
				4.578,
				2,
				5.256,
				-3,
				5.933,
				-3,
				1,
				6.622,
				-3,
				7.311,
				2,
				8,
				2
			]
		},
		{
			"Target": "Parameter",
			"Id": "Param94",
			"Segments": [
				0,
				2,
				1,
				0.689,
				2,
				1.378,
				-2,
				2.067,
				-2,
				1,
				2.767,
				-2,
				3.467,
				2,
				4.167,
				2,
				1,
				4.878,
				2,
				5.589,
				-1.995,
				6.3,
				-1.995,
				1,
				6.867,
				-1.995,
				7.433,
				2,
				8,
				2
			]
		},
		{
			"Target": "Parameter",
			"Id": "Param96",
			"Segments": [
				0,
				2,
				1,
				0.522,
				2,
				1.044,
				-2,
				1.567,
				-2,
				1,
				2.289,
				-2,
				3.011,
				2,
				3.733,
				2,
				1,
				4.433,
				2,
				5.133,
				-2,
				5.833,
				-2,
				1,
				6.556,
				-2,
				7.278,
				2,
				8,
				2
			]
		},
		{
			"Target": "Parameter",
			"Id": "Param33",
			"Segments": [
				0,
				0,
				1,
				2.667,
				0,
				5.333,
				0,
				8,
				0
			]
		},
		{
			"Target": "Parameter",
			"Id": "Param34",
			"Segments": [
				0,
				4,
				1,
				0.444,
				4,
				0.889,
				-4,
				1.333,
				-4,
				1,
				1.767,
				-4,
				2.2,
				4,
				2.633,
				4,
				1,
				3.078,
				4,
				3.522,
				-4,
				3.967,
				-4,
				1,
				4.4,
				-4,
				4.833,
				4,
				5.267,
				4,
				1,
				5.7,
				4,
				6.133,
				-4,
				6.567,
				-4,
				1,
				7.044,
				-4,
				7.522,
				4,
				8,
				4
			]
		},
		{
			"Target": "Parameter",
			"Id": "Param110",
			"Segments": [
				0,
				0,
				1,
				2.667,
				0,
				5.333,
				0,
				8,
				0
			]
		},
		{
			"Target": "Parameter",
			"Id": "Param111",
			"Segments": [
				0,
				0,
				1,
				0.522,
				0,
				1.044,
				-14,
				1.567,
				-14,
				1,
				2.022,
				-14,
				2.478,
				6,
				2.933,
				6,
				1,
				3.344,
				6,
				3.756,
				-11,
				4.167,
				-11,
				1,
				4.622,
				-11,
				5.078,
				8.988,
				5.533,
				8.988,
				1,
				5.967,
				8.988,
				6.4,
				-8,
				6.833,
				-8,
				1,
				7.222,
				-8,
				7.611,
				0,
				8,
				0
			]
		}
	]
}