{
	"Version": 3,
	"Meta": {
		"Duration": 6,
		"Fps": 30.0,
		"Loop": true,
		"AreBeziersRestricted": true,
		"CurveCount": 129,
		"TotalSegmentCount": 709,
		"TotalPointCount": 2174,
		"UserDataCount": 0,
		"TotalUserDataSize": 0
	},
	"Curves": [
		{
			"Target": "Parameter",
			"Id": "ParamBodyAngleX",
			"Segments": [
				0,
				0,
				1,
				0.589,
				-2.934,
				1.178,
				-5,
				1.767,
				-5,
				1,
				2.444,
				-5,
				3.122,
				5,
				3.8,
				5,
				1,
				4.533,
				5,
				5.267,
				3.653,
				6,
				0
			]
		},
		{
			"Target": "Parameter",
			"Id": "ParamBodyAngleZ",
			"Segments": [
				0,
				4,
				1,
				0.422,
				4,
				0.844,
				2,
				1.267,
				2,
				1,
				1.733,
				2,
				2.2,
				5,
				2.667,
				5,
				1,
				3.233,
				5,
				3.8,
				2,
				4.367,
				2,
				1,
				4.911,
				2,
				5.456,
				4,
				6,
				4
			]
		},
		{
			"Target": "Parameter",
			"Id": "Param172",
			"Segments": [
				0,
				0,
				1,
				0.5,
				0,
				1,
				0,
				1.5,
				0,
				1,
				2,
				0,
				2.5,
				0,
				3,
				0,
				1,
				3.5,
				0,
				4,
				0,
				4.5,
				0,
				1,
				5,
				0,
				5.5,
				0,
				6,
				0
			]
		},
		{
			"Target": "Parameter",
			"Id": "Param173",
			"Segments": [
				0,
				6,
				1,
				0.5,
				6,
				1,
				0,
				1.5,
				0,
				1,
				2,
				0,
				2.5,
				6,
				3,
				6,
				1,
				3.5,
				6,
				4,
				0,
				4.5,
				0,
				1,
				5,
				0,
				5.5,
				6,
				6,
				6
			]
		},
		{
			"Target": "Parameter",
			"Id": "ParamBreath",
			"Segments": [
				0,
				0,
				1,
				0.5,
				0,
				1,
				1,
				1.5,
				1,
				1,
				2,
				1,
				2.5,
				0,
				3,
				0,
				1,
				3.5,
				0,
				4,
				1,
				4.5,
				1,
				1,
				5,
				1,
				5.5,
				0,
				6,
				0
			]
		},
		{
			"Target": "Parameter",
			"Id": "ParamAngleX",
			"Segments": [
				0,
				2.019,
				1,
				0.111,
				0.79,
				0.222,
				0,
				0.333,
				0,
				1,
				0.833,
				0,
				1.333,
				16,
				1.833,
				16,
				1,
				2.333,
				16,
				2.833,
				-2,
				3.333,
				-2,
				1,
				3.833,
				-2,
				4.333,
				16,
				4.833,
				16,
				1,
				5.222,
				16,
				5.611,
				6.321,
				6,
				2.019
			]
		},
		{
			"Target": "Parameter",
			"Id": "ParamAngleY",
			"Segments": [
				0,
				-0.757,
				1,
				0.111,
				-0.296,
				0.222,
				0,
				0.333,
				0,
				1,
				0.833,
				0,
				1.333,
				-18,
				1.833,
				-18,
				1,
				2.333,
				-18,
				2.833,
				12,
				3.333,
				12,
				1,
				3.833,
				12,
				4.333,
				-6,
				4.833,
				-6,
				1,
				5.222,
				-6,
				5.611,
				-2.37,
				6,
				-0.757
			]
		},
		{
			"Target": "Parameter",
			"Id": "ParamAngleZ",
			"Segments": [
				0,
				-2.137,
				1,
				0.056,
				-2.049,
				0.111,
				-2,
				0.167,
				-2,
				1,
				0.667,
				-2,
				1.167,
				-6,
				1.667,
				-6,
				1,
				2.167,
				-6,
				2.667,
				2,
				3.167,
				2,
				1,
				3.667,
				2,
				4.167,
				-6,
				4.667,
				-6,
				1,
				5.111,
				-6,
				5.556,
				-2.839,
				6,
				-2.137
			]
		},
		{
			"Target": "Parameter",
			"Id": "ParamBrowLY",
			"Segments": [
				0,
				0,
				0,
				6,
				0
			]
		},
		{
			"Target": "Parameter",
			"Id": "ParamBrowLX",
			"Segments": [
				0,
				0,
				0,
				6,
				0
			]
		},
		{
			"Target": "Parameter",
			"Id": "ParamBrowLAngle",
			"Segments": [
				0,
				0,
				0,
				6,
				0
			]
		},
		{
			"Target": "Parameter",
			"Id": "ParamBrowLForm",
			"Segments": [
				0,
				0,
				0,
				6,
				0
			]
		},
		{
			"Target": "Parameter",
			"Id": "ParamBrowRY",
			"Segments": [
				0,
				0,
				0,
				6,
				0
			]
		},
		{
			"Target": "Parameter",
			"Id": "ParamBrowRX",
			"Segments": [
				0,
				0,
				0,
				6,
				0
			]
		},
		{
			"Target": "Parameter",
			"Id": "ParamBrowRAngle",
			"Segments": [
				0,
				0,
				0,
				6,
				0
			]
		},
		{
			"Target": "Parameter",
			"Id": "ParamBrowRForm",
			"Segments": [
				0,
				0,
				0,
				6,
				0
			]
		},
		{
			"Target": "Parameter",
			"Id": "ParamEyeLOpen",
			"Segments": [
				0,
				1,
				1,
				0.644,
				1,
				1.289,
				1,
				1.933,
				1,
				1,
				2.067,
				1,
				2.2,
				-0.5,
				2.333,
				-0.5,
				1,
				2.467,
				-0.5,
				2.6,
				1,
				2.733,
				1,
				1,
				3.822,
				1,
				4.911,
				1,
				6,
				1
			]
		},
		{
			"Target": "Parameter",
			"Id": "Param74",
			"Segments": [
				0,
				0,
				0,
				6,
				0
			]
		},
		{
			"Target": "Parameter",
			"Id": "Param73",
			"Segments": [
				0,
				0,
				0,
				6,
				0
			]
		},
		{
			"Target": "Parameter",
			"Id": "Param72",
			"Segments": [
				0,
				0,
				0,
				6,
				0
			]
		},
		{
			"Target": "Parameter",
			"Id": "ParamEyeROpen",
			"Segments": [
				0,
				1,
				1,
				0.644,
				1,
				1.289,
				1,
				1.933,
				1,
				1,
				2.067,
				1,
				2.2,
				-0.5,
				2.333,
				-0.5,
				1,
				2.467,
				-0.5,
				2.6,
				1,
				2.733,
				1,
				1,
				3.822,
				1,
				4.911,
				1,
				6,
				1
			]
		},
		{
			"Target": "Parameter",
			"Id": "Param76",
			"Segments": [
				0,
				0,
				0,
				6,
				0
			]
		},
		{
			"Target": "Parameter",
			"Id": "Param75",
			"Segments": [
				0,
				0,
				0,
				6,
				0
			]
		},
		{
			"Target": "Parameter",
			"Id": "Param77",
			"Segments": [
				0,
				0,
				0,
				6,
				0
			]
		},
		{
			"Target": "Parameter",
			"Id": "ParamEyeBallX",
			"Segments": [
				0,
				0,
				0,
				1.167,
				0,
				0,
				1.967,
				0.1,
				0,
				2.367,
				0,
				0,
				2.767,
				0.2,
				0,
				6,
				0
			]
		},
		{
			"Target": "Parameter",
			"Id": "ParamEyeBallY",
			"Segments": [
				0,
				0,
				0,
				1.167,
				-0.2,
				0,
				1.967,
				0.3,
				0,
				2.367,
				-1,
				0,
				2.767,
				0.1,
				0,
				6,
				0
			]
		},
		{
			"Target": "Parameter",
			"Id": "ParamCheek",
			"Segments": [
				0,
				0,
				0,
				6,
				0
			]
		},
		{
			"Target": "Parameter",
			"Id": "Param78",
			"Segments": [
				0,
				0,
				0,
				6,
				0
			]
		},
		{
			"Target": "Parameter",
			"Id": "Param79",
			"Segments": [
				0,
				0,
				0,
				6,
				0
			]
		},
		{
			"Target": "Parameter",
			"Id": "ParamMouthOpenY",
			"Segments": [
				0,
				0,
				1,
				0.656,
				0,
				1.311,
				0,
				1.967,
				0,
				1,
				2.2,
				0,
				2.433,
				1,
				2.667,
				1,
				1,
				3.056,
				1,
				3.444,
				0,
				3.833,
				0,
				1,
				4.556,
				0,
				5.278,
				0,
				6,
				0
			]
		},
		{
			"Target": "Parameter",
			"Id": "ParamMouthForm",
			"Segments": [
				0,
				1,
				0,
				6,
				1
			]
		},
		{
			"Target": "Parameter",
			"Id": "Param80",
			"Segments": [
				0,
				1,
				0,
				6,
				1
			]
		},
		{
			"Target": "Parameter",
			"Id": "Param",
			"Segments": [
				0,
				0.264,
				1,
				0.167,
				0.397,
				0.333,
				0.497,
				0.5,
				0.497,
				1,
				1,
				0.497,
				1.5,
				-0.401,
				2,
				-0.401,
				1,
				2.5,
				-0.401,
				3,
				0.497,
				3.5,
				0.497,
				1,
				4,
				0.497,
				4.5,
				-0.401,
				5,
				-0.401,
				1,
				5.333,
				-0.401,
				5.667,
				-0.002,
				6,
				0.264
			]
		},
		{
			"Target": "Parameter",
			"Id": "Param2",
			"Segments": [
				0,
				-0.353,
				1,
				0.122,
				-0.141,
				0.244,
				0,
				0.367,
				0,
				1,
				0.867,
				0,
				1.367,
				-2.356,
				1.867,
				-2.356,
				1,
				2.367,
				-2.356,
				2.867,
				0,
				3.367,
				0,
				1,
				3.867,
				0,
				4.367,
				-2.356,
				4.867,
				-2.356,
				1,
				5.244,
				-2.356,
				5.622,
				-1.011,
				6,
				-0.353
			]
		},
		{
			"Target": "Parameter",
			"Id": "Param3",
			"Segments": [
				0,
				1.079,
				1,
				0.078,
				1.657,
				0.156,
				2,
				0.233,
				2,
				1,
				0.733,
				2,
				1.233,
				-12.163,
				1.733,
				-12.163,
				1,
				2.233,
				-12.163,
				2.733,
				2,
				3.233,
				2,
				1,
				3.733,
				2,
				4.233,
				-12.163,
				4.733,
				-12.163,
				1,
				5.156,
				-12.163,
				5.578,
				-2.064,
				6,
				1.079
			]
		},
		{
			"Target": "Parameter",
			"Id": "Param4",
			"Segments": [
				0,
				-4.815,
				1,
				0.167,
				-7.778,
				0.333,
				-10,
				0.5,
				-10,
				1,
				1,
				-10,
				1.5,
				10,
				2,
				10,
				1,
				2.5,
				10,
				3,
				-10,
				3.5,
				-10,
				1,
				4,
				-10,
				4.5,
				10,
				5,
				10,
				1,
				5.333,
				10,
				5.667,
				1.111,
				6,
				-4.815
			]
		},
		{
			"Target": "Parameter",
			"Id": "Param30",
			"Segments": [
				0,
				0,
				1,
				0.5,
				0,
				1,
				1,
				1.5,
				1,
				1,
				2,
				1,
				2.5,
				0,
				3,
				0,
				1,
				3.5,
				0,
				4,
				1,
				4.5,
				1,
				1,
				5,
				1,
				5.5,
				0,
				6,
				0
			]
		},
		{
			"Target": "Parameter",
			"Id": "Param5",
			"Segments": [
				0,
				20,
				1,
				0.533,
				20,
				1.067,
				19.93,
				1.6,
				19,
				1,
				1.822,
				18.612,
				2.044,
				0,
				2.267,
				0,
				1,
				2.289,
				0,
				2.311,
				0,
				2.333,
				0,
				1,
				2.456,
				0,
				2.578,
				2.282,
				2.7,
				3,
				1,
				2.8,
				3.588,
				2.9,
				2.91,
				3,
				4,
				1,
				3.444,
				8.844,
				3.889,
				20,
				4.333,
				20,
				1,
				4.667,
				20,
				5,
				19,
				5.333,
				19,
				1,
				5.556,
				19,
				5.778,
				20,
				6,
				20
			]
		},
		{
			"Target": "Parameter",
			"Id": "Param6",
			"Segments": [
				0,
				-20,
				1,
				0.533,
				-20,
				1.067,
				-19.932,
				1.6,
				-19,
				1,
				1.822,
				-18.612,
				2.044,
				7,
				2.267,
				7,
				1,
				2.289,
				7,
				2.311,
				7,
				2.333,
				7,
				1,
				2.456,
				7,
				2.578,
				0.797,
				2.7,
				0,
				1,
				2.8,
				-0.652,
				2.9,
				0.149,
				3,
				-1,
				1,
				3.444,
				-6.106,
				3.889,
				-20,
				4.333,
				-20,
				1,
				4.667,
				-20,
				5,
				-18,
				5.333,
				-18,
				1,
				5.556,
				-18,
				5.778,
				-20,
				6,
				-20
			]
		},
		{
			"Target": "Parameter",
			"Id": "Param9",
			"Segments": [
				0,
				0,
				1,
				0.189,
				0,
				0.378,
				0,
				0.567,
				0,
				1,
				2.378,
				0,
				4.189,
				0,
				6,
				0
			]
		},
		{
			"Target": "Parameter",
			"Id": "Param8",
			"Segments": [
				0,
				0,
				1,
				0.189,
				0,
				0.378,
				0,
				0.567,
				0,
				1,
				2.378,
				0,
				4.189,
				0,
				6,
				0
			]
		},
		{
			"Target": "Parameter",
			"Id": "Param7",
			"Segments": [
				0,
				5.364,
				1,
				0.189,
				2.312,
				0.378,
				0,
				0.567,
				0,
				1,
				1.011,
				0,
				1.456,
				0,
				1.9,
				0,
				1,
				2.044,
				0,
				2.189,
				10,
				2.333,
				10,
				1,
				2.522,
				10,
				2.711,
				4.468,
				2.9,
				4,
				1,
				3.933,
				1.442,
				4.967,
				0.35,
				6,
				0.074
			]
		},
		{
			"Target": "Parameter",
			"Id": "Param10",
			"Segments": [
				0,
				0,
				1,
				0.189,
				0,
				0.378,
				0,
				0.567,
				0,
				1,
				2.378,
				0,
				4.189,
				0,
				6,
				0
			]
		},
		{
			"Target": "Parameter",
			"Id": "Param11",
			"Segments": [
				0,
				0,
				1,
				0.189,
				0,
				0.378,
				0,
				0.567,
				0,
				1,
				2.378,
				0,
				4.189,
				0,
				6,
				0
			]
		},
		{
			"Target": "Parameter",
			"Id": "Param12",
			"Segments": [
				0,
				-2.126,
				1,
				0.189,
				-0.915,
				0.378,
				0,
				0.567,
				0,
				1,
				2.378,
				0,
				4.189,
				0,
				6,
				0
			]
		},
		{
			"Target": "Parameter",
			"Id": "Param13",
			"Segments": [
				0,
				2.146,
				1,
				0.189,
				0.925,
				0.378,
				0,
				0.567,
				0,
				1,
				2.378,
				0,
				4.189,
				0,
				6,
				0
			]
		},
		{
			"Target": "Parameter",
			"Id": "Param14",
			"Segments": [
				0,
				2.682,
				1,
				0.189,
				1.156,
				0.378,
				0,
				0.567,
				0,
				1,
				2.378,
				0,
				4.189,
				0,
				6,
				0
			]
		},
		{
			"Target": "Parameter",
			"Id": "Param15",
			"Segments": [
				0,
				-1.3,
				1,
				0.167,
				-0.561,
				0.333,
				-0.007,
				0.5,
				-0.007,
				1,
				1,
				-0.007,
				1.5,
				-4.993,
				2,
				-4.993,
				1,
				2.5,
				-4.993,
				3,
				-0.007,
				3.5,
				-0.007,
				1,
				4,
				-0.007,
				4.5,
				-4.993,
				5,
				-4.993,
				1,
				5.333,
				-4.993,
				5.667,
				-2.777,
				6,
				-1.3
			]
		},
		{
			"Target": "Parameter",
			"Id": "Param16",
			"Segments": [
				0,
				-2.086,
				1,
				0.222,
				-0.992,
				0.444,
				-0.007,
				0.667,
				-0.007,
				1,
				1.167,
				-0.007,
				1.667,
				-4.993,
				2.167,
				-4.993,
				1,
				2.667,
				-4.993,
				3.167,
				-0.007,
				3.667,
				-0.007,
				1,
				4.167,
				-0.007,
				4.667,
				-4.993,
				5.167,
				-4.993,
				1,
				5.444,
				-4.993,
				5.722,
				-3.454,
				6,
				-2.086
			]
		},
		{
			"Target": "Parameter",
			"Id": "Param17",
			"Segments": [
				0,
				-5.825,
				1,
				0.278,
				-3.098,
				0.556,
				-0.029,
				0.833,
				-0.029,
				1,
				1.333,
				-0.029,
				1.833,
				-9.971,
				2.333,
				-9.971,
				1,
				2.833,
				-9.971,
				3.333,
				-0.029,
				3.833,
				-0.029,
				1,
				4.333,
				-0.029,
				4.833,
				-9.971,
				5.333,
				-9.971,
				1,
				5.556,
				-9.971,
				5.778,
				-8.007,
				6,
				-5.825
			]
		},
		{
			"Target": "Parameter",
			"Id": "Param21",
			"Segments": [
				0,
				1.775,
				1,
				0.2,
				0.834,
				0.4,
				0.051,
				0.6,
				0.051,
				1,
				1.1,
				0.051,
				1.6,
				4.949,
				2.1,
				4.949,
				1,
				2.6,
				4.949,
				3.1,
				0.051,
				3.6,
				0.051,
				1,
				4.1,
				0.051,
				4.6,
				4.949,
				5.1,
				4.949,
				1,
				5.4,
				4.949,
				5.7,
				3.186,
				6,
				1.775
			]
		},
		{
			"Target": "Parameter",
			"Id": "Param18",
			"Segments": [
				0,
				-0.325,
				1,
				0.078,
				-0.121,
				0.156,
				0,
				0.233,
				0,
				1,
				0.733,
				0,
				1.233,
				-5,
				1.733,
				-5,
				1,
				2.233,
				-5,
				2.733,
				0,
				3.233,
				0,
				1,
				3.733,
				0,
				4.233,
				-5,
				4.733,
				-5,
				1,
				5.156,
				-5,
				5.578,
				-1.435,
				6,
				-0.325
			]
		},
		{
			"Target": "Parameter",
			"Id": "Param19",
			"Segments": [
				0,
				-0.877,
				1,
				0.133,
				-0.356,
				0.267,
				0,
				0.4,
				0,
				1,
				0.9,
				0,
				1.4,
				-5,
				1.9,
				-5,
				1,
				2.4,
				-5,
				2.9,
				0,
				3.4,
				0,
				1,
				3.9,
				0,
				4.4,
				-5,
				4.9,
				-5,
				1,
				5.267,
				-5,
				5.633,
				-2.311,
				6,
				-0.877
			]
		},
		{
			"Target": "Parameter",
			"Id": "Param20",
			"Segments": [
				0,
				-3.52,
				1,
				0.2,
				-1.6,
				0.4,
				0,
				0.6,
				0,
				1,
				1.1,
				0,
				1.6,
				-10,
				2.1,
				-10,
				1,
				2.6,
				-10,
				3.1,
				0,
				3.6,
				0,
				1,
				4.1,
				0,
				4.6,
				-10,
				5.1,
				-10,
				1,
				5.4,
				-10,
				5.7,
				-6.4,
				6,
				-3.52
			]
		},
		{
			"Target": "Parameter",
			"Id": "Param35",
			"Segments": [
				0,
				0,
				1,
				0.244,
				-6.515,
				0.489,
				-10,
				0.733,
				-10,
				1,
				0.989,
				-10,
				1.244,
				-6.811,
				1.5,
				0,
				1,
				1.744,
				6.515,
				1.989,
				10,
				2.233,
				10,
				1,
				2.489,
				10,
				2.744,
				6.811,
				3,
				0,
				1,
				3.244,
				-6.515,
				3.489,
				-10,
				3.733,
				-10,
				1,
				3.989,
				-10,
				4.244,
				-6.811,
				4.5,
				0,
				1,
				4.744,
				6.515,
				4.989,
				10,
				5.233,
				10,
				1,
				5.489,
				10,
				5.744,
				6.811,
				6,
				0
			]
		},
		{
			"Target": "Parameter",
			"Id": "Param174",
			"Segments": [
				0,
				9.982,
				1,
				0.244,
				9.982,
				0.489,
				7.353,
				0.733,
				0.878,
				1,
				0.989,
				-5.891,
				1.244,
				-9.982,
				1.5,
				-9.982,
				1,
				1.744,
				-9.982,
				1.989,
				-7.353,
				2.233,
				-0.878,
				1,
				2.489,
				5.891,
				2.744,
				9.982,
				3,
				9.982,
				1,
				3.244,
				9.982,
				3.489,
				7.353,
				3.733,
				0.878,
				1,
				3.989,
				-5.891,
				4.244,
				-9.982,
				4.5,
				-9.982,
				1,
				4.744,
				-9.982,
				4.989,
				-7.353,
				5.233,
				-0.878,
				1,
				5.489,
				5.891,
				5.744,
				9.982,
				6,
				9.982
			]
		},
		{
			"Target": "Parameter",
			"Id": "Param25",
			"Segments": [
				0,
				0,
				1,
				0.244,
				-3.258,
				0.489,
				-5,
				0.733,
				-5,
				1,
				0.989,
				-5,
				1.244,
				-3.406,
				1.5,
				0,
				1,
				1.744,
				3.258,
				1.989,
				5,
				2.233,
				5,
				1,
				2.489,
				5,
				2.744,
				3.406,
				3,
				0,
				1,
				3.244,
				-3.258,
				3.489,
				-5,
				3.733,
				-5,
				1,
				3.989,
				-5,
				4.244,
				-3.406,
				4.5,
				0,
				1,
				4.744,
				3.258,
				4.989,
				5,
				5.233,
				5,
				1,
				5.489,
				5,
				5.744,
				3.406,
				6,
				0
			]
		},
		{
			"Target": "Parameter",
			"Id": "Param28",
			"Segments": [
				0,
				5,
				1,
				0.244,
				5,
				0.489,
				3.258,
				0.733,
				0,
				1,
				0.989,
				-3.406,
				1.244,
				-5,
				1.5,
				-5,
				1,
				1.744,
				-5,
				1.989,
				-3.258,
				2.233,
				0,
				1,
				2.489,
				3.406,
				2.744,
				5,
				3,
				5,
				1,
				3.244,
				5,
				3.489,
				3.258,
				3.733,
				0,
				1,
				3.989,
				-3.406,
				4.244,
				-5,
				4.5,
				-5,
				1,
				4.744,
				-5,
				4.989,
				-3.258,
				5.233,
				0,
				1,
				5.489,
				3.406,
				5.744,
				5,
				6,
				5
			]
		},
		{
			"Target": "Parameter",
			"Id": "Param29",
			"Segments": [
				0,
				3.179,
				1,
				0.1,
				2.388,
				0.2,
				1.333,
				0.3,
				0,
				1,
				0.544,
				-3.258,
				0.789,
				-5,
				1.033,
				-5,
				1,
				1.289,
				-5,
				1.544,
				-3.406,
				1.8,
				0,
				1,
				2.044,
				3.258,
				2.289,
				5,
				2.533,
				5,
				1,
				2.789,
				5,
				3.044,
				3.406,
				3.3,
				0,
				1,
				3.544,
				-3.258,
				3.789,
				-5,
				4.033,
				-5,
				1,
				4.289,
				-5,
				4.544,
				-3.406,
				4.8,
				0,
				1,
				5.044,
				3.258,
				5.289,
				5,
				5.533,
				5,
				1,
				5.689,
				5,
				5.844,
				4.409,
				6,
				3.179
			]
		},
		{
			"Target": "Parameter",
			"Id": "Param109",
			"Segments": [
				0,
				4.255,
				1,
				0.1,
				4.756,
				0.2,
				5,
				0.3,
				5,
				1,
				0.544,
				5,
				0.789,
				3.258,
				1.033,
				0,
				1,
				1.289,
				-3.406,
				1.544,
				-5,
				1.8,
				-5,
				1,
				2.044,
				-5,
				2.289,
				-3.258,
				2.533,
				0,
				1,
				2.789,
				3.406,
				3.044,
				5,
				3.3,
				5,
				1,
				3.544,
				5,
				3.789,
				3.258,
				4.033,
				0,
				1,
				4.289,
				-3.406,
				4.544,
				-5,
				4.8,
				-5,
				1,
				5.044,
				-5,
				5.289,
				-3.258,
				5.533,
				0,
				1,
				5.689,
				2.073,
				5.844,
				3.475,
				6,
				4.255
			]
		},
		{
			"Target": "Parameter",
			"Id": "Param110",
			"Segments": [
				0,
				3.166,
				1,
				0.1,
				2.378,
				0.2,
				1.326,
				0.3,
				-0.002,
				1,
				0.544,
				-3.248,
				0.789,
				-4.982,
				1.033,
				-4.982,
				1,
				1.289,
				-4.982,
				1.544,
				-3.392,
				1.8,
				0.002,
				1,
				2.044,
				3.248,
				2.289,
				4.982,
				2.533,
				4.982,
				1,
				2.789,
				4.982,
				3.044,
				3.392,
				3.3,
				-0.002,
				1,
				3.544,
				-3.248,
				3.789,
				-4.982,
				4.033,
				-4.982,
				1,
				4.289,
				-4.982,
				4.544,
				-3.392,
				4.8,
				0.002,
				1,
				5.044,
				3.248,
				5.289,
				4.982,
				5.533,
				4.982,
				1,
				5.689,
				4.982,
				5.844,
				4.393,
				6,
				3.166
			]
		},
		{
			"Target": "Parameter",
			"Id": "Param111",
			"Segments": [
				0,
				4.255,
				1,
				0.1,
				4.756,
				0.2,
				5,
				0.3,
				5,
				1,
				0.544,
				5,
				0.789,
				3.258,
				1.033,
				0,
				1,
				1.289,
				-3.406,
				1.544,
				-5,
				1.8,
				-5,
				1,
				2.044,
				-5,
				2.289,
				-3.258,
				2.533,
				0,
				1,
				2.789,
				3.406,
				3.044,
				5,
				3.3,
				5,
				1,
				3.544,
				5,
				3.789,
				3.258,
				4.033,
				0,
				1,
				4.289,
				-3.406,
				4.544,
				-5,
				4.8,
				-5,
				1,
				5.044,
				-5,
				5.289,
				-3.258,
				5.533,
				0,
				1,
				5.689,
				2.073,
				5.844,
				3.475,
				6,
				4.255
			]
		},
		{
			"Target": "Parameter",
			"Id": "Param194",
			"Segments": [
				0,
				3.433,
				1,
				0.111,
				2.619,
				0.222,
				1.481,
				0.333,
				0,
				1,
				0.578,
				-3.258,
				0.822,
				-5,
				1.067,
				-5,
				1,
				1.322,
				-5,
				1.578,
				-3.406,
				1.833,
				0,
				1,
				2.078,
				3.258,
				2.322,
				5,
				2.567,
				5,
				1,
				2.822,
				5,
				3.078,
				3.406,
				3.333,
				0,
				1,
				3.578,
				-3.258,
				3.822,
				-5,
				4.067,
				-5,
				1,
				4.322,
				-5,
				4.578,
				-3.406,
				4.833,
				0,
				1,
				5.078,
				3.258,
				5.322,
				5,
				5.567,
				5,
				1,
				5.711,
				5,
				5.856,
				4.491,
				6,
				3.433
			]
		},
		{
			"Target": "Parameter",
			"Id": "Param195",
			"Segments": [
				0,
				4.078,
				1,
				0.111,
				4.699,
				0.222,
				5,
				0.333,
				5,
				1,
				0.578,
				5,
				0.822,
				3.258,
				1.067,
				0,
				1,
				1.322,
				-3.406,
				1.578,
				-5,
				1.833,
				-5,
				1,
				2.078,
				-5,
				2.322,
				-3.258,
				2.567,
				0,
				1,
				2.822,
				3.406,
				3.078,
				5,
				3.333,
				5,
				1,
				3.578,
				5,
				3.822,
				3.258,
				4.067,
				0,
				1,
				4.322,
				-3.406,
				4.578,
				-5,
				4.833,
				-5,
				1,
				5.078,
				-5,
				5.322,
				-3.258,
				5.567,
				0,
				1,
				5.711,
				1.925,
				5.856,
				3.271,
				6,
				4.078
			]
		},
		{
			"Target": "Parameter",
			"Id": "Param112",
			"Segments": [
				0,
				0,
				1,
				0.244,
				-3.258,
				0.489,
				-5,
				0.733,
				-5,
				1,
				0.989,
				-5,
				1.244,
				-3.406,
				1.5,
				0,
				1,
				1.744,
				3.258,
				1.989,
				5,
				2.233,
				5,
				1,
				2.489,
				5,
				2.744,
				3.406,
				3,
				0,
				1,
				3.244,
				-3.258,
				3.489,
				-5,
				3.733,
				-5,
				1,
				3.989,
				-5,
				4.244,
				-3.406,
				4.5,
				0,
				1,
				4.744,
				3.258,
				4.989,
				5,
				5.233,
				5,
				1,
				5.489,
				5,
				5.744,
				3.406,
				6,
				0
			]
		},
		{
			"Target": "Parameter",
			"Id": "Param113",
			"Segments": [
				0,
				5,
				1,
				0.244,
				5,
				0.489,
				3.258,
				0.733,
				0,
				1,
				0.989,
				-3.406,
				1.244,
				-5,
				1.5,
				-5,
				1,
				1.744,
				-5,
				1.989,
				-3.258,
				2.233,
				0,
				1,
				2.489,
				3.406,
				2.744,
				5,
				3,
				5,
				1,
				3.244,
				5,
				3.489,
				3.258,
				3.733,
				0,
				1,
				3.989,
				-3.406,
				4.244,
				-5,
				4.5,
				-5,
				1,
				4.744,
				-5,
				4.989,
				-3.258,
				5.233,
				0,
				1,
				5.489,
				3.406,
				5.744,
				5,
				6,
				5
			]
		},
		{
			"Target": "Parameter",
			"Id": "Param196",
			"Segments": [
				0,
				0.434,
				1,
				0.011,
				0.293,
				0.022,
				0.148,
				0.033,
				0,
				1,
				0.278,
				-3.258,
				0.522,
				-5,
				0.767,
				-5,
				1,
				1.022,
				-5,
				1.278,
				-3.406,
				1.533,
				0,
				1,
				1.778,
				3.258,
				2.022,
				5,
				2.267,
				5,
				1,
				2.522,
				5,
				2.778,
				3.406,
				3.033,
				0,
				1,
				3.278,
				-3.258,
				3.522,
				-5,
				3.767,
				-5,
				1,
				4.022,
				-5,
				4.278,
				-3.406,
				4.533,
				0,
				1,
				4.778,
				3.258,
				5.022,
				5,
				5.267,
				5,
				1,
				5.511,
				5,
				5.756,
				3.541,
				6,
				0.434
			]
		},
		{
			"Target": "Parameter",
			"Id": "Param197",
			"Segments": [
				0,
				4.991,
				1,
				0.011,
				4.997,
				0.022,
				5,
				0.033,
				5,
				1,
				0.278,
				5,
				0.522,
				3.258,
				0.767,
				0,
				1,
				1.022,
				-3.406,
				1.278,
				-5,
				1.533,
				-5,
				1,
				1.778,
				-5,
				2.022,
				-3.258,
				2.267,
				0,
				1,
				2.522,
				3.406,
				2.778,
				5,
				3.033,
				5,
				1,
				3.278,
				5,
				3.522,
				3.258,
				3.767,
				0,
				1,
				4.022,
				-3.406,
				4.278,
				-5,
				4.533,
				-5,
				1,
				4.778,
				-5,
				5.022,
				-3.258,
				5.267,
				0,
				1,
				5.511,
				3.258,
				5.756,
				4.858,
				6,
				4.991
			]
		},
		{
			"Target": "Parameter",
			"Id": "Param114",
			"Segments": [
				0,
				3.433,
				1,
				0.111,
				2.619,
				0.222,
				1.481,
				0.333,
				0,
				1,
				0.578,
				-3.258,
				0.822,
				-5,
				1.067,
				-5,
				1,
				1.322,
				-5,
				1.578,
				-3.406,
				1.833,
				0,
				1,
				2.078,
				3.258,
				2.322,
				5,
				2.567,
				5,
				1,
				2.822,
				5,
				3.078,
				3.406,
				3.333,
				0,
				1,
				3.578,
				-3.258,
				3.822,
				-5,
				4.067,
				-5,
				1,
				4.322,
				-5,
				4.578,
				-3.406,
				4.833,
				0,
				1,
				5.078,
				3.258,
				5.322,
				5,
				5.567,
				5,
				1,
				5.711,
				5,
				5.856,
				4.491,
				6,
				3.433
			]
		},
		{
			"Target": "Parameter",
			"Id": "Param115",
			"Segments": [
				0,
				4.078,
				1,
				0.111,
				4.699,
				0.222,
				5,
				0.333,
				5,
				1,
				0.578,
				5,
				0.822,
				3.258,
				1.067,
				0,
				1,
				1.322,
				-3.406,
				1.578,
				-5,
				1.833,
				-5,
				1,
				2.078,
				-5,
				2.322,
				-3.258,
				2.567,
				0,
				1,
				2.822,
				3.406,
				3.078,
				5,
				3.333,
				5,
				1,
				3.578,
				5,
				3.822,
				3.258,
				4.067,
				0,
				1,
				4.322,
				-3.406,
				4.578,
				-5,
				4.833,
				-5,
				1,
				5.078,
				-5,
				5.322,
				-3.258,
				5.567,
				0,
				1,
				5.711,
				1.925,
				5.856,
				3.271,
				6,
				4.078
			]
		},
		{
			"Target": "Parameter",
			"Id": "Param192",
			"Segments": [
				0,
				3.667,
				1,
				0.122,
				2.843,
				0.244,
				1.629,
				0.367,
				0,
				1,
				0.611,
				-3.258,
				0.856,
				-5,
				1.1,
				-5,
				1,
				1.356,
				-5,
				1.611,
				-3.406,
				1.867,
				0,
				1,
				2.111,
				3.258,
				2.356,
				5,
				2.6,
				5,
				1,
				2.856,
				5,
				3.111,
				3.406,
				3.367,
				0,
				1,
				3.611,
				-3.258,
				3.856,
				-5,
				4.1,
				-5,
				1,
				4.356,
				-5,
				4.611,
				-3.406,
				4.867,
				0,
				1,
				5.111,
				3.258,
				5.356,
				5,
				5.6,
				5,
				1,
				5.733,
				5,
				5.867,
				4.566,
				6,
				3.667
			]
		},
		{
			"Target": "Parameter",
			"Id": "Param193",
			"Segments": [
				0,
				3.882,
				1,
				0.122,
				4.635,
				0.244,
				5,
				0.367,
				5,
				1,
				0.611,
				5,
				0.856,
				3.258,
				1.1,
				0,
				1,
				1.356,
				-3.406,
				1.611,
				-5,
				1.867,
				-5,
				1,
				2.111,
				-5,
				2.356,
				-3.258,
				2.6,
				0,
				1,
				2.856,
				3.406,
				3.111,
				5,
				3.367,
				5,
				1,
				3.611,
				5,
				3.856,
				3.258,
				4.1,
				0,
				1,
				4.356,
				-3.406,
				4.611,
				-5,
				4.867,
				-5,
				1,
				5.111,
				-5,
				5.356,
				-3.258,
				5.6,
				0,
				1,
				5.733,
				1.777,
				5.867,
				3.061,
				6,
				3.882
			]
		},
		{
			"Target": "Parameter",
			"Id": "Param116",
			"Segments": [
				0,
				4.964,
				1,
				0.233,
				4.709,
				0.467,
				3.109,
				0.7,
				0,
				1,
				0.944,
				-3.258,
				1.189,
				-5,
				1.433,
				-5,
				1,
				1.689,
				-5,
				1.944,
				-3.406,
				2.2,
				0,
				1,
				2.444,
				3.258,
				2.689,
				5,
				2.933,
				5,
				1,
				3.189,
				5,
				3.444,
				3.406,
				3.7,
				0,
				1,
				3.944,
				-3.258,
				4.189,
				-5,
				4.433,
				-5,
				1,
				4.689,
				-5,
				4.944,
				-3.406,
				5.2,
				0,
				1,
				5.444,
				3.258,
				5.689,
				5,
				5.933,
				5,
				1,
				5.956,
				5,
				5.978,
				4.988,
				6,
				4.964
			]
		},
		{
			"Target": "Parameter",
			"Id": "Param117",
			"Segments": [
				0,
				0.847,
				1,
				0.233,
				3.671,
				0.467,
				5,
				0.7,
				5,
				1,
				0.944,
				5,
				1.189,
				3.258,
				1.433,
				0,
				1,
				1.689,
				-3.406,
				1.944,
				-5,
				2.2,
				-5,
				1,
				2.444,
				-5,
				2.689,
				-3.258,
				2.933,
				0,
				1,
				3.189,
				3.406,
				3.444,
				5,
				3.7,
				5,
				1,
				3.944,
				5,
				4.189,
				3.258,
				4.433,
				0,
				1,
				4.689,
				-3.406,
				4.944,
				-5,
				5.2,
				-5,
				1,
				5.444,
				-5,
				5.689,
				-3.258,
				5.933,
				0,
				1,
				5.956,
				0.296,
				5.978,
				0.579,
				6,
				0.847
			]
		},
		{
			"Target": "Parameter",
			"Id": "Param118",
			"Segments": [
				0,
				3.179,
				1,
				0.1,
				2.388,
				0.2,
				1.333,
				0.3,
				0,
				1,
				0.544,
				-3.258,
				0.789,
				-5,
				1.033,
				-5,
				1,
				1.289,
				-5,
				1.544,
				-3.406,
				1.8,
				0,
				1,
				2.044,
				3.258,
				2.289,
				5,
				2.533,
				5,
				1,
				2.789,
				5,
				3.044,
				3.406,
				3.3,
				0,
				1,
				3.544,
				-3.258,
				3.789,
				-5,
				4.033,
				-5,
				1,
				4.289,
				-5,
				4.544,
				-3.406,
				4.8,
				0,
				1,
				5.044,
				3.258,
				5.289,
				5,
				5.533,
				5,
				1,
				5.689,
				5,
				5.844,
				4.409,
				6,
				3.179
			]
		},
		{
			"Target": "Parameter",
			"Id": "Param119",
			"Segments": [
				0,
				4.255,
				1,
				0.1,
				4.756,
				0.2,
				5,
				0.3,
				5,
				1,
				0.544,
				5,
				0.789,
				3.258,
				1.033,
				0,
				1,
				1.289,
				-3.406,
				1.544,
				-5,
				1.8,
				-5,
				1,
				2.044,
				-5,
				2.289,
				-3.258,
				2.533,
				0,
				1,
				2.789,
				3.406,
				3.044,
				5,
				3.3,
				5,
				1,
				3.544,
				5,
				3.789,
				3.258,
				4.033,
				0,
				1,
				4.289,
				-3.406,
				4.544,
				-5,
				4.8,
				-5,
				1,
				5.044,
				-5,
				5.289,
				-3.258,
				5.533,
				0,
				1,
				5.689,
				2.073,
				5.844,
				3.475,
				6,
				4.255
			]
		},
		{
			"Target": "Parameter",
			"Id": "Param120",
			"Segments": [
				0,
				1.966,
				1,
				0.056,
				1.395,
				0.111,
				0.74,
				0.167,
				0,
				1,
				0.411,
				-3.258,
				0.656,
				-5,
				0.9,
				-5,
				1,
				1.156,
				-5,
				1.411,
				-3.406,
				1.667,
				0,
				1,
				1.911,
				3.258,
				2.156,
				5,
				2.4,
				5,
				1,
				2.656,
				5,
				2.911,
				3.406,
				3.167,
				0,
				1,
				3.411,
				-3.258,
				3.656,
				-5,
				3.9,
				-5,
				1,
				4.156,
				-5,
				4.411,
				-3.406,
				4.667,
				0,
				1,
				4.911,
				3.258,
				5.156,
				5,
				5.4,
				5,
				1,
				5.6,
				5,
				5.8,
				4.023,
				6,
				1.966
			]
		},
		{
			"Target": "Parameter",
			"Id": "Param175",
			"Segments": [
				0,
				4.772,
				1,
				0.056,
				4.925,
				0.111,
				5,
				0.167,
				5,
				1,
				0.411,
				5,
				0.656,
				3.258,
				0.9,
				0,
				1,
				1.156,
				-3.406,
				1.411,
				-5,
				1.667,
				-5,
				1,
				1.911,
				-5,
				2.156,
				-3.258,
				2.4,
				0,
				1,
				2.656,
				3.406,
				2.911,
				5,
				3.167,
				5,
				1,
				3.411,
				5,
				3.656,
				3.258,
				3.9,
				0,
				1,
				4.156,
				-3.406,
				4.411,
				-5,
				4.667,
				-5,
				1,
				4.911,
				-5,
				5.156,
				-3.258,
				5.4,
				0,
				1,
				5.6,
				2.665,
				5.8,
				4.221,
				6,
				4.772
			]
		},
		{
			"Target": "Parameter",
			"Id": "Param176",
			"Segments": [
				0,
				3.667,
				1,
				0.122,
				2.843,
				0.244,
				1.629,
				0.367,
				0,
				1,
				0.611,
				-3.258,
				0.856,
				-5,
				1.1,
				-5,
				1,
				1.356,
				-5,
				1.611,
				-3.406,
				1.867,
				0,
				1,
				2.111,
				3.258,
				2.356,
				5,
				2.6,
				5,
				1,
				2.856,
				5,
				3.111,
				3.406,
				3.367,
				0,
				1,
				3.611,
				-3.258,
				3.856,
				-5,
				4.1,
				-5,
				1,
				4.356,
				-5,
				4.611,
				-3.406,
				4.867,
				0,
				1,
				5.111,
				3.258,
				5.356,
				5,
				5.6,
				5,
				1,
				5.733,
				5,
				5.867,
				4.566,
				6,
				3.667
			]
		},
		{
			"Target": "Parameter",
			"Id": "Param177",
			"Segments": [
				0,
				3.882,
				1,
				0.122,
				4.635,
				0.244,
				5,
				0.367,
				5,
				1,
				0.611,
				5,
				0.856,
				3.258,
				1.1,
				0,
				1,
				1.356,
				-3.406,
				1.611,
				-5,
				1.867,
				-5,
				1,
				2.111,
				-5,
				2.356,
				-3.258,
				2.6,
				0,
				1,
				2.856,
				3.406,
				3.111,
				5,
				3.367,
				5,
				1,
				3.611,
				5,
				3.856,
				3.258,
				4.1,
				0,
				1,
				4.356,
				-3.406,
				4.611,
				-5,
				4.867,
				-5,
				1,
				5.111,
				-5,
				5.356,
				-3.258,
				5.6,
				0,
				1,
				5.733,
				1.777,
				5.867,
				3.061,
				6,
				3.882
			]
		},
		{
			"Target": "Parameter",
			"Id": "Param178",
			"Segments": [
				0,
				1.966,
				1,
				0.056,
				1.395,
				0.111,
				0.74,
				0.167,
				0,
				1,
				0.411,
				-3.258,
				0.656,
				-5,
				0.9,
				-5,
				1,
				1.156,
				-5,
				1.411,
				-3.406,
				1.667,
				0,
				1,
				1.911,
				3.258,
				2.156,
				5,
				2.4,
				5,
				1,
				2.656,
				5,
				2.911,
				3.406,
				3.167,
				0,
				1,
				3.411,
				-3.258,
				3.656,
				-5,
				3.9,
				-5,
				1,
				4.156,
				-5,
				4.411,
				-3.406,
				4.667,
				0,
				1,
				4.911,
				3.258,
				5.156,
				5,
				5.4,
				5,
				1,
				5.6,
				5,
				5.8,
				4.023,
				6,
				1.966
			]
		},
		{
			"Target": "Parameter",
			"Id": "Param179",
			"Segments": [
				0,
				4.772,
				1,
				0.056,
				4.925,
				0.111,
				5,
				0.167,
				5,
				1,
				0.411,
				5,
				0.656,
				3.258,
				0.9,
				0,
				1,
				1.156,
				-3.406,
				1.411,
				-5,
				1.667,
				-5,
				1,
				1.911,
				-5,
				2.156,
				-3.258,
				2.4,
				0,
				1,
				2.656,
				3.406,
				2.911,
				5,
				3.167,
				5,
				1,
				3.411,
				5,
				3.656,
				3.258,
				3.9,
				0,
				1,
				4.156,
				-3.406,
				4.411,
				-5,
				4.667,
				-5,
				1,
				4.911,
				-5,
				5.156,
				-3.258,
				5.4,
				0,
				1,
				5.6,
				2.665,
				5.8,
				4.221,
				6,
				4.772
			]
		},
		{
			"Target": "Parameter",
			"Id": "Param180",
			"Segments": [
				0,
				1.995,
				1,
				0.056,
				1.419,
				0.111,
				0.756,
				0.167,
				0,
				1,
				0.4,
				-3.175,
				0.633,
				-5,
				0.867,
				-5,
				1,
				1.122,
				-5,
				1.378,
				-3.406,
				1.633,
				0,
				1,
				1.878,
				3.258,
				2.122,
				5,
				2.367,
				5,
				1,
				2.622,
				5,
				2.878,
				3.406,
				3.133,
				0,
				1,
				3.378,
				-3.258,
				3.622,
				-5,
				3.867,
				-5,
				1,
				4.122,
				-5,
				4.378,
				-3.406,
				4.633,
				0,
				1,
				4.878,
				3.258,
				5.122,
				5,
				5.367,
				5,
				1,
				5.578,
				5,
				5.789,
				3.912,
				6,
				1.614
			]
		},
		{
			"Target": "Parameter",
			"Id": "Param181",
			"Segments": [
				0,
				4.854,
				1,
				0.044,
				4.952,
				0.089,
				5,
				0.133,
				5,
				1,
				0.378,
				5,
				0.622,
				3.258,
				0.867,
				0,
				1,
				1.122,
				-3.406,
				1.378,
				-5,
				1.633,
				-5,
				1,
				1.878,
				-5,
				2.122,
				-3.258,
				2.367,
				0,
				1,
				2.622,
				3.406,
				2.878,
				5,
				3.133,
				5,
				1,
				3.378,
				5,
				3.622,
				3.258,
				3.867,
				0,
				1,
				4.122,
				-3.406,
				4.378,
				-5,
				4.633,
				-5,
				1,
				4.878,
				-5,
				5.122,
				-3.258,
				5.367,
				0,
				1,
				5.578,
				2.813,
				5.789,
				4.391,
				6,
				4.854
			]
		},
		{
			"Target": "Parameter",
			"Id": "Param182",
			"Segments": [
				0,
				0,
				1,
				0.244,
				-3.258,
				0.489,
				-5,
				0.733,
				-5,
				1,
				0.989,
				-5,
				1.244,
				-3.406,
				1.5,
				0,
				1,
				1.744,
				3.258,
				1.989,
				5,
				2.233,
				5,
				1,
				2.489,
				5,
				2.744,
				3.406,
				3,
				0,
				1,
				3.244,
				-3.258,
				3.489,
				-5,
				3.733,
				-5,
				1,
				3.989,
				-5,
				4.244,
				-3.406,
				4.5,
				0,
				1,
				4.744,
				3.258,
				4.989,
				5,
				5.233,
				5,
				1,
				5.489,
				5,
				5.744,
				3.406,
				6,
				0
			]
		},
		{
			"Target": "Parameter",
			"Id": "Param183",
			"Segments": [
				0,
				5,
				1,
				0.244,
				5,
				0.489,
				3.258,
				0.733,
				0,
				1,
				0.989,
				-3.406,
				1.244,
				-5,
				1.5,
				-5,
				1,
				1.744,
				-5,
				1.989,
				-3.258,
				2.233,
				0,
				1,
				2.489,
				3.406,
				2.744,
				5,
				3,
				5,
				1,
				3.244,
				5,
				3.489,
				3.258,
				3.733,
				0,
				1,
				3.989,
				-3.406,
				4.244,
				-5,
				4.5,
				-5,
				1,
				4.744,
				-5,
				4.989,
				-3.258,
				5.233,
				0,
				1,
				5.489,
				3.406,
				5.744,
				5,
				6,
				5
			]
		},
		{
			"Target": "Parameter",
			"Id": "Param184",
			"Segments": [
				0,
				3.433,
				1,
				0.111,
				2.619,
				0.222,
				1.481,
				0.333,
				0,
				1,
				0.578,
				-3.258,
				0.822,
				-5,
				1.067,
				-5,
				1,
				1.322,
				-5,
				1.578,
				-3.406,
				1.833,
				0,
				1,
				2.078,
				3.258,
				2.322,
				5,
				2.567,
				5,
				1,
				2.822,
				5,
				3.078,
				3.406,
				3.333,
				0,
				1,
				3.578,
				-3.258,
				3.822,
				-5,
				4.067,
				-5,
				1,
				4.322,
				-5,
				4.578,
				-3.406,
				4.833,
				0,
				1,
				5.078,
				3.258,
				5.322,
				5,
				5.567,
				5,
				1,
				5.711,
				5,
				5.856,
				4.491,
				6,
				3.433
			]
		},
		{
			"Target": "Parameter",
			"Id": "Param185",
			"Segments": [
				0,
				4.078,
				1,
				0.111,
				4.699,
				0.222,
				5,
				0.333,
				5,
				1,
				0.578,
				5,
				0.822,
				3.258,
				1.067,
				0,
				1,
				1.322,
				-3.406,
				1.578,
				-5,
				1.833,
				-5,
				1,
				2.078,
				-5,
				2.322,
				-3.258,
				2.567,
				0,
				1,
				2.822,
				3.406,
				3.078,
				5,
				3.333,
				5,
				1,
				3.578,
				5,
				3.822,
				3.258,
				4.067,
				0,
				1,
				4.322,
				-3.406,
				4.578,
				-5,
				4.833,
				-5,
				1,
				5.078,
				-5,
				5.322,
				-3.258,
				5.567,
				0,
				1,
				5.711,
				1.925,
				5.856,
				3.271,
				6,
				4.078
			]
		},
		{
			"Target": "Parameter",
			"Id": "Param186",
			"Segments": [
				0,
				1.966,
				1,
				0.056,
				1.395,
				0.111,
				0.74,
				0.167,
				0,
				1,
				0.411,
				-3.258,
				0.656,
				-5,
				0.9,
				-5,
				1,
				1.156,
				-5,
				1.411,
				-3.406,
				1.667,
				0,
				1,
				1.911,
				3.258,
				2.156,
				5,
				2.4,
				5,
				1,
				2.656,
				5,
				2.911,
				3.406,
				3.167,
				0,
				1,
				3.411,
				-3.258,
				3.656,
				-5,
				3.9,
				-5,
				1,
				4.156,
				-5,
				4.411,
				-3.406,
				4.667,
				0,
				1,
				4.911,
				3.258,
				5.156,
				5,
				5.4,
				5,
				1,
				5.6,
				5,
				5.8,
				4.023,
				6,
				1.966
			]
		},
		{
			"Target": "Parameter",
			"Id": "Param187",
			"Segments": [
				0,
				4.772,
				1,
				0.056,
				4.925,
				0.111,
				5,
				0.167,
				5,
				1,
				0.411,
				5,
				0.656,
				3.258,
				0.9,
				0,
				1,
				1.156,
				-3.406,
				1.411,
				-5,
				1.667,
				-5,
				1,
				1.911,
				-5,
				2.156,
				-3.258,
				2.4,
				0,
				1,
				2.656,
				3.406,
				2.911,
				5,
				3.167,
				5,
				1,
				3.411,
				5,
				3.656,
				3.258,
				3.9,
				0,
				1,
				4.156,
				-3.406,
				4.411,
				-5,
				4.667,
				-5,
				1,
				4.911,
				-5,
				5.156,
				-3.258,
				5.4,
				0,
				1,
				5.6,
				2.665,
				5.8,
				4.221,
				6,
				4.772
			]
		},
		{
			"Target": "Parameter",
			"Id": "Param188",
			"Segments": [
				0,
				3.179,
				1,
				0.1,
				2.388,
				0.2,
				1.333,
				0.3,
				0,
				1,
				0.544,
				-3.258,
				0.789,
				-5,
				1.033,
				-5,
				1,
				1.289,
				-5,
				1.544,
				-3.406,
				1.8,
				0,
				1,
				2.044,
				3.258,
				2.289,
				5,
				2.533,
				5,
				1,
				2.789,
				5,
				3.044,
				3.406,
				3.3,
				0,
				1,
				3.544,
				-3.258,
				3.789,
				-5,
				4.033,
				-5,
				1,
				4.289,
				-5,
				4.544,
				-3.406,
				4.8,
				0,
				1,
				5.044,
				3.258,
				5.289,
				5,
				5.533,
				5,
				1,
				5.689,
				5,
				5.844,
				4.409,
				6,
				3.179
			]
		},
		{
			"Target": "Parameter",
			"Id": "Param189",
			"Segments": [
				0,
				4.255,
				1,
				0.1,
				4.756,
				0.2,
				5,
				0.3,
				5,
				1,
				0.544,
				5,
				0.789,
				3.258,
				1.033,
				0,
				1,
				1.289,
				-3.406,
				1.544,
				-5,
				1.8,
				-5,
				1,
				2.044,
				-5,
				2.289,
				-3.258,
				2.533,
				0,
				1,
				2.789,
				3.406,
				3.044,
				5,
				3.3,
				5,
				1,
				3.544,
				5,
				3.789,
				3.258,
				4.033,
				0,
				1,
				4.289,
				-3.406,
				4.544,
				-5,
				4.8,
				-5,
				1,
				5.044,
				-5,
				5.289,
				-3.258,
				5.533,
				0,
				1,
				5.689,
				2.073,
				5.844,
				3.475,
				6,
				4.255
			]
		},
		{
			"Target": "Parameter",
			"Id": "Param190",
			"Segments": [
				0,
				3.882,
				1,
				0.133,
				3.061,
				0.267,
				1.777,
				0.4,
				0,
				1,
				0.644,
				-3.258,
				0.889,
				-5,
				1.133,
				-5,
				1,
				1.389,
				-5,
				1.644,
				-3.406,
				1.9,
				0,
				1,
				2.144,
				3.258,
				2.389,
				5,
				2.633,
				5,
				1,
				2.889,
				5,
				3.144,
				3.406,
				3.4,
				0,
				1,
				3.644,
				-3.258,
				3.889,
				-5,
				4.133,
				-5,
				1,
				4.389,
				-5,
				4.644,
				-3.406,
				4.9,
				0,
				1,
				5.144,
				3.258,
				5.389,
				5,
				5.633,
				5,
				1,
				5.756,
				5,
				5.878,
				4.635,
				6,
				3.882
			]
		},
		{
			"Target": "Parameter",
			"Id": "Param191",
			"Segments": [
				0,
				3.667,
				1,
				0.133,
				4.566,
				0.267,
				5,
				0.4,
				5,
				1,
				0.644,
				5,
				0.889,
				3.258,
				1.133,
				0,
				1,
				1.389,
				-3.406,
				1.644,
				-5,
				1.9,
				-5,
				1,
				2.144,
				-5,
				2.389,
				-3.258,
				2.633,
				0,
				1,
				2.889,
				3.406,
				3.144,
				5,
				3.4,
				5,
				1,
				3.644,
				5,
				3.889,
				3.258,
				4.133,
				0,
				1,
				4.389,
				-3.406,
				4.644,
				-5,
				4.9,
				-5,
				1,
				5.144,
				-5,
				5.389,
				-3.258,
				5.633,
				0,
				1,
				5.756,
				1.629,
				5.878,
				2.843,
				6,
				3.667
			]
		},
		{
			"Target": "Parameter",
			"Id": "Param_Angle_Rotation34",
			"Segments": [
				0,
				-2.242,
				1,
				0.111,
				-2.703,
				0.222,
				-2.999,
				0.333,
				-2.999,
				1,
				0.833,
				-2.999,
				1.333,
				3.002,
				1.833,
				3.002,
				1,
				2.333,
				3.002,
				2.833,
				-2.996,
				3.333,
				-2.996,
				1,
				3.833,
				-2.996,
				4.333,
				3.002,
				4.833,
				3.002,
				1,
				5.222,
				3.002,
				5.611,
				-0.628,
				6,
				-2.242
			]
		},
		{
			"Target": "Parameter",
			"Id": "Param_Angle_Rotation37",
			"Segments": [
				0,
				0.501,
				1,
				0.278,
				-1.144,
				0.556,
				-2.996,
				0.833,
				-2.996,
				1,
				1.333,
				-2.996,
				1.833,
				3.002,
				2.333,
				3.002,
				1,
				2.833,
				3.002,
				3.333,
				-2.996,
				3.833,
				-2.996,
				1,
				4.333,
				-2.996,
				4.833,
				3.002,
				5.333,
				3.002,
				1,
				5.556,
				3.002,
				5.778,
				1.817,
				6,
				0.501
			]
		},
		{
			"Target": "Parameter",
			"Id": "Param_Angle_Rotation60",
			"Segments": [
				0,
				2.796,
				1,
				0.444,
				1.743,
				0.889,
				-2.996,
				1.333,
				-2.996,
				1,
				1.833,
				-2.996,
				2.333,
				3.002,
				2.833,
				3.002,
				1,
				2.856,
				3.002,
				2.878,
				3.071,
				2.9,
				2.993,
				1,
				3.378,
				1.319,
				3.856,
				-2.996,
				4.333,
				-2.996,
				1,
				4.833,
				-2.996,
				5.333,
				3.002,
				5.833,
				3.002,
				1,
				5.889,
				3.002,
				5.944,
				2.928,
				6,
				2.796
			]
		},
		{
			"Target": "Parameter",
			"Id": "Param_Angle_Rotation61",
			"Segments": [
				0,
				-1.261,
				1,
				0.178,
				-2.254,
				0.356,
				-3.025,
				0.533,
				-3.025,
				1,
				1.033,
				-3.025,
				1.533,
				3.072,
				2.033,
				3.072,
				1,
				2.533,
				3.072,
				3.033,
				-3.025,
				3.533,
				-3.025,
				1,
				4.033,
				-3.025,
				4.533,
				3.072,
				5.033,
				3.072,
				1,
				5.356,
				3.072,
				5.678,
				0.54,
				6,
				-1.261
			]
		},
		{
			"Target": "Parameter",
			"Id": "Param_Angle_Rotation62",
			"Segments": [
				0,
				1.672,
				1,
				0.344,
				-0.132,
				0.689,
				-3.031,
				1.033,
				-3.031,
				1,
				1.533,
				-3.031,
				2.033,
				3.078,
				2.533,
				3.078,
				1,
				3.033,
				3.078,
				3.533,
				-3.031,
				4.033,
				-3.031,
				1,
				4.533,
				-3.031,
				5.033,
				3.078,
				5.533,
				3.078,
				1,
				5.689,
				3.078,
				5.844,
				2.487,
				6,
				1.672
			]
		},
		{
			"Target": "Parameter",
			"Id": "Param_Angle_Rotation63",
			"Segments": [
				0,
				3.069,
				1,
				0.011,
				3.075,
				0.022,
				3.078,
				0.033,
				3.078,
				1,
				0.533,
				3.078,
				1.033,
				-3.031,
				1.533,
				-3.031,
				1,
				2.033,
				-3.031,
				2.533,
				3.078,
				3.033,
				3.078,
				1,
				3.533,
				3.078,
				4.033,
				-3.031,
				4.533,
				-3.031,
				1,
				5.022,
				-3.031,
				5.511,
				2.809,
				6,
				3.069
			]
		},
		{
			"Target": "Parameter",
			"Id": "Param31",
			"Segments": [
				0,
				-4.922,
				1,
				0.222,
				-17.937,
				0.444,
				-29.651,
				0.667,
				-29.651,
				1,
				1.167,
				-29.651,
				1.667,
				29.651,
				2.167,
				29.651,
				1,
				2.667,
				29.651,
				3.167,
				-29.651,
				3.667,
				-29.651,
				1,
				4.167,
				-29.651,
				4.667,
				29.651,
				5.167,
				29.651,
				1,
				5.444,
				29.651,
				5.722,
				11.348,
				6,
				-4.922
			]
		},
		{
			"Target": "Parameter",
			"Id": "Param32",
			"Segments": [
				0,
				-4.453,
				1,
				0.1,
				-5.393,
				0.2,
				-5.98,
				0.3,
				-5.98,
				1,
				0.8,
				-5.98,
				1.3,
				8.703,
				1.8,
				8.703,
				1,
				2.3,
				8.703,
				2.8,
				-5.98,
				3.3,
				-5.98,
				1,
				3.8,
				-5.98,
				4.3,
				8.703,
				4.8,
				8.703,
				1,
				5.2,
				8.703,
				5.6,
				-0.694,
				6,
				-4.453
			]
		},
		{
			"Target": "Parameter",
			"Id": "Param33",
			"Segments": [
				0,
				-4.753,
				1,
				0.1,
				-5.521,
				0.2,
				-6.002,
				0.3,
				-6.002,
				1,
				0.8,
				-6.002,
				1.3,
				6.005,
				1.8,
				6.005,
				1,
				2.3,
				6.005,
				2.8,
				-6.002,
				3.3,
				-6.002,
				1,
				3.8,
				-6.002,
				4.3,
				6.005,
				4.8,
				6.005,
				1,
				5.2,
				6.004,
				5.6,
				-1.679,
				6,
				-4.753
			]
		},
		{
			"Target": "Parameter",
			"Id": "Param_Angle_Rotation42",
			"Segments": [
				0,
				4.486,
				1,
				0.111,
				5.407,
				0.222,
				6,
				0.333,
				6,
				1,
				0.833,
				6,
				1.333,
				-6,
				1.833,
				-6,
				1,
				2.333,
				-6,
				2.833,
				6,
				3.333,
				6,
				1,
				3.833,
				6,
				4.333,
				-6,
				4.833,
				-6,
				1,
				5.222,
				-6,
				5.611,
				1.259,
				6,
				4.486
			]
		},
		{
			"Target": "Parameter",
			"Id": "Param_Angle_Rotation43",
			"Segments": [
				0,
				-0.599,
				1,
				0.267,
				2.587,
				0.533,
				6,
				0.8,
				6,
				1,
				1.3,
				6,
				1.8,
				-6,
				2.3,
				-6,
				1,
				2.8,
				-6,
				3.3,
				6,
				3.8,
				6,
				1,
				4.3,
				6,
				4.8,
				-6,
				5.3,
				-6,
				1,
				5.533,
				-6,
				5.767,
				-3.387,
				6,
				-0.599
			]
		},
		{
			"Target": "Parameter",
			"Id": "Param_Angle_Rotation44",
			"Segments": [
				0,
				-4.968,
				1,
				0.411,
				-2.1,
				0.822,
				5.965,
				1.233,
				5.965,
				1,
				1.733,
				5.965,
				2.233,
				-5.965,
				2.733,
				-5.965,
				1,
				3.233,
				-5.965,
				3.733,
				5.965,
				4.233,
				5.965,
				1,
				4.733,
				5.965,
				5.233,
				-5.965,
				5.733,
				-5.965,
				1,
				5.822,
				-5.965,
				5.911,
				-5.588,
				6,
				-4.968
			]
		},
		{
			"Target": "Parameter",
			"Id": "Param_Angle_Rotation45",
			"Segments": [
				0,
				-5.385,
				1,
				0.067,
				-5.753,
				0.133,
				-5.965,
				0.2,
				-5.965,
				1,
				0.7,
				-5.965,
				1.2,
				5.965,
				1.7,
				5.965,
				1,
				2.2,
				5.965,
				2.7,
				-5.965,
				3.2,
				-5.965,
				1,
				3.7,
				-5.965,
				4.2,
				5.965,
				4.7,
				5.965,
				1,
				5.133,
				5.965,
				5.567,
				-2.996,
				6,
				-5.385
			]
		},
		{
			"Target": "Parameter",
			"Id": "Param_Angle_Rotation48",
			"Segments": [
				0,
				4.486,
				1,
				0.111,
				5.407,
				0.222,
				6,
				0.333,
				6,
				1,
				0.833,
				6,
				1.333,
				-6,
				1.833,
				-6,
				1,
				2.333,
				-6,
				2.833,
				6,
				3.333,
				6,
				1,
				3.833,
				6,
				4.333,
				-6,
				4.833,
				-6,
				1,
				5.222,
				-6,
				5.611,
				1.259,
				6,
				4.486
			]
		},
		{
			"Target": "Parameter",
			"Id": "Param_Angle_Rotation49",
			"Segments": [
				0,
				-1.776,
				1,
				0.3,
				1.68,
				0.6,
				6,
				0.9,
				6,
				1,
				1.4,
				6,
				1.9,
				-6,
				2.4,
				-6,
				1,
				2.9,
				-6,
				3.4,
				6,
				3.9,
				6,
				1,
				4.4,
				6,
				4.9,
				-6,
				5.4,
				-6,
				1,
				5.6,
				-6,
				5.8,
				-4.08,
				6,
				-1.776
			]
		},
		{
			"Target": "Parameter",
			"Id": "Param_Angle_Rotation50",
			"Segments": [
				0,
				-5.588,
				1,
				0.056,
				-5.852,
				0.111,
				-6,
				0.167,
				-6,
				1,
				0.667,
				-6,
				1.167,
				6,
				1.667,
				6,
				1,
				2.167,
				6,
				2.667,
				-6,
				3.167,
				-6,
				1,
				3.667,
				-6,
				4.167,
				6,
				4.667,
				6,
				1,
				5.111,
				6,
				5.556,
				-3.482,
				6,
				-5.588
			]
		},
		{
			"Target": "Parameter",
			"Id": "Param_Angle_Rotation52",
			"Segments": [
				0,
				2.889,
				1,
				0.167,
				4.667,
				0.333,
				6,
				0.5,
				6,
				1,
				1,
				6,
				1.5,
				-6,
				2,
				-6,
				1,
				2.5,
				-6,
				3,
				6,
				3.5,
				6,
				1,
				4,
				6,
				4.5,
				-6,
				5,
				-6,
				1,
				5.333,
				-6,
				5.667,
				-0.667,
				6,
				2.889
			]
		},
		{
			"Target": "Parameter",
			"Id": "Param_Angle_Rotation53",
			"Segments": [
				0,
				-2.528,
				1,
				0.322,
				1.016,
				0.644,
				6,
				0.967,
				6,
				1,
				1.467,
				6,
				1.967,
				-6,
				2.467,
				-6,
				1,
				2.967,
				-6,
				3.467,
				6,
				3.967,
				6,
				1,
				4.467,
				6,
				4.967,
				-6,
				5.467,
				-6,
				1,
				5.644,
				-6,
				5.822,
				-4.483,
				6,
				-2.528
			]
		},
		{
			"Target": "Parameter",
			"Id": "Param_Angle_Rotation54",
			"Segments": [
				0,
				-5.847,
				1,
				0.467,
				-4.453,
				0.933,
				6,
				1.4,
				6,
				1,
				1.9,
				6,
				2.4,
				-6,
				2.9,
				-6,
				1,
				3.4,
				-6,
				3.9,
				6,
				4.4,
				6,
				1,
				4.9,
				6,
				5.4,
				-6,
				5.9,
				-6,
				1,
				5.933,
				-6,
				5.967,
				-5.947,
				6,
				-5.847
			]
		},
		{
			"Target": "Parameter",
			"Id": "Param_Angle_Rotation55",
			"Segments": [
				0,
				-4.486,
				1,
				0.111,
				-5.407,
				0.222,
				-6,
				0.333,
				-6,
				1,
				0.833,
				-6,
				1.333,
				6,
				1.833,
				6,
				1,
				2.333,
				6,
				2.833,
				-6,
				3.333,
				-6,
				1,
				3.833,
				-6,
				4.333,
				6,
				4.833,
				6,
				1,
				5.222,
				6,
				5.611,
				-1.259,
				6,
				-4.486
			]
		},
		{
			"Target": "Parameter",
			"Id": "Param_Angle_Rotation57",
			"Segments": [
				0,
				2.889,
				1,
				0.167,
				4.667,
				0.333,
				6,
				0.5,
				6,
				1,
				1,
				6,
				1.5,
				-6,
				2,
				-6,
				1,
				2.5,
				-6,
				3,
				6,
				3.5,
				6,
				1,
				4,
				6,
				4.5,
				-6,
				5,
				-6,
				1,
				5.333,
				-6,
				5.667,
				-0.667,
				6,
				2.889
			]
		},
		{
			"Target": "Parameter",
			"Id": "Param_Angle_Rotation58",
			"Segments": [
				0,
				-3.895,
				1,
				0.367,
				-0.453,
				0.733,
				6,
				1.1,
				6,
				1,
				1.6,
				6,
				2.1,
				-6,
				2.6,
				-6,
				1,
				3.1,
				-6,
				3.6,
				6,
				4.1,
				6,
				1,
				4.6,
				6,
				5.1,
				-6,
				5.6,
				-6,
				1,
				5.733,
				-6,
				5.867,
				-5.147,
				6,
				-3.895
			]
		},
		{
			"Target": "Parameter",
			"Id": "Param_Angle_Rotation59",
			"Segments": [
				0,
				-4.486,
				1,
				0.111,
				-5.407,
				0.222,
				-6,
				0.333,
				-6,
				1,
				0.833,
				-6,
				1.333,
				6,
				1.833,
				6,
				1,
				2.333,
				6,
				2.833,
				-6,
				3.333,
				-6,
				1,
				3.833,
				-6,
				4.333,
				6,
				4.833,
				6,
				1,
				5.222,
				6,
				5.611,
				-1.259,
				6,
				-4.486
			]
		},
		{
			"Target": "Parameter",
			"Id": "Param22",
			"Segments": [
				0,
				7.222,
				1,
				0.111,
				11.667,
				0.222,
				15,
				0.333,
				15,
				1,
				0.667,
				15,
				1,
				-15,
				1.333,
				-15,
				1,
				1.667,
				-15,
				2,
				15,
				2.333,
				15,
				1,
				2.667,
				15,
				3,
				-15,
				3.333,
				-15,
				1,
				3.667,
				-15,
				4,
				15,
				4.333,
				15,
				1,
				4.667,
				15,
				5,
				-15,
				5.333,
				-15,
				1,
				5.556,
				-15,
				5.778,
				-1.667,
				6,
				7.222
			]
		},
		{
			"Target": "Parameter",
			"Id": "Param23",
			"Segments": [
				0,
				-15,
				1,
				0.333,
				-15,
				0.667,
				15,
				1,
				15,
				1,
				1.333,
				15,
				1.667,
				-15,
				2,
				-15,
				1,
				2.333,
				-15,
				2.667,
				15,
				3,
				15,
				1,
				3.333,
				15,
				3.667,
				-15,
				4,
				-15,
				1,
				4.333,
				-15,
				4.667,
				15,
				5,
				15,
				1,
				5.333,
				15,
				5.667,
				-15,
				6,
				-15
			]
		},
		{
			"Target": "Parameter",
			"Id": "Param34",
			"Segments": [
				0,
				2.982,
				1,
				0.189,
				-5.367,
				0.378,
				-15,
				0.567,
				-15,
				1,
				0.9,
				-15,
				1.233,
				15,
				1.567,
				15,
				1,
				1.9,
				15,
				2.233,
				-15,
				2.567,
				-15,
				1,
				2.9,
				-15,
				3.233,
				15,
				3.567,
				15,
				1,
				3.9,
				15,
				4.233,
				-15,
				4.567,
				-15,
				1,
				4.9,
				-15,
				5.233,
				15,
				5.567,
				15,
				1,
				5.711,
				15,
				5.856,
				9.367,
				6,
				2.982
			]
		},
		{
			"Target": "Parameter",
			"Id": "Param24",
			"Segments": [
				0,
				-11.214,
				1,
				0.111,
				-13.519,
				0.222,
				-15,
				0.333,
				-15,
				1,
				0.833,
				-15,
				1.333,
				15,
				1.833,
				15,
				1,
				2.333,
				15,
				2.833,
				-15,
				3.333,
				-15,
				1,
				3.833,
				-15,
				4.333,
				15,
				4.833,
				15,
				1,
				5.222,
				15,
				5.611,
				-3.148,
				6,
				-11.214
			]
		},
		{
			"Target": "Parameter",
			"Id": "Param26",
			"Segments": [
				0,
				0,
				0,
				0.033,
				1,
				0,
				1,
				1,
				0,
				1.033,
				2,
				0,
				2,
				2,
				0,
				2.033,
				3,
				0,
				3,
				3,
				0,
				3.033,
				4,
				0,
				4,
				4,
				0,
				4.033,
				5,
				0,
				5,
				5,
				0,
				5.033,
				6,
				0,
				6,
				6
			]
		},
		{
			"Target": "Parameter",
			"Id": "Param27",
			"Segments": [
				0,
				2.49,
				1,
				0.278,
				-5.741,
				0.556,
				-15,
				0.833,
				-15,
				1,
				1.333,
				-15,
				1.833,
				15,
				2.333,
				15,
				1,
				2.833,
				15,
				3.333,
				-15,
				3.833,
				-15,
				1,
				4.333,
				-15,
				4.833,
				15,
				5.333,
				15,
				1,
				5.556,
				15,
				5.778,
				9.074,
				6,
				2.49
			]
		},
		{
			"Target": "Parameter",
			"Id": "Param_Angle_Rotation115",
			"Segments": [
				0,
				-12.493,
				1,
				0.089,
				-14.052,
				0.178,
				-15,
				0.267,
				-15,
				1,
				0.767,
				-15,
				1.267,
				15,
				1.767,
				15,
				1,
				2.267,
				15,
				2.767,
				-15,
				3.267,
				-15,
				1,
				3.767,
				-15,
				4.267,
				15,
				4.767,
				15,
				1,
				5.178,
				15,
				5.589,
				-5.282,
				6,
				-12.493
			]
		},
		{
			"Target": "Parameter",
			"Id": "Param_Angle_Rotation135",
			"Segments": [
				0,
				5.39,
				1,
				0.311,
				-3.385,
				0.622,
				-15,
				0.933,
				-15,
				1,
				1.433,
				-15,
				1.933,
				15,
				2.433,
				15,
				1,
				2.933,
				15,
				3.433,
				-15,
				3.933,
				-15,
				1,
				4.433,
				-15,
				4.933,
				15,
				5.433,
				15,
				1,
				5.622,
				15,
				5.811,
				10.718,
				6,
				5.39
			]
		},
		{
			"Target": "Parameter",
			"Id": "Param_Angle_Rotation136",
			"Segments": [
				0,
				14.618,
				1,
				0.033,
				14.867,
				0.067,
				15,
				0.1,
				15,
				1,
				0.6,
				15,
				1.1,
				-15,
				1.6,
				-15,
				1,
				2.1,
				-15,
				2.6,
				15,
				3.1,
				15,
				1,
				3.6,
				15,
				4.1,
				-15,
				4.6,
				-15,
				1,
				5.067,
				-15,
				5.533,
				11.133,
				6,
				14.618
			]
		},
		{
			"Target": "Parameter",
			"Id": "Param_Angle_Rotation35",
			"Segments": [
				0,
				-3.472,
				1,
				0.211,
				-9.652,
				0.422,
				-15,
				0.633,
				-15,
				1,
				1.133,
				-15,
				1.633,
				15,
				2.133,
				15,
				1,
				2.633,
				15,
				3.133,
				-15,
				3.633,
				-15,
				1,
				4.133,
				-15,
				4.633,
				15,
				5.133,
				15,
				1,
				5.422,
				15,
				5.711,
				4.985,
				6,
				-3.472
			]
		},
		{
			"Target": "Parameter",
			"Id": "Param_Angle_Rotation36",
			"Segments": [
				0,
				13.542,
				1,
				0.433,
				7.533,
				0.867,
				-15,
				1.3,
				-15,
				1,
				1.8,
				-15,
				2.3,
				15,
				2.8,
				15,
				1,
				3.3,
				15,
				3.8,
				-15,
				4.3,
				-15,
				1,
				4.8,
				-15,
				5.3,
				15,
				5.8,
				15,
				1,
				5.867,
				15,
				5.933,
				14.467,
				6,
				13.542
			]
		},
		{
			"Target": "Parameter",
			"Id": "Param_Angle_Rotation38",
			"Segments": [
				0,
				11.066,
				1,
				0.156,
				16.432,
				0.311,
				20.326,
				0.467,
				20.326,
				1,
				0.967,
				20.326,
				1.467,
				-19.908,
				1.967,
				-19.908,
				1,
				2.467,
				-19.908,
				2.967,
				20.326,
				3.467,
				20.326,
				1,
				3.967,
				20.326,
				4.467,
				-19.908,
				4.967,
				-19.908,
				1,
				5.311,
				-19.908,
				5.656,
				-0.814,
				6,
				11.066
			]
		}
	]
}