{
	"Version": 3,
	"Meta": {
		"Duration": 5,
		"Fps": 30.0,
		"FadeInTime": 0.2,
		"Loop": true,
		"AreBeziersRestricted": true,
		"CurveCount": 53,
		"TotalSegmentCount": 237,
		"TotalPointCount": 674,
		"UserDataCount": 0,
		"TotalUserDataSize": 0
	},
	"Curves": [
		{
			"Target": "Model",
			"Id": "Opacity",
			"Segments": [
				0,
				1,
				0,
				5,
				1
			]
		},
		{
			"Target": "Parameter",
			"Id": "Param2",
			"Segments": [
				0,
				0,
				1,
				0.3,
				0,
				0.6,
				-15,
				0.9,
				-15,
				1,
				1.3,
				-15,
				1.7,
				15,
				2.1,
				15,
				1,
				2.511,
				15,
				2.922,
				-15,
				3.333,
				-15,
				1,
				3.767,
				-15,
				4.2,
				15,
				4.633,
				15,
				0,
				5,
				15
			]
		},
		{
			"Target": "Parameter",
			"Id": "Param3",
			"Segments": [
				0,
				0,
				1,
				0.333,
				0,
				0.667,
				27,
				1,
				27,
				1,
				1.411,
				27,
				1.822,
				-11,
				2.233,
				-11,
				1,
				2.633,
				-11,
				3.033,
				27,
				3.433,
				27,
				1,
				3.878,
				27,
				4.322,
				-11,
				4.767,
				-11,
				0,
				5,
				-11
			]
		},
		{
			"Target": "Parameter",
			"Id": "Param4",
			"Segments": [
				0,
				0,
				1,
				0.311,
				0,
				0.622,
				-30,
				0.933,
				-30,
				1,
				1.344,
				-30,
				1.756,
				15,
				2.167,
				15,
				1,
				2.567,
				15,
				2.967,
				-30,
				3.367,
				-30,
				1,
				3.811,
				-30,
				4.256,
				15,
				4.7,
				15,
				0,
				5,
				15
			]
		},
		{
			"Target": "Parameter",
			"Id": "ParamAngleX",
			"Segments": [
				0,
				0,
				1,
				0.333,
				0,
				0.667,
				30,
				1,
				30,
				1,
				1.222,
				30,
				1.444,
				0,
				1.667,
				0,
				1,
				1.944,
				0,
				2.222,
				6.454,
				2.5,
				12,
				1,
				2.867,
				19.321,
				3.233,
				21,
				3.6,
				21,
				1,
				3.9,
				21,
				4.2,
				-11,
				4.5,
				-11,
				0,
				5,
				-11
			]
		},
		{
			"Target": "Parameter",
			"Id": "ParamAngleY",
			"Segments": [
				0,
				0,
				1,
				0.333,
				0,
				0.667,
				1,
				1,
				1,
				1,
				1.222,
				1,
				1.444,
				-2,
				1.667,
				-2,
				1,
				1.944,
				-2,
				2.222,
				24,
				2.5,
				24,
				1,
				2.867,
				24,
				3.233,
				-17.306,
				3.6,
				-19,
				1,
				3.9,
				-20.386,
				4.2,
				-20,
				4.5,
				-20,
				0,
				5,
				-20
			]
		},
		{
			"Target": "Parameter",
			"Id": "ParamAngleZ",
			"Segments": [
				0,
				0,
				1,
				0.556,
				0,
				1.111,
				0,
				1.667,
				0,
				1,
				1.944,
				0,
				2.222,
				12,
				2.5,
				12,
				1,
				3.167,
				12,
				3.833,
				-13,
				4.5,
				-13,
				0,
				5,
				-13
			]
		},
		{
			"Target": "Parameter",
			"Id": "ParamEyeLOpen",
			"Segments": [
				0,
				1,
				0,
				5,
				1
			]
		},
		{
			"Target": "Parameter",
			"Id": "ParamEyeLSmile",
			"Segments": [
				0,
				0,
				0,
				5,
				0
			]
		},
		{
			"Target": "Parameter",
			"Id": "Param23",
			"Segments": [
				0,
				0,
				0,
				5,
				0
			]
		},
		{
			"Target": "Parameter",
			"Id": "Param24",
			"Segments": [
				0,
				0,
				0,
				5,
				0
			]
		},
		{
			"Target": "Parameter",
			"Id": "Param25",
			"Segments": [
				0,
				0,
				0,
				5,
				0
			]
		},
		{
			"Target": "Parameter",
			"Id": "ParamBodyAngleX",
			"Segments": [
				0,
				0,
				1,
				0.278,
				0,
				0.556,
				-7,
				0.833,
				-7,
				1,
				1.389,
				-7,
				1.944,
				6,
				2.5,
				6,
				1,
				2.889,
				6,
				3.278,
				-4,
				3.667,
				-4,
				0,
				5,
				-4
			]
		},
		{
			"Target": "Parameter",
			"Id": "ParamBodyAngleY",
			"Segments": [
				0,
				0,
				1,
				0.278,
				0,
				0.556,
				-1.2,
				0.833,
				-2,
				1,
				1.389,
				-3.599,
				1.944,
				-4,
				2.5,
				-4,
				1,
				2.889,
				-4,
				3.278,
				0,
				3.667,
				0,
				0,
				5,
				0
			]
		},
		{
			"Target": "Parameter",
			"Id": "ParamBodyAngleZ",
			"Segments": [
				0,
				0,
				0,
				5,
				0
			]
		},
		{
			"Target": "Parameter",
			"Id": "ParamBreath",
			"Segments": [
				0,
				0,
				1,
				0.389,
				0,
				0.778,
				1,
				1.167,
				1,
				1,
				1.611,
				1,
				2.056,
				0,
				2.5,
				0,
				1,
				3,
				0,
				3.5,
				1,
				4,
				1,
				1,
				4.333,
				1,
				4.667,
				0,
				5,
				0
			]
		},
		{
			"Target": "Parameter",
			"Id": "ParamEyeBallX",
			"Segments": [
				0,
				0,
				0,
				5,
				0
			]
		},
		{
			"Target": "Parameter",
			"Id": "ParamEyeBallY",
			"Segments": [
				0,
				0,
				0,
				5,
				0
			]
		},
		{
			"Target": "Parameter",
			"Id": "ParamHairFront",
			"Segments": [
				0,
				0,
				1,
				0.222,
				0,
				0.444,
				1,
				0.667,
				1,
				1,
				0.833,
				1,
				1,
				-1,
				1.167,
				-1,
				0,
				5,
				-1
			]
		},
		{
			"Target": "Parameter",
			"Id": "ParamHairSide",
			"Segments": [
				0,
				0,
				1,
				0.333,
				0,
				0.667,
				-0.7,
				1,
				-0.7,
				1,
				1.5,
				-0.7,
				2,
				0.6,
				2.5,
				0.6,
				1,
				3,
				0.6,
				3.5,
				-0.4,
				4,
				-0.4,
				1,
				4.333,
				-0.4,
				4.667,
				0,
				5,
				0
			]
		},
		{
			"Target": "Parameter",
			"Id": "Param36",
			"Segments": [
				0,
				0,
				1,
				0.333,
				0,
				0.667,
				-8,
				1,
				-8,
				1,
				1.5,
				-8,
				2,
				11,
				2.5,
				11,
				1,
				3,
				11,
				3.5,
				3.789,
				4,
				-5,
				1,
				4.333,
				-10.859,
				4.667,
				-12,
				5,
				-12
			]
		},
		{
			"Target": "Parameter",
			"Id": "Param",
			"Segments": [
				0,
				0,
				1,
				0.389,
				0,
				0.778,
				-14,
				1.167,
				-14,
				1,
				1.667,
				-14,
				2.167,
				6,
				2.667,
				6,
				1,
				3,
				6,
				3.333,
				-29,
				3.667,
				-29,
				1,
				3.956,
				-29,
				4.244,
				-12.703,
				4.533,
				-4,
				1,
				4.689,
				0.686,
				4.844,
				0,
				5,
				0
			]
		},
		{
			"Target": "Parameter",
			"Id": "Param37",
			"Segments": [
				0,
				0,
				1,
				0.389,
				0,
				0.778,
				-16,
				1.167,
				-16,
				1,
				1.667,
				-16,
				2.167,
				15,
				2.667,
				15,
				1,
				3,
				15,
				3.333,
				-24,
				3.667,
				-24,
				1,
				3.956,
				-24,
				4.244,
				-23.504,
				4.533,
				-19,
				1,
				4.689,
				-16.575,
				4.844,
				-5,
				5,
				-5
			]
		},
		{
			"Target": "Parameter",
			"Id": "ParamHairBack",
			"Segments": [
				0,
				0,
				1,
				0.444,
				0,
				0.889,
				-0.4,
				1.333,
				-0.4,
				1,
				1.833,
				-0.4,
				2.333,
				0.7,
				2.833,
				0.7,
				1,
				3.278,
				0.7,
				3.722,
				-0.2,
				4.167,
				-0.2,
				1,
				4.389,
				-0.2,
				4.611,
				0.2,
				4.833,
				0.2,
				0,
				5,
				0.2
			]
		},
		{
			"Target": "Parameter",
			"Id": "Param35",
			"Segments": [
				0,
				0,
				1,
				0.444,
				0,
				0.889,
				-30,
				1.333,
				-30,
				1,
				1.833,
				-30,
				2.333,
				5,
				2.833,
				5,
				1,
				3.278,
				5,
				3.722,
				-9,
				4.167,
				-9,
				1,
				4.389,
				-9,
				4.611,
				-2,
				4.833,
				-2,
				0,
				5,
				-2
			]
		},
		{
			"Target": "Parameter",
			"Id": "Param29",
			"Segments": [
				0,
				0,
				1,
				0.167,
				0,
				0.333,
				-9,
				0.5,
				-9,
				1,
				0.622,
				-9,
				0.744,
				14,
				0.867,
				14,
				1,
				0.922,
				14,
				0.978,
				4.228,
				1.033,
				-1,
				1,
				1.189,
				-15.639,
				1.344,
				-20,
				1.5,
				-20,
				1,
				1.7,
				-20,
				1.9,
				11,
				2.1,
				11,
				1,
				2.4,
				11,
				2.7,
				-7,
				3,
				-7,
				1,
				3.278,
				-7,
				3.556,
				16,
				3.833,
				16,
				1,
				4,
				16,
				4.167,
				4.636,
				4.333,
				-2,
				1,
				4.533,
				-9.963,
				4.733,
				-11,
				4.933,
				-11,
				0,
				5,
				-11
			]
		},
		{
			"Target": "Parameter",
			"Id": "Param30",
			"Segments": [
				0,
				0,
				1,
				0.167,
				0,
				0.333,
				2.16,
				0.5,
				11,
				1,
				0.622,
				17.483,
				0.744,
				25,
				0.867,
				25,
				1,
				0.922,
				25,
				0.978,
				24.54,
				1.033,
				21,
				1,
				1.189,
				11.087,
				1.344,
				4,
				1.5,
				4,
				1,
				1.7,
				4,
				1.9,
				16,
				2.1,
				16,
				1,
				2.4,
				16,
				2.7,
				-16,
				3,
				-16,
				1,
				3.278,
				-16,
				3.556,
				-13.197,
				3.833,
				-6,
				1,
				4,
				-1.682,
				4.167,
				7.313,
				4.333,
				9,
				1,
				4.533,
				11.024,
				4.733,
				11,
				4.933,
				11,
				0,
				5,
				11
			]
		},
		{
			"Target": "Parameter",
			"Id": "Param31",
			"Segments": [
				0,
				0,
				1,
				0.322,
				0,
				0.644,
				15,
				0.967,
				15,
				1,
				1.311,
				15,
				1.656,
				-23,
				2,
				-23,
				1,
				2.356,
				-23,
				2.711,
				22,
				3.067,
				22,
				1,
				3.367,
				22,
				3.667,
				9.047,
				3.967,
				-5,
				1,
				4.289,
				-20.087,
				4.611,
				-24,
				4.933,
				-24,
				0,
				5,
				-24
			]
		},
		{
			"Target": "Parameter",
			"Id": "Param32",
			"Segments": [
				0,
				0,
				1,
				0.322,
				0,
				0.644,
				10.886,
				0.967,
				12,
				1,
				1.311,
				13.19,
				1.656,
				13.116,
				2,
				14,
				1,
				2.356,
				14.912,
				2.711,
				16,
				3.067,
				16,
				1,
				3.367,
				16,
				3.667,
				8,
				3.967,
				8,
				1,
				4.289,
				8,
				4.611,
				18,
				4.933,
				18,
				0,
				5,
				18
			]
		},
		{
			"Target": "Parameter",
			"Id": "Param7",
			"Segments": [
				0,
				0,
				1,
				0.333,
				0,
				0.667,
				0,
				1,
				0,
				1,
				1.167,
				0,
				1.333,
				4,
				1.5,
				4,
				1,
				1.889,
				4,
				2.278,
				0,
				2.667,
				0,
				1,
				3,
				0,
				3.333,
				30,
				3.667,
				30,
				1,
				3.889,
				30,
				4.111,
				-13,
				4.333,
				-13,
				1,
				4.556,
				-13,
				4.778,
				0,
				5,
				0
			]
		},
		{
			"Target": "Parameter",
			"Id": "Param6",
			"Segments": [
				0,
				0,
				1,
				0.222,
				0,
				0.444,
				0.449,
				0.667,
				4,
				1,
				0.778,
				5.775,
				0.889,
				15,
				1,
				15,
				1,
				1.833,
				15,
				2.667,
				15,
				3.5,
				15,
				1,
				3.667,
				15,
				3.833,
				30,
				4,
				30,
				0,
				5,
				30
			]
		},
		{
			"Target": "Parameter",
			"Id": "Param5",
			"Segments": [
				0,
				0,
				1,
				0.433,
				0,
				0.867,
				0,
				1.3,
				0,
				1,
				1.478,
				0,
				1.656,
				30,
				1.833,
				30,
				1,
				2.444,
				30,
				3.056,
				10,
				3.667,
				10,
				1,
				4.044,
				10,
				4.422,
				30,
				4.8,
				30,
				0,
				5,
				30
			]
		},
		{
			"Target": "Parameter",
			"Id": "Param8",
			"Segments": [
				0,
				0,
				1,
				0.444,
				0,
				0.889,
				-18,
				1.333,
				-18,
				1,
				1.722,
				-18,
				2.111,
				2,
				2.5,
				2,
				1,
				2.822,
				2,
				3.144,
				-10,
				3.467,
				-10,
				1,
				3.922,
				-10,
				4.378,
				5,
				4.833,
				5,
				0,
				5,
				5
			]
		},
		{
			"Target": "Parameter",
			"Id": "Param9",
			"Segments": [
				0,
				0,
				1,
				0.489,
				0,
				0.978,
				-11,
				1.467,
				-11,
				1,
				1.856,
				-11,
				2.244,
				4,
				2.633,
				4,
				1,
				2.944,
				4,
				3.256,
				-6,
				3.567,
				-6,
				1,
				4.033,
				-6,
				4.5,
				5,
				4.967,
				5,
				0,
				5,
				5
			]
		},
		{
			"Target": "Parameter",
			"Id": "Param10",
			"Segments": [
				0,
				0,
				1,
				0.389,
				0,
				0.778,
				-19,
				1.167,
				-19,
				1,
				1.556,
				-19,
				1.944,
				9,
				2.333,
				9,
				1,
				2.667,
				9,
				3,
				-6,
				3.333,
				-6,
				1,
				3.722,
				-6,
				4.111,
				9,
				4.5,
				9,
				1,
				4.667,
				9,
				4.833,
				4,
				5,
				4
			]
		},
		{
			"Target": "Parameter",
			"Id": "Param13",
			"Segments": [
				0,
				0,
				1,
				0.411,
				0,
				0.822,
				-30,
				1.233,
				-30,
				1,
				1.644,
				-30,
				2.056,
				16,
				2.467,
				16,
				1,
				2.867,
				16,
				3.267,
				-30,
				3.667,
				-30,
				1,
				4.056,
				-30,
				4.444,
				-2,
				4.833,
				-2,
				0,
				5,
				-2
			]
		},
		{
			"Target": "Parameter",
			"Id": "Param14",
			"Segments": [
				0,
				0,
				1,
				0.411,
				0,
				0.822,
				-22,
				1.233,
				-22,
				1,
				1.644,
				-22,
				2.056,
				20,
				2.467,
				20,
				1,
				2.867,
				20,
				3.267,
				-22,
				3.667,
				-22,
				1,
				4.056,
				-22,
				4.444,
				-1,
				4.833,
				-1,
				0,
				5,
				-1
			]
		},
		{
			"Target": "Parameter",
			"Id": "Param12",
			"Segments": [
				0,
				0,
				1,
				0.433,
				0,
				0.867,
				-7,
				1.3,
				-7,
				1,
				1.7,
				-7,
				2.1,
				9,
				2.5,
				9,
				1,
				2.911,
				9,
				3.322,
				-7,
				3.733,
				-7,
				1,
				4.122,
				-7,
				4.511,
				5,
				4.9,
				5,
				0,
				5,
				5
			]
		},
		{
			"Target": "Parameter",
			"Id": "Param11",
			"Segments": [
				0,
				0,
				1,
				0.456,
				0,
				0.911,
				-12,
				1.367,
				-12,
				1,
				1.767,
				-12,
				2.167,
				12,
				2.567,
				12,
				1,
				2.978,
				12,
				3.389,
				-12,
				3.8,
				-12,
				1,
				4.189,
				-12,
				4.578,
				-1,
				4.967,
				-1,
				0,
				5,
				-1
			]
		},
		{
			"Target": "Parameter",
			"Id": "Param27",
			"Segments": [
				0,
				0,
				1,
				0.422,
				0,
				0.844,
				-25,
				1.267,
				-25,
				1,
				1.7,
				-25,
				2.133,
				23,
				2.567,
				23,
				1,
				2.967,
				23,
				3.367,
				-25,
				3.767,
				-25,
				1,
				4.178,
				-25,
				4.589,
				13,
				5,
				13
			]
		},
		{
			"Target": "Parameter",
			"Id": "Param28",
			"Segments": [
				0,
				0,
				1,
				0.456,
				0,
				0.911,
				-30,
				1.367,
				-30,
				1,
				1.733,
				-30,
				2.1,
				18,
				2.467,
				18,
				1,
				2.933,
				18,
				3.4,
				-30,
				3.867,
				-30,
				1,
				4.211,
				-30,
				4.556,
				9,
				4.9,
				9,
				0,
				5,
				9
			]
		},
		{
			"Target": "Parameter",
			"Id": "Param15",
			"Segments": [
				0,
				0,
				1,
				0.267,
				0,
				0.533,
				-4,
				0.8,
				-4,
				1,
				1.633,
				-4,
				2.467,
				0,
				3.3,
				0,
				1,
				3.756,
				0,
				4.211,
				-4,
				4.667,
				-4,
				0,
				5,
				-4
			]
		},
		{
			"Target": "Parameter",
			"Id": "Param16",
			"Segments": [
				0,
				0,
				1,
				0.3,
				0,
				0.6,
				-16,
				0.9,
				-16,
				1,
				1.733,
				-16,
				2.567,
				12,
				3.4,
				12,
				1,
				3.856,
				12,
				4.311,
				-11,
				4.767,
				-11,
				0,
				5,
				-11
			]
		},
		{
			"Target": "Parameter",
			"Id": "Param17",
			"Segments": [
				0,
				0,
				1,
				0.333,
				0,
				0.667,
				-30,
				1,
				-30,
				1,
				1.333,
				-30,
				1.667,
				30,
				2,
				30,
				1,
				2.333,
				30,
				2.667,
				-30,
				3,
				-30,
				1,
				3.378,
				-30,
				3.756,
				21,
				4.133,
				21,
				1,
				4.367,
				21,
				4.6,
				-16,
				4.833,
				-16,
				0,
				5,
				-16
			]
		},
		{
			"Target": "Parameter",
			"Id": "Param18",
			"Segments": [
				0,
				0,
				1,
				0.222,
				0,
				0.444,
				30,
				0.667,
				30,
				1,
				1.089,
				30,
				1.511,
				-18,
				1.933,
				-18,
				1,
				2.3,
				-18,
				2.667,
				27,
				3.033,
				27,
				1,
				3.389,
				27,
				3.744,
				-19,
				4.1,
				-19,
				1,
				4.356,
				-19,
				4.611,
				15,
				4.867,
				15,
				0,
				5,
				15
			]
		},
		{
			"Target": "Parameter",
			"Id": "Param19",
			"Segments": [
				0,
				0,
				1,
				0.267,
				0,
				0.533,
				-30,
				0.8,
				-30,
				1,
				1.4,
				-30,
				2,
				13,
				2.6,
				13,
				1,
				3.311,
				13,
				4.022,
				-25,
				4.733,
				-25,
				0,
				5,
				-25
			]
		},
		{
			"Target": "Parameter",
			"Id": "Param20",
			"Segments": [
				0,
				0,
				1,
				0.167,
				0,
				0.333,
				0,
				0.5,
				0,
				1,
				0.711,
				0,
				0.922,
				30,
				1.133,
				30,
				1,
				1.422,
				30,
				1.711,
				-30,
				2,
				-30,
				1,
				2.333,
				-30,
				2.667,
				30,
				3,
				30,
				1,
				3.333,
				30,
				3.667,
				-10,
				4,
				-10,
				1,
				4.278,
				-10,
				4.556,
				25,
				4.833,
				25,
				0,
				5,
				25
			]
		},
		{
			"Target": "Parameter",
			"Id": "Param21",
			"Segments": [
				0,
				0,
				1,
				0.356,
				0,
				0.711,
				-15,
				1.067,
				-15,
				1,
				1.544,
				-15,
				2.022,
				17,
				2.5,
				17,
				1,
				2.822,
				17,
				3.144,
				-15,
				3.467,
				-15,
				1,
				3.911,
				-15,
				4.356,
				11,
				4.8,
				11,
				0,
				5,
				11
			]
		},
		{
			"Target": "Parameter",
			"Id": "Param26",
			"Segments": [
				0,
				0,
				1,
				0.4,
				0,
				0.8,
				-30,
				1.2,
				-30,
				1,
				1.678,
				-30,
				2.156,
				30,
				2.633,
				30,
				1,
				3.033,
				30,
				3.433,
				-13,
				3.833,
				-13,
				1,
				4.189,
				-13,
				4.544,
				8,
				4.9,
				8,
				0,
				5,
				8
			]
		},
		{
			"Target": "Parameter",
			"Id": "Param22",
			"Segments": [
				0,
				0,
				1,
				0.433,
				0,
				0.867,
				-16,
				1.3,
				-16,
				1,
				1.733,
				-16,
				2.167,
				30,
				2.6,
				30,
				1,
				2.956,
				30,
				3.311,
				-23,
				3.667,
				-23,
				1,
				4.078,
				-23,
				4.489,
				15,
				4.9,
				15,
				0,
				5,
				15
			]
		},
		{
			"Target": "Parameter",
			"Id": "Param33",
			"Segments": [
				0,
				0,
				1,
				0.456,
				0,
				0.911,
				24,
				1.367,
				24,
				1,
				1.778,
				24,
				2.189,
				-11,
				2.6,
				-11,
				1,
				3.033,
				-11,
				3.467,
				12,
				3.9,
				12,
				1,
				4.244,
				12,
				4.589,
				-7,
				4.933,
				-7,
				0,
				5,
				-7
			]
		},
		{
			"Target": "Parameter",
			"Id": "Param34",
			"Segments": [
				0,
				0,
				1,
				0.778,
				0,
				1.556,
				0,
				2.333,
				0,
				1,
				2.578,
				0,
				2.822,
				30,
				3.067,
				30,
				1,
				3.267,
				30,
				3.467,
				30,
				3.667,
				30,
				1,
				3.867,
				30,
				4.067,
				30,
				4.267,
				30,
				1,
				4.489,
				30,
				4.711,
				2,
				4.933,
				2,
				0,
				5,
				2
			]
		},
		{
			"Target": "Parameter",
			"Id": "Param38",
			"Segments": [
				0,
				0,
				1,
				0.556,
				0,
				1.111,
				30,
				1.667,
				30,
				1,
				2.067,
				30,
				2.467,
				-22,
				2.867,
				-22,
				1,
				3.278,
				-22,
				3.689,
				18,
				4.1,
				18,
				1,
				4.344,
				18,
				4.589,
				-6,
				4.833,
				-6,
				0,
				5,
				-6
			]
		}
	]
}