{
	"Version": 3,
	"Meta": {
		"Duration": 2.6,
		"Fps": 30.0,
		"Loop": true,
		"AreBeziersRestricted": true,
		"CurveCount": 106,
		"TotalSegmentCount": 412,
		"TotalPointCount": 1204,
		"UserDataCount": 0,
		"TotalUserDataSize": 0
	},
	"Curves": [
		{
			"Target": "Parameter",
			"Id": "Param93",
			"Segments": [
				0,
				0,
				1,
				0.867,
				0,
				1.733,
				0,
				2.6,
				0
			]
		},
		{
			"Target": "Parameter",
			"Id": "Param94",
			"Segments": [
				0,
				0,
				1,
				0.867,
				0,
				1.733,
				0,
				2.6,
				0
			]
		},
		{
			"Target": "Parameter",
			"Id": "Param95",
			"Segments": [
				0,
				0,
				1,
				0.867,
				0,
				1.733,
				0,
				2.6,
				0
			]
		},
		{
			"Target": "Parameter",
			"Id": "Param96",
			"Segments": [
				0,
				0,
				1,
				0.867,
				0,
				1.733,
				0,
				2.6,
				0
			]
		},
		{
			"Target": "Parameter",
			"Id": "Param97",
			"Segments": [
				0,
				0,
				1,
				0.867,
				0,
				1.733,
				0,
				2.6,
				0
			]
		},
		{
			"Target": "Parameter",
			"Id": "Param85",
			"Segments": [
				0,
				0,
				0,
				1.5,
				1,
				0,
				2.6,
				1
			]
		},
		{
			"Target": "Parameter",
			"Id": "Param86",
			"Segments": [
				0,
				0,
				0,
				0.667,
				0,
				0,
				1.767,
				1,
				0,
				2.6,
				1
			]
		},
		{
			"Target": "Parameter",
			"Id": "Param87",
			"Segments": [
				0,
				0,
				0,
				0.333,
				0,
				0,
				2.6,
				0.932
			]
		},
		{
			"Target": "Parameter",
			"Id": "Param88",
			"Segments": [
				0,
				0,
				0,
				2.6,
				0
			]
		},
		{
			"Target": "Parameter",
			"Id": "Param89",
			"Segments": [
				0,
				0,
				0,
				2,
				0,
				0,
				2.6,
				0.857
			]
		},
		{
			"Target": "Parameter",
			"Id": "Param90",
			"Segments": [
				0,
				0,
				0,
				2.6,
				0
			]
		},
		{
			"Target": "Parameter",
			"Id": "Param91",
			"Segments": [
				0,
				0,
				0,
				2.2,
				0,
				0,
				2.6,
				0
			]
		},
		{
			"Target": "Parameter",
			"Id": "Param92",
			"Segments": [
				0,
				0,
				0,
				1.5,
				0,
				0,
				2.567,
				1,
				0,
				2.6,
				1
			]
		},
		{
			"Target": "Parameter",
			"Id": "Param47",
			"Segments": [
				0,
				0,
				0,
				2.6,
				0
			]
		},
		{
			"Target": "Parameter",
			"Id": "Param",
			"Segments": [
				0,
				0,
				0,
				2.6,
				0
			]
		},
		{
			"Target": "Parameter",
			"Id": "Param65",
			"Segments": [
				0,
				0,
				0,
				2.6,
				0
			]
		},
		{
			"Target": "Parameter",
			"Id": "Param66",
			"Segments": [
				0,
				0,
				0,
				2.6,
				0
			]
		},
		{
			"Target": "Parameter",
			"Id": "Param46",
			"Segments": [
				0,
				0,
				0,
				2.6,
				0
			]
		},
		{
			"Target": "Parameter",
			"Id": "Param45",
			"Segments": [
				0,
				0,
				0,
				2.6,
				0
			]
		},
		{
			"Target": "Parameter",
			"Id": "Param30",
			"Segments": [
				0,
				-13,
				1,
				0.433,
				-13,
				0.867,
				22,
				1.3,
				22,
				1,
				1.733,
				22,
				2.167,
				-14,
				2.6,
				-14
			]
		},
		{
			"Target": "Parameter",
			"Id": "Param31",
			"Segments": [
				0,
				19,
				1,
				0.333,
				19,
				0.667,
				-24,
				1,
				-24,
				1,
				1.389,
				-24,
				1.778,
				16,
				2.167,
				16,
				1,
				2.311,
				16,
				2.456,
				12.303,
				2.6,
				7.312
			]
		},
		{
			"Target": "Parameter",
			"Id": "Param32",
			"Segments": [
				0,
				-1,
				1,
				0.111,
				4.492,
				0.222,
				10,
				0.333,
				10,
				1,
				0.444,
				10,
				0.556,
				6.982,
				0.667,
				0,
				1,
				0.778,
				-6.982,
				0.889,
				-11,
				1,
				-11,
				1,
				1.111,
				-11,
				1.222,
				-1,
				1.333,
				-1,
				1,
				1.444,
				4.492,
				1.556,
				10,
				1.667,
				10,
				1,
				1.778,
				10,
				1.889,
				6.982,
				2,
				0,
				1,
				2.111,
				-6.982,
				2.222,
				-11,
				2.333,
				-11,
				1,
				2.419,
				-11,
				2.518,
				-5.027,
				2.6,
				-2.313
			]
		},
		{
			"Target": "Parameter",
			"Id": "Param33",
			"Segments": [
				0,
				16,
				1,
				0.111,
				16,
				0.222,
				10.333,
				0.333,
				-1,
				1,
				0.444,
				-12.333,
				0.556,
				-18,
				0.667,
				-18,
				1,
				0.778,
				-18,
				0.889,
				-12.333,
				1,
				-1,
				1,
				1.111,
				10.333,
				1.222,
				16,
				1.333,
				16,
				1,
				1.444,
				16,
				1.556,
				10.333,
				1.667,
				-1,
				1,
				1.778,
				-12.333,
				1.889,
				-18,
				2,
				-18,
				1,
				2.111,
				-18,
				2.222,
				-12.333,
				2.333,
				-1,
				1,
				2.422,
				8.067,
				2.511,
				13.507,
				2.6,
				15.32
			]
		},
		{
			"Target": "Parameter",
			"Id": "Param62",
			"Segments": [
				0,
				0,
				1,
				0.444,
				0,
				0.889,
				1,
				1.333,
				1,
				1,
				1.756,
				1,
				2.178,
				0,
				2.6,
				0
			]
		},
		{
			"Target": "Parameter",
			"Id": "Param22",
			"Segments": [
				0,
				-22,
				1,
				0.111,
				-22,
				0.222,
				-13.585,
				0.333,
				0,
				1,
				0.444,
				13.585,
				0.556,
				19,
				0.667,
				19,
				1,
				0.778,
				19,
				0.889,
				13.585,
				1,
				0,
				1,
				1.111,
				-13.585,
				1.222,
				-22,
				1.333,
				-22,
				1,
				1.444,
				-22,
				1.556,
				-13.585,
				1.667,
				0,
				1,
				1.778,
				13.585,
				1.889,
				19,
				2,
				19,
				1,
				2.111,
				19,
				2.222,
				13.585,
				2.333,
				0,
				1,
				2.422,
				-10.868,
				2.511,
				-18.427,
				2.6,
				-21.016
			]
		},
		{
			"Target": "Parameter",
			"Id": "Param23",
			"Segments": [
				0,
				-1,
				1,
				0.111,
				-1,
				0.222,
				18,
				0.333,
				18,
				1,
				0.444,
				18,
				0.556,
				11.323,
				0.667,
				-1,
				1,
				0.778,
				-13.323,
				0.889,
				-19,
				1,
				-19,
				1,
				1.111,
				-19,
				1.222,
				-13.323,
				1.333,
				-1,
				1,
				1.444,
				11.323,
				1.556,
				18,
				1.667,
				18,
				1,
				1.778,
				18,
				1.889,
				11.323,
				2,
				-1,
				1,
				2.111,
				-13.323,
				2.222,
				-19,
				2.333,
				-19,
				1,
				2.422,
				-19,
				2.511,
				-15.367,
				2.6,
				-7.604
			]
		},
		{
			"Target": "Parameter",
			"Id": "Param27",
			"Segments": [
				0,
				-9,
				1,
				0.167,
				-9,
				0.333,
				19,
				0.5,
				19,
				1,
				0.833,
				19,
				1.167,
				-22,
				1.5,
				-22,
				1,
				1.722,
				-22,
				1.944,
				17,
				2.167,
				17,
				1,
				2.311,
				17,
				2.456,
				3.48,
				2.6,
				-5.984
			]
		},
		{
			"Target": "Parameter",
			"Id": "Param24",
			"Segments": [
				0,
				-6,
				1,
				0.278,
				-6,
				0.556,
				17,
				0.833,
				17,
				1,
				1.111,
				17,
				1.389,
				-18,
				1.667,
				-18,
				1,
				1.889,
				-18,
				2.111,
				16,
				2.333,
				16,
				1,
				2.422,
				16,
				2.511,
				11.36,
				2.6,
				5.792
			]
		},
		{
			"Target": "Parameter",
			"Id": "Param25",
			"Segments": [
				0,
				-9,
				1,
				0.111,
				-9,
				0.222,
				-6,
				0.333,
				0,
				1,
				0.444,
				6,
				0.556,
				9,
				0.667,
				9,
				1,
				0.778,
				9,
				0.889,
				6,
				1,
				0,
				1,
				1.111,
				-6,
				1.222,
				-9,
				1.333,
				-9,
				1,
				1.444,
				-9,
				1.556,
				-6,
				1.667,
				0,
				1,
				1.778,
				6,
				1.889,
				9,
				2,
				9,
				1,
				2.111,
				9,
				2.222,
				6,
				2.333,
				0,
				1,
				2.422,
				-4.8,
				2.511,
				-7.68,
				2.6,
				-8.64
			]
		},
		{
			"Target": "Parameter",
			"Id": "Param26",
			"Segments": [
				0,
				-2,
				1,
				0.111,
				-2,
				0.222,
				-14,
				0.333,
				-14,
				1,
				0.444,
				-14,
				0.556,
				-11.116,
				0.667,
				-2,
				1,
				0.778,
				7.116,
				0.889,
				14,
				1,
				14,
				1,
				1.111,
				14,
				1.222,
				7.116,
				1.333,
				-2,
				1,
				1.444,
				-11.116,
				1.556,
				-14,
				1.667,
				-14,
				1,
				1.778,
				-14,
				1.889,
				-11.116,
				2,
				-2,
				1,
				2.111,
				7.116,
				2.222,
				14,
				2.333,
				14,
				1,
				2.422,
				14,
				2.511,
				9.594,
				2.6,
				3.164
			]
		},
		{
			"Target": "Parameter",
			"Id": "Param28",
			"Segments": [
				0,
				-12,
				1,
				0.222,
				-12,
				0.444,
				26,
				0.667,
				26,
				1,
				0.944,
				26,
				1.222,
				-13,
				1.5,
				-13,
				1,
				1.778,
				-13,
				2.056,
				15,
				2.333,
				15,
				0,
				2.6,
				15
			]
		},
		{
			"Target": "Parameter",
			"Id": "Param29",
			"Segments": [
				0,
				-8,
				1,
				0.278,
				-8,
				0.556,
				30,
				0.833,
				30,
				1,
				1.111,
				30,
				1.389,
				-15,
				1.667,
				-15,
				1,
				1.944,
				-15,
				2.222,
				30,
				2.5,
				30,
				1,
				2.533,
				30,
				2.567,
				29.1,
				2.6,
				27.57
			]
		},
		{
			"Target": "Parameter",
			"Id": "Param19",
			"Segments": [
				0,
				0,
				1,
				0.167,
				0,
				0.333,
				-30,
				0.5,
				-30,
				1,
				0.856,
				-30,
				1.211,
				15,
				1.567,
				15,
				1,
				1.878,
				15,
				2.189,
				-14,
				2.5,
				-14,
				0,
				2.6,
				-14
			]
		},
		{
			"Target": "Parameter",
			"Id": "Param20",
			"Segments": [
				0,
				0,
				1,
				0.111,
				0,
				0.222,
				0,
				0.333,
				0,
				1,
				0.444,
				0,
				0.556,
				1,
				0.667,
				1,
				0,
				2.6,
				1
			]
		},
		{
			"Target": "Parameter",
			"Id": "Param21",
			"Segments": [
				0,
				0,
				1,
				0.111,
				0,
				0.222,
				0,
				0.333,
				0,
				1,
				0.444,
				0,
				0.556,
				1,
				0.667,
				1,
				0,
				2.6,
				1
			]
		},
		{
			"Target": "Parameter",
			"Id": "Param39",
			"Segments": [
				0,
				0,
				0,
				2.6,
				0
			]
		},
		{
			"Target": "Parameter",
			"Id": "Param40",
			"Segments": [
				0,
				0,
				0,
				2.6,
				0
			]
		},
		{
			"Target": "Parameter",
			"Id": "Param41",
			"Segments": [
				0,
				0,
				0,
				2.6,
				0
			]
		},
		{
			"Target": "Parameter",
			"Id": "Param42",
			"Segments": [
				0,
				0,
				0,
				2.6,
				0
			]
		},
		{
			"Target": "Parameter",
			"Id": "Param43",
			"Segments": [
				0,
				-16,
				1,
				0.056,
				-16,
				0.111,
				17,
				0.167,
				17,
				1,
				0.222,
				17,
				0.278,
				-12.618,
				0.333,
				-13,
				1,
				0.667,
				-15.292,
				1,
				-16,
				1.333,
				-16,
				1,
				1.389,
				-16,
				1.444,
				17,
				1.5,
				17,
				1,
				1.556,
				17,
				1.611,
				-13,
				1.667,
				-13,
				0,
				2.6,
				-13
			]
		},
		{
			"Target": "Parameter",
			"Id": "Param44",
			"Segments": [
				0,
				-14,
				0,
				0.367,
				-14,
				1,
				0.422,
				-14,
				0.478,
				14,
				0.533,
				14,
				1,
				0.589,
				14,
				0.644,
				-14,
				0.7,
				-14,
				1,
				1.033,
				-14,
				1.367,
				-14,
				1.7,
				-14,
				1,
				1.756,
				-14,
				1.811,
				14,
				1.867,
				14,
				1,
				1.922,
				14,
				1.978,
				-14,
				2.033,
				-14,
				0,
				2.6,
				-14
			]
		},
		{
			"Target": "Parameter",
			"Id": "Param53",
			"Segments": [
				0,
				0,
				1,
				0.167,
				0,
				0.333,
				-18,
				0.5,
				-18,
				1,
				0.733,
				-18,
				0.967,
				16,
				1.2,
				16,
				1,
				1.411,
				16,
				1.622,
				-21,
				1.833,
				-21,
				1,
				2.056,
				-21,
				2.278,
				18,
				2.5,
				18,
				0,
				2.6,
				18
			]
		},
		{
			"Target": "Parameter",
			"Id": "Param54",
			"Segments": [
				0,
				0,
				1,
				0.167,
				0,
				0.333,
				16,
				0.5,
				16,
				1,
				0.733,
				16,
				0.967,
				-17,
				1.2,
				-17,
				1,
				1.411,
				-17,
				1.622,
				18,
				1.833,
				18,
				1,
				2.056,
				18,
				2.278,
				-18,
				2.5,
				-18,
				0,
				2.6,
				-18
			]
		},
		{
			"Target": "Parameter",
			"Id": "Param99",
			"Segments": [
				0,
				-16,
				1,
				0.278,
				-16,
				0.556,
				14,
				0.833,
				14,
				1,
				1.111,
				14,
				1.389,
				-16,
				1.667,
				-16,
				1,
				1.978,
				-16,
				2.289,
				16,
				2.6,
				16
			]
		},
		{
			"Target": "Parameter",
			"Id": "Param12",
			"Segments": [
				0,
				-12,
				1,
				0.111,
				-12,
				0.222,
				-7.667,
				0.333,
				1,
				1,
				0.444,
				9.667,
				0.556,
				14,
				0.667,
				14,
				1,
				0.778,
				14,
				0.889,
				7.431,
				1,
				-1,
				1,
				1.111,
				-9.431,
				1.222,
				-12,
				1.333,
				-12,
				1,
				1.444,
				-12,
				1.556,
				-7.667,
				1.667,
				1,
				1,
				1.778,
				9.667,
				1.889,
				14,
				2,
				14,
				1,
				2.111,
				14,
				2.222,
				7.431,
				2.333,
				-1,
				1,
				2.422,
				-7.745,
				2.511,
				-10.738,
				2.6,
				-11.665
			]
		},
		{
			"Target": "Parameter",
			"Id": "Param13",
			"Segments": [
				0,
				0,
				1,
				0.111,
				0,
				0.222,
				-16,
				0.333,
				-16,
				1,
				0.444,
				-16,
				0.556,
				-12.478,
				0.667,
				-2,
				1,
				0.778,
				8.478,
				0.889,
				16,
				1,
				16,
				1,
				1.111,
				16,
				1.222,
				10.667,
				1.333,
				0,
				1,
				1.444,
				-10.667,
				1.556,
				-16,
				1.667,
				-16,
				1,
				1.778,
				-16,
				1.889,
				-12.478,
				2,
				-2,
				1,
				2.111,
				8.478,
				2.222,
				16,
				2.333,
				16,
				1,
				2.422,
				16,
				2.511,
				12.587,
				2.6,
				5.76
			]
		},
		{
			"Target": "Parameter",
			"Id": "Param14",
			"Segments": [
				0,
				0,
				1,
				0.111,
				0,
				0.222,
				-12,
				0.333,
				-12,
				1,
				0.444,
				-12,
				0.556,
				-8.608,
				0.667,
				0,
				1,
				0.778,
				8.608,
				0.889,
				14,
				1,
				14,
				1,
				1.111,
				14,
				1.222,
				8.608,
				1.333,
				0,
				1,
				1.444,
				-8.608,
				1.556,
				-12,
				1.667,
				-12,
				1,
				1.778,
				-12,
				1.889,
				-8.608,
				2,
				0,
				1,
				2.111,
				8.608,
				2.222,
				14,
				2.333,
				14,
				1,
				2.422,
				14,
				2.511,
				10.549,
				2.6,
				4.761
			]
		},
		{
			"Target": "Parameter",
			"Id": "Param15",
			"Segments": [
				0,
				19,
				1,
				0.111,
				19,
				0.222,
				11.242,
				0.333,
				-1,
				1,
				0.444,
				-13.242,
				0.556,
				-18,
				0.667,
				-18,
				1,
				0.778,
				-18,
				0.889,
				-12.323,
				1,
				0,
				1,
				1.111,
				12.323,
				1.222,
				19,
				1.333,
				19,
				1,
				1.444,
				19,
				1.556,
				11.242,
				1.667,
				-1,
				1,
				1.778,
				-13.242,
				1.889,
				-18,
				2,
				-18,
				1,
				2.111,
				-18,
				2.222,
				-12.323,
				2.333,
				0,
				1,
				2.422,
				9.859,
				2.511,
				16.103,
				2.6,
				18.207
			]
		},
		{
			"Target": "Parameter",
			"Id": "Param9",
			"Segments": [
				0,
				-23,
				1,
				0.111,
				-23,
				0.222,
				-19.935,
				0.333,
				-9,
				1,
				0.444,
				1.935,
				0.556,
				11,
				0.667,
				11,
				1,
				0.778,
				11,
				0.889,
				-2.249,
				1,
				-12,
				1,
				1.111,
				-21.751,
				1.222,
				-23,
				1.333,
				-23,
				1,
				1.444,
				-23,
				1.556,
				-19.935,
				1.667,
				-9,
				1,
				1.778,
				1.935,
				1.889,
				11,
				2,
				11,
				1,
				2.111,
				11,
				2.222,
				-2.249,
				2.333,
				-12,
				1,
				2.422,
				-19.801,
				2.511,
				-22.16,
				2.6,
				-22.792
			]
		},
		{
			"Target": "Parameter",
			"Id": "Param10",
			"Segments": [
				0,
				0,
				1,
				0.111,
				0,
				0.222,
				18,
				0.333,
				18,
				1,
				0.444,
				18,
				0.556,
				12.627,
				0.667,
				0,
				1,
				0.778,
				-12.627,
				0.889,
				-20,
				1,
				-20,
				1,
				1.111,
				-20,
				1.222,
				-12.627,
				1.333,
				0,
				1,
				1.444,
				12.627,
				1.556,
				18,
				1.667,
				18,
				1,
				1.778,
				18,
				1.889,
				12.627,
				2,
				0,
				1,
				2.111,
				-12.627,
				2.222,
				-20,
				2.333,
				-20,
				1,
				2.422,
				-20,
				2.511,
				-15.281,
				2.6,
				-6.929
			]
		},
		{
			"Target": "Parameter",
			"Id": "Param11",
			"Segments": [
				0,
				0,
				1,
				0.167,
				0,
				0.333,
				-24,
				0.5,
				-24,
				1,
				0.611,
				-24,
				0.722,
				-19.462,
				0.833,
				-14,
				1,
				0.944,
				-8.538,
				1.056,
				-7,
				1.167,
				-7,
				1,
				1.278,
				-7,
				1.389,
				-9.356,
				1.5,
				-15,
				1,
				1.611,
				-20.644,
				1.722,
				-24,
				1.833,
				-24,
				1,
				1.944,
				-24,
				2.056,
				-19.462,
				2.167,
				-14,
				1,
				2.278,
				-8.538,
				2.389,
				-7,
				2.5,
				-7,
				1,
				2.533,
				-7,
				2.567,
				-7.72,
				2.6,
				-8.728
			]
		},
		{
			"Target": "Parameter",
			"Id": "Param18",
			"Segments": [
				0,
				0,
				1,
				0.167,
				0,
				0.333,
				-9,
				0.5,
				-9,
				1,
				0.611,
				-9,
				0.722,
				12,
				0.833,
				12,
				1,
				0.944,
				12,
				1.056,
				4.798,
				1.167,
				-5,
				1,
				1.278,
				-14.798,
				1.389,
				-18,
				1.5,
				-18,
				1,
				1.611,
				-18,
				1.722,
				-17.203,
				1.833,
				-9,
				1,
				1.944,
				-0.797,
				2.056,
				12,
				2.167,
				12,
				1,
				2.278,
				12,
				2.389,
				4.798,
				2.5,
				-5,
				1,
				2.533,
				-7.939,
				2.567,
				-10.285,
				2.6,
				-12.129
			]
		},
		{
			"Target": "Parameter",
			"Id": "Param34",
			"Segments": [
				0,
				0,
				1,
				0.422,
				0,
				0.844,
				0,
				1.267,
				0,
				1,
				1.333,
				0,
				1.4,
				1,
				1.467,
				1,
				0,
				2.6,
				1
			]
		},
		{
			"Target": "Parameter",
			"Id": "Param35",
			"Segments": [
				0,
				0,
				1,
				0.422,
				0,
				0.844,
				0,
				1.267,
				0,
				1,
				1.333,
				0,
				1.4,
				1,
				1.467,
				1,
				0,
				2.6,
				1
			]
		},
		{
			"Target": "Parameter",
			"Id": "Param36",
			"Segments": [
				0,
				0,
				0,
				2.6,
				0
			]
		},
		{
			"Target": "Parameter",
			"Id": "Param37",
			"Segments": [
				0,
				0,
				0,
				2.6,
				0
			]
		},
		{
			"Target": "Parameter",
			"Id": "Param38",
			"Segments": [
				0,
				0,
				0,
				2.6,
				0
			]
		},
		{
			"Target": "Parameter",
			"Id": "Param58",
			"Segments": [
				0,
				0,
				1,
				0.422,
				0,
				0.844,
				-8,
				1.267,
				-8,
				1,
				1.378,
				-8,
				1.489,
				30,
				1.6,
				30,
				1,
				1.678,
				30,
				1.756,
				-12,
				1.833,
				-12,
				1,
				1.889,
				-12,
				1.944,
				12,
				2,
				12,
				1,
				2.056,
				12,
				2.111,
				-14,
				2.167,
				-14,
				1,
				2.311,
				-14,
				2.456,
				1.204,
				2.6,
				8.359
			]
		},
		{
			"Target": "Parameter",
			"Id": "Param98",
			"Segments": [
				0,
				-12,
				1,
				0.333,
				-12,
				0.667,
				14,
				1,
				14,
				1,
				1.333,
				14,
				1.667,
				-12,
				2,
				-12,
				1,
				2.2,
				-12,
				2.4,
				-2.64,
				2.6,
				4.848
			]
		},
		{
			"Target": "Parameter",
			"Id": "Param100",
			"Segments": [
				0,
				-13,
				1,
				0.278,
				-13,
				0.556,
				13,
				0.833,
				13,
				1,
				1.111,
				13,
				1.389,
				-4,
				1.667,
				-4,
				1,
				1.978,
				-4,
				2.289,
				6,
				2.6,
				6
			]
		},
		{
			"Target": "Parameter",
			"Id": "Param5",
			"Segments": [
				0,
				-12,
				1,
				0.167,
				-12,
				0.333,
				-9.973,
				0.5,
				0,
				1,
				0.611,
				6.648,
				0.722,
				17,
				0.833,
				17,
				1,
				0.944,
				17,
				1.056,
				8.028,
				1.167,
				0,
				1,
				1.278,
				-8.028,
				1.389,
				-13.634,
				1.5,
				-19,
				1,
				1.667,
				-27.049,
				1.833,
				-30,
				2,
				-30,
				1,
				2.2,
				-30,
				2.4,
				-21,
				2.6,
				-21
			]
		},
		{
			"Target": "Parameter",
			"Id": "Param6",
			"Segments": [
				0,
				-1,
				1,
				0.167,
				-1,
				0.333,
				19,
				0.5,
				19,
				1,
				0.611,
				19,
				0.722,
				7.746,
				0.833,
				-1,
				1,
				0.944,
				-9.746,
				1.056,
				-16.632,
				1.167,
				-21,
				1,
				1.278,
				-25.368,
				1.389,
				-26,
				1.5,
				-26,
				1,
				1.667,
				-26,
				1.833,
				-23.223,
				2,
				-16,
				1,
				2.2,
				-7.332,
				2.4,
				-2,
				2.6,
				-2
			]
		},
		{
			"Target": "Parameter",
			"Id": "Param8",
			"Segments": [
				0,
				28,
				1,
				0.167,
				28,
				0.333,
				25.378,
				0.5,
				16,
				1,
				0.611,
				9.748,
				0.722,
				3,
				0.833,
				3,
				1,
				0.944,
				3,
				1.056,
				14.291,
				1.167,
				16,
				1,
				1.467,
				20.614,
				1.767,
				23.448,
				2.067,
				27,
				1,
				2.244,
				29.105,
				2.422,
				30,
				2.6,
				30
			]
		},
		{
			"Target": "Parameter",
			"Id": "Param7",
			"Segments": [
				0,
				14,
				1,
				0.167,
				14,
				0.333,
				1,
				0.5,
				1,
				1,
				0.611,
				1,
				0.722,
				16,
				0.833,
				16,
				1,
				0.944,
				16,
				1.056,
				2,
				1.167,
				2,
				1,
				1.467,
				2,
				1.767,
				30,
				2.067,
				30,
				1,
				2.244,
				30,
				2.422,
				30,
				2.6,
				30
			]
		},
		{
			"Target": "Parameter",
			"Id": "ParamHairBack",
			"Segments": [
				0,
				0,
				1,
				0.222,
				0,
				0.444,
				0.3,
				0.667,
				0.3,
				1,
				0.9,
				0.3,
				1.133,
				-0.4,
				1.367,
				-0.4,
				1,
				1.689,
				-0.4,
				2.011,
				0.2,
				2.333,
				0.2,
				1,
				2.422,
				0.2,
				2.511,
				-0.2,
				2.6,
				-0.2
			]
		},
		{
			"Target": "Parameter",
			"Id": "ParamHairFront",
			"Segments": [
				0,
				0,
				1,
				0.211,
				0,
				0.422,
				0.4,
				0.633,
				0.4,
				1,
				0.867,
				0.4,
				1.1,
				-0.5,
				1.333,
				-0.5,
				1,
				1.656,
				-0.5,
				1.978,
				0.2,
				2.3,
				0.2,
				1,
				2.389,
				0.2,
				2.478,
				-0.1,
				2.567,
				-0.1,
				0,
				2.6,
				-0.1
			]
		},
		{
			"Target": "Parameter",
			"Id": "ParamHairSide",
			"Segments": [
				0,
				0,
				1,
				0.2,
				0,
				0.4,
				0.4,
				0.6,
				0.4,
				1,
				0.833,
				0.4,
				1.067,
				-0.6,
				1.3,
				-0.6,
				1,
				1.622,
				-0.6,
				1.944,
				0.3,
				2.267,
				0.3,
				1,
				2.356,
				0.3,
				2.444,
				-0.1,
				2.533,
				-0.1,
				0,
				2.6,
				-0.1
			]
		},
		{
			"Target": "Parameter",
			"Id": "Param2",
			"Segments": [
				0,
				0,
				1,
				0.222,
				0,
				0.444,
				10,
				0.667,
				10,
				1,
				0.9,
				10,
				1.133,
				-17,
				1.367,
				-17,
				1,
				1.689,
				-17,
				2.011,
				9,
				2.333,
				9,
				1,
				2.422,
				9,
				2.511,
				-3,
				2.6,
				-3
			]
		},
		{
			"Target": "Parameter",
			"Id": "Param3",
			"Segments": [
				0,
				0,
				1,
				0.211,
				0,
				0.422,
				9,
				0.633,
				9,
				1,
				0.867,
				9,
				1.1,
				-10,
				1.333,
				-10,
				1,
				1.656,
				-10,
				1.978,
				9,
				2.3,
				9,
				1,
				2.389,
				9,
				2.478,
				-2,
				2.567,
				-2,
				0,
				2.6,
				-2
			]
		},
		{
			"Target": "Parameter",
			"Id": "Param4",
			"Segments": [
				0,
				0,
				1,
				0.189,
				0,
				0.378,
				10,
				0.567,
				10,
				1,
				0.8,
				10,
				1.033,
				-22,
				1.267,
				-22,
				1,
				1.589,
				-22,
				1.911,
				9,
				2.233,
				9,
				1,
				2.322,
				9,
				2.411,
				-2,
				2.5,
				-2,
				0,
				2.6,
				-2
			]
		},
		{
			"Target": "Parameter",
			"Id": "Param55",
			"Segments": [
				0,
				0,
				1,
				0.222,
				0,
				0.444,
				9,
				0.667,
				9,
				1,
				0.9,
				9,
				1.133,
				-14,
				1.367,
				-14,
				1,
				1.689,
				-14,
				2.011,
				9,
				2.333,
				9,
				1,
				2.422,
				9,
				2.511,
				-2,
				2.6,
				-2
			]
		},
		{
			"Target": "Parameter",
			"Id": "Param56",
			"Segments": [
				0,
				0,
				1,
				0.2,
				0,
				0.4,
				10,
				0.6,
				10,
				1,
				0.833,
				10,
				1.067,
				-16,
				1.3,
				-16,
				1,
				1.622,
				-16,
				1.944,
				9,
				2.267,
				9,
				1,
				2.356,
				9,
				2.444,
				-2,
				2.533,
				-2,
				0,
				2.6,
				-2
			]
		},
		{
			"Target": "Parameter",
			"Id": "Param57",
			"Segments": [
				0,
				-11,
				1,
				0.433,
				-11,
				0.867,
				30,
				1.3,
				30,
				1,
				1.5,
				30,
				1.7,
				-3,
				1.9,
				-3,
				1,
				2.022,
				-3,
				2.144,
				12,
				2.267,
				12,
				0,
				2.6,
				12
			]
		},
		{
			"Target": "Parameter",
			"Id": "ParamAngleX",
			"Segments": [
				0,
				0,
				1,
				0.167,
				0,
				0.333,
				0,
				0.5,
				0,
				0,
				2.6,
				0
			]
		},
		{
			"Target": "Parameter",
			"Id": "ParamAngleY",
			"Segments": [
				0,
				0,
				1,
				0.167,
				0,
				0.333,
				0,
				0.5,
				0,
				0,
				2.6,
				0
			]
		},
		{
			"Target": "Parameter",
			"Id": "ParamAngleZ",
			"Segments": [
				0,
				0,
				1,
				0.189,
				0,
				0.378,
				9,
				0.567,
				9,
				1,
				0.789,
				9,
				1.011,
				-2.727,
				1.233,
				-8,
				1,
				1.378,
				-11.428,
				1.522,
				-11,
				1.667,
				-11,
				0,
				2.6,
				-11
			]
		},
		{
			"Target": "Parameter",
			"Id": "ParamEyeLOpen",
			"Segments": [
				0,
				1,
				1,
				0.167,
				1,
				0.333,
				1,
				0.5,
				1,
				1,
				0.744,
				1,
				0.989,
				0.8,
				1.233,
				0.8,
				0,
				2.6,
				0.8
			]
		},
		{
			"Target": "Parameter",
			"Id": "ParamEyeLSmile",
			"Segments": [
				0,
				0,
				1,
				0.167,
				0,
				0.333,
				0,
				0.5,
				0,
				1,
				0.744,
				0,
				0.989,
				0,
				1.233,
				0,
				0,
				2.6,
				0
			]
		},
		{
			"Target": "Parameter",
			"Id": "ParamEyeROpen",
			"Segments": [
				0,
				1,
				1,
				0.167,
				1,
				0.333,
				1,
				0.5,
				1,
				1,
				0.744,
				1,
				0.989,
				0.8,
				1.233,
				0.8,
				0,
				2.6,
				0.8
			]
		},
		{
			"Target": "Parameter",
			"Id": "ParamEyeRSmile",
			"Segments": [
				0,
				0,
				1,
				0.167,
				0,
				0.333,
				0,
				0.5,
				0,
				0,
				2.6,
				0
			]
		},
		{
			"Target": "Parameter",
			"Id": "ParamEyeBallX",
			"Segments": [
				0,
				0,
				1,
				0.167,
				0,
				0.333,
				0,
				0.5,
				0,
				1,
				0.744,
				0,
				0.989,
				-0.4,
				1.233,
				-0.4,
				0,
				2.6,
				-0.4
			]
		},
		{
			"Target": "Parameter",
			"Id": "ParamEyeBallY",
			"Segments": [
				0,
				0,
				1,
				0.167,
				0,
				0.333,
				0,
				0.5,
				0,
				1,
				0.744,
				0,
				0.989,
				-0.4,
				1.233,
				-0.4,
				0,
				2.6,
				-0.4
			]
		},
		{
			"Target": "Parameter",
			"Id": "ParamMouthForm",
			"Segments": [
				0,
				0,
				1,
				0.167,
				0,
				0.333,
				0,
				0.5,
				0,
				1,
				0.722,
				0,
				0.944,
				1,
				1.167,
				1,
				0,
				2.6,
				1
			]
		},
		{
			"Target": "Parameter",
			"Id": "Param59",
			"Segments": [
				0,
				0,
				1,
				0.167,
				0,
				0.333,
				0,
				0.5,
				0,
				1,
				0.744,
				0,
				0.989,
				0,
				1.233,
				0,
				0,
				2.6,
				0
			]
		},
		{
			"Target": "Parameter",
			"Id": "Param60",
			"Segments": [
				0,
				0,
				1,
				0.167,
				0,
				0.333,
				0,
				0.5,
				0,
				0,
				2.6,
				0
			]
		},
		{
			"Target": "Parameter",
			"Id": "ParamMouthOpenY",
			"Segments": [
				0,
				0,
				1,
				0.167,
				0,
				0.333,
				0,
				0.5,
				0,
				1,
				0.689,
				0,
				0.878,
				1,
				1.067,
				1,
				0,
				2.6,
				1
			]
		},
		{
			"Target": "Parameter",
			"Id": "Param61",
			"Segments": [
				0,
				0,
				0,
				2.6,
				0
			]
		},
		{
			"Target": "Parameter",
			"Id": "Param64",
			"Segments": [
				0,
				0,
				0,
				2.6,
				0
			]
		},
		{
			"Target": "Parameter",
			"Id": "ParamCheek",
			"Segments": [
				0,
				0,
				0,
				2.6,
				0
			]
		},
		{
			"Target": "Parameter",
			"Id": "ParamBodyAngleX",
			"Segments": [
				0,
				0,
				0,
				2.6,
				0
			]
		},
		{
			"Target": "Parameter",
			"Id": "ParamBodyAngleY",
			"Segments": [
				0,
				0,
				0,
				2.6,
				0
			]
		},
		{
			"Target": "Parameter",
			"Id": "ParamBodyAngleZ",
			"Segments": [
				0,
				0,
				1,
				0.156,
				0,
				0.311,
				1,
				0.467,
				1,
				1,
				0.533,
				1,
				0.6,
				1,
				0.667,
				1,
				1,
				0.833,
				1,
				1,
				-3,
				1.167,
				-3,
				1,
				1.389,
				-3,
				1.611,
				-2,
				1.833,
				-2,
				0,
				2.6,
				-2
			]
		},
		{
			"Target": "Parameter",
			"Id": "ParamBreath",
			"Segments": [
				0,
				0,
				1,
				0.222,
				0,
				0.444,
				1,
				0.667,
				1,
				1,
				0.944,
				1,
				1.222,
				0,
				1.5,
				0,
				1,
				1.867,
				0,
				2.233,
				1,
				2.6,
				1
			]
		},
		{
			"Target": "Parameter",
			"Id": "Param48",
			"Segments": [
				0,
				0,
				1,
				0.278,
				0,
				0.556,
				8,
				0.833,
				8,
				1,
				1.167,
				8,
				1.5,
				-4,
				1.833,
				-4,
				0,
				2.6,
				-4
			]
		},
		{
			"Target": "Parameter",
			"Id": "Param101",
			"Segments": [
				0,
				-6,
				1,
				0.456,
				-6,
				0.911,
				-0.939,
				1.367,
				9,
				1,
				1.644,
				15.06,
				1.922,
				18,
				2.2,
				18,
				0,
				2.6,
				18
			]
		},
		{
			"Target": "Parameter",
			"Id": "Param49",
			"Segments": [
				0,
				0,
				1,
				0.111,
				0,
				0.222,
				4.85,
				0.333,
				11,
				1,
				0.444,
				17.15,
				0.556,
				19,
				0.667,
				19,
				1,
				0.778,
				19,
				0.889,
				16.313,
				1,
				10,
				1,
				1.111,
				3.687,
				1.222,
				0,
				1.333,
				0,
				1,
				1.444,
				0,
				1.556,
				4.85,
				1.667,
				11,
				1,
				1.778,
				17.15,
				1.889,
				19,
				2,
				19,
				1,
				2.111,
				19,
				2.222,
				16.313,
				2.333,
				10,
				1,
				2.422,
				4.95,
				2.511,
				1.58,
				2.6,
				0.434
			]
		},
		{
			"Target": "Parameter",
			"Id": "Param50",
			"Segments": [
				0,
				5,
				1,
				0.111,
				5,
				0.222,
				-12,
				0.333,
				-12,
				1,
				0.444,
				-12,
				0.556,
				-3.509,
				0.667,
				9,
				1,
				0.778,
				21.509,
				0.889,
				26,
				1,
				26,
				1,
				1.111,
				26,
				1.222,
				17.509,
				1.333,
				5,
				1,
				1.444,
				-7.509,
				1.556,
				-12,
				1.667,
				-12,
				1,
				1.778,
				-12,
				1.889,
				-3.509,
				2,
				9,
				1,
				2.111,
				21.509,
				2.222,
				26,
				2.333,
				26,
				1,
				2.422,
				26,
				2.511,
				20.566,
				2.6,
				11.988
			]
		},
		{
			"Target": "Parameter",
			"Id": "Param67",
			"Segments": [
				0,
				5,
				1,
				0.111,
				5,
				0.222,
				9.85,
				0.333,
				16,
				1,
				0.444,
				22.15,
				0.556,
				24,
				0.667,
				24,
				1,
				0.778,
				24,
				0.889,
				20.313,
				1,
				14,
				1,
				1.111,
				7.687,
				1.222,
				5,
				1.333,
				5,
				1,
				1.444,
				5,
				1.556,
				9.85,
				1.667,
				16,
				1,
				1.778,
				22.15,
				1.889,
				24,
				2,
				24,
				1,
				2.111,
				24,
				2.222,
				20.313,
				2.333,
				14,
				1,
				2.422,
				8.95,
				2.511,
				6.22,
				2.6,
				5.33
			]
		},
		{
			"Target": "Parameter",
			"Id": "Param68",
			"Segments": [
				0,
				-1,
				1,
				0.111,
				-1,
				0.222,
				21,
				0.333,
				21,
				1,
				0.444,
				21,
				0.556,
				14.325,
				0.667,
				0,
				1,
				0.778,
				-14.325,
				0.889,
				-22,
				1,
				-22,
				1,
				1.111,
				-22,
				1.222,
				-15.325,
				1.333,
				-1,
				1,
				1.444,
				13.325,
				1.556,
				21,
				1.667,
				21,
				1,
				1.778,
				21,
				1.889,
				14.325,
				2,
				0,
				1,
				2.111,
				-14.325,
				2.222,
				-22,
				2.333,
				-22,
				1,
				2.422,
				-22,
				2.511,
				-17.728,
				2.6,
				-8.685
			]
		},
		{
			"Target": "Parameter",
			"Id": "Param16",
			"Segments": [
				0,
				-6,
				1,
				0.111,
				-6,
				0.222,
				-4.769,
				0.333,
				0,
				1,
				0.444,
				4.769,
				0.556,
				9,
				0.667,
				9,
				1,
				0.778,
				9,
				0.889,
				3.368,
				1,
				-1,
				1,
				1.111,
				-5.368,
				1.222,
				-6,
				1.333,
				-6,
				1,
				1.444,
				-6,
				1.556,
				-4.769,
				1.667,
				0,
				1,
				1.778,
				4.769,
				1.889,
				9,
				2,
				9,
				1,
				2.111,
				9,
				2.222,
				3.368,
				2.333,
				-1,
				1,
				2.422,
				-4.494,
				2.511,
				-5.598,
				2.6,
				-5.899
			]
		},
		{
			"Target": "Parameter",
			"Id": "Param17",
			"Segments": [
				0,
				-1,
				1,
				0.111,
				-1,
				0.222,
				11,
				0.333,
				11,
				1,
				0.444,
				11,
				0.556,
				5.835,
				0.667,
				-1,
				1,
				0.778,
				-7.835,
				0.889,
				-10,
				1,
				-10,
				1,
				1.111,
				-10,
				1.222,
				-7.835,
				1.333,
				-1,
				1,
				1.444,
				5.835,
				1.556,
				11,
				1.667,
				11,
				1,
				1.778,
				11,
				1.889,
				5.835,
				2,
				-1,
				1,
				2.111,
				-7.835,
				2.222,
				-10,
				2.333,
				-10,
				1,
				2.422,
				-10,
				2.511,
				-8.614,
				2.6,
				-4.561
			]
		},
		{
			"Target": "Parameter",
			"Id": "Param69",
			"Segments": [
				0,
				-7,
				1,
				0.111,
				-7,
				0.222,
				-4.333,
				0.333,
				1,
				1,
				0.444,
				6.333,
				0.556,
				9,
				0.667,
				9,
				1,
				0.778,
				9,
				0.889,
				5.237,
				1,
				0,
				1,
				1.111,
				-5.237,
				1.222,
				-7,
				1.333,
				-7,
				1,
				1.444,
				-7,
				1.556,
				-4.333,
				1.667,
				1,
				1,
				1.778,
				6.333,
				1.889,
				9,
				2,
				9,
				1,
				2.111,
				9,
				2.222,
				5.237,
				2.333,
				0,
				1,
				2.422,
				-4.189,
				2.511,
				-6.156,
				2.6,
				-6.775
			]
		},
		{
			"Target": "Parameter",
			"Id": "Param70",
			"Segments": [
				0,
				0,
				1,
				0.111,
				0,
				0.222,
				12,
				0.333,
				12,
				1,
				0.444,
				12,
				0.556,
				5.25,
				0.667,
				-2,
				1,
				0.778,
				-9.25,
				0.889,
				-11,
				1,
				-11,
				1,
				1.111,
				-11,
				1.222,
				-7.65,
				1.333,
				0,
				1,
				1.444,
				7.65,
				1.556,
				12,
				1.667,
				12,
				1,
				1.778,
				12,
				1.889,
				5.25,
				2,
				-2,
				1,
				2.111,
				-9.25,
				2.222,
				-11,
				2.333,
				-11,
				1,
				2.422,
				-11,
				2.511,
				-8.856,
				2.6,
				-4.082
			]
		},
		{
			"Target": "Parameter",
			"Id": "Param51",
			"Segments": [
				0,
				-4,
				1,
				0.333,
				-4,
				0.667,
				8,
				1,
				8,
				1,
				1.444,
				8,
				1.889,
				-9,
				2.333,
				-9,
				0,
				2.6,
				-9
			]
		},
		{
			"Target": "Parameter",
			"Id": "Param52",
			"Segments": [
				0,
				-4,
				1,
				0.167,
				-4,
				0.333,
				-4,
				0.5,
				-4,
				1,
				0.778,
				-4,
				1.056,
				9,
				1.333,
				9,
				1,
				1.756,
				9,
				2.178,
				-7.139,
				2.6,
				-7.967
			]
		},
		{
			"Target": "Parameter",
			"Id": "Param63",
			"Segments": [
				0,
				0,
				0,
				2.6,
				0
			]
		}
	]
}