{
	"Version": 3,
	"FileReferences": {
		"Moc": "l2d200042.moc3",
		"Textures": [
			"l2d200042.2048/texture_00.png"
		],
		"Physics": "l2d200042.physics3.json",
		"Motions": {
			"Exctiting": [
				{
					"File": "exciting.motion3.json"
				}
			],
			"Hate": [
				{
					"File": "hate.motion3.json"
				}
			],
			"Idle": [
				{
					"File": "idle.motion3.json"
				}
			],
			"Sad": [
				{
					"File": "sad.motion3.json"
				}
			],
			"Surprise": [
				{
					"File": "surprise.motion3.json"
				}
			]
		}
	},
	"Groups": [
		{
			"Target": "Parameter",
			"Name": "LipSync",
			"Ids": [
				"ParamMouthOpenY"
			]
		},
		{
			"Target": "Parameter",
			"Name": "EyeBlink",
			"Ids": [
				"ParamEyeLOpen",
				"ParamEyeROpen"
			]
		}
	],
	"HitAreas": []
}