{
	"Version": 3,
	"Meta": {
		"Duration": 2.167,
		"Fps": 30.0,
		"Loop": true,
		"AreBeziersRestricted": true,
		"CurveCount": 106,
		"TotalSegmentCount": 404,
		"TotalPointCount": 1180,
		"UserDataCount": 0,
		"TotalUserDataSize": 0
	},
	"Curves": [
		{
			"Target": "Parameter",
			"Id": "Param93",
			"Segments": [
				0,
				0,
				1,
				0.722,
				0,
				1.444,
				0,
				2.167,
				0
			]
		},
		{
			"Target": "Parameter",
			"Id": "Param94",
			"Segments": [
				0,
				0,
				1,
				0.722,
				0,
				1.444,
				0,
				2.167,
				0
			]
		},
		{
			"Target": "Parameter",
			"Id": "Param95",
			"Segments": [
				0,
				0,
				1,
				0.722,
				0,
				1.444,
				0,
				2.167,
				0
			]
		},
		{
			"Target": "Parameter",
			"Id": "Param96",
			"Segments": [
				0,
				0,
				1,
				0.722,
				0,
				1.444,
				0,
				2.167,
				0
			]
		},
		{
			"Target": "Parameter",
			"Id": "Param97",
			"Segments": [
				0,
				0,
				1,
				0.722,
				0,
				1.444,
				0,
				2.167,
				0
			]
		},
		{
			"Target": "Parameter",
			"Id": "Param85",
			"Segments": [
				0,
				0,
				0,
				1.5,
				1,
				0,
				2.167,
				1
			]
		},
		{
			"Target": "Parameter",
			"Id": "Param86",
			"Segments": [
				0,
				0,
				0,
				0.667,
				0,
				0,
				1.767,
				1,
				0,
				2.167,
				1
			]
		},
		{
			"Target": "Parameter",
			"Id": "Param87",
			"Segments": [
				0,
				0,
				0,
				0.333,
				0,
				0,
				2.167,
				0.753
			]
		},
		{
			"Target": "Parameter",
			"Id": "Param88",
			"Segments": [
				0,
				0,
				0,
				2.167,
				0
			]
		},
		{
			"Target": "Parameter",
			"Id": "Param89",
			"Segments": [
				0,
				0,
				0,
				2,
				0,
				0,
				2.167,
				0.238
			]
		},
		{
			"Target": "Parameter",
			"Id": "Param90",
			"Segments": [
				0,
				0,
				0,
				2.167,
				0
			]
		},
		{
			"Target": "Parameter",
			"Id": "Param91",
			"Segments": [
				0,
				0,
				0,
				2.167,
				0
			]
		},
		{
			"Target": "Parameter",
			"Id": "Param92",
			"Segments": [
				0,
				0,
				0,
				1.5,
				0,
				0,
				2.167,
				0.625
			]
		},
		{
			"Target": "Parameter",
			"Id": "Param47",
			"Segments": [
				0,
				0,
				0,
				2.167,
				0
			]
		},
		{
			"Target": "Parameter",
			"Id": "Param",
			"Segments": [
				0,
				0,
				1,
				0.078,
				0,
				0.156,
				0,
				0.233,
				0,
				1,
				0.356,
				0,
				0.478,
				1,
				0.6,
				1,
				0,
				2.167,
				1
			]
		},
		{
			"Target": "Parameter",
			"Id": "Param65",
			"Segments": [
				0,
				1,
				1,
				0.111,
				1,
				0.222,
				7.256,
				0.333,
				15,
				1,
				0.444,
				22.744,
				0.556,
				25,
				0.667,
				25,
				1,
				0.778,
				25,
				0.889,
				22.518,
				1,
				14,
				1,
				1.089,
				7.186,
				1.178,
				1,
				1.267,
				1,
				1,
				1.344,
				1,
				1.422,
				9.208,
				1.5,
				15,
				1,
				1.611,
				23.274,
				1.722,
				25,
				1.833,
				25,
				1,
				1.944,
				25,
				2.056,
				14,
				2.167,
				14
			]
		},
		{
			"Target": "Parameter",
			"Id": "Param66",
			"Segments": [
				0,
				-16,
				1,
				0.111,
				-16,
				0.222,
				-29,
				0.333,
				-29,
				1,
				0.444,
				-29,
				0.556,
				-23.195,
				0.667,
				-15,
				1,
				0.778,
				-6.805,
				0.889,
				-4,
				1,
				-4,
				1,
				1.089,
				-4,
				1.178,
				-7.224,
				1.267,
				-16,
				1,
				1.344,
				-23.679,
				1.422,
				-29,
				1.5,
				-29,
				1,
				1.611,
				-29,
				1.722,
				-23.195,
				1.833,
				-15,
				1,
				1.944,
				-6.805,
				2.056,
				-4,
				2.167,
				-4
			]
		},
		{
			"Target": "Parameter",
			"Id": "Param46",
			"Segments": [
				0,
				0,
				1,
				0.322,
				0,
				0.644,
				-1,
				0.967,
				-1,
				1,
				1.022,
				-1,
				1.078,
				12,
				1.133,
				12,
				1,
				1.189,
				12,
				1.244,
				0,
				1.3,
				0,
				1,
				1.356,
				0,
				1.411,
				19,
				1.467,
				19,
				0,
				2.167,
				19
			]
		},
		{
			"Target": "Parameter",
			"Id": "Param45",
			"Segments": [
				0,
				0,
				1,
				0.2,
				0,
				0.4,
				1,
				0.6,
				1,
				1,
				0.7,
				1,
				0.8,
				-10,
				0.9,
				-10,
				1,
				0.989,
				-10,
				1.078,
				-3,
				1.167,
				-3,
				0,
				2.167,
				-3
			]
		},
		{
			"Target": "Parameter",
			"Id": "Param30",
			"Segments": [
				0,
				16,
				1,
				0.278,
				16,
				0.556,
				-12,
				0.833,
				-12,
				1,
				1.111,
				-12,
				1.389,
				14,
				1.667,
				14,
				0,
				2.167,
				14
			]
		},
		{
			"Target": "Parameter",
			"Id": "Param31",
			"Segments": [
				0,
				12,
				1,
				0.222,
				12,
				0.444,
				-24,
				0.667,
				-24,
				1,
				0.889,
				-24,
				1.111,
				22,
				1.333,
				22,
				0,
				2.167,
				22
			]
		},
		{
			"Target": "Parameter",
			"Id": "Param32",
			"Segments": [
				0,
				-1,
				1,
				0.111,
				-1,
				0.222,
				10,
				0.333,
				10,
				1,
				0.444,
				10,
				0.556,
				6.982,
				0.667,
				0,
				1,
				0.778,
				-6.982,
				0.889,
				-11,
				1,
				-11,
				1,
				1.111,
				-11,
				1.222,
				-7.982,
				1.333,
				-1,
				1,
				1.444,
				5.982,
				1.556,
				10,
				1.667,
				10,
				1,
				1.778,
				10,
				1.889,
				6.982,
				2,
				0,
				1,
				2.056,
				-3.491,
				2.111,
				-6.241,
				2.167,
				-8.118
			]
		},
		{
			"Target": "Parameter",
			"Id": "Param33",
			"Segments": [
				0,
				16,
				1,
				0.111,
				16,
				0.222,
				10.333,
				0.333,
				-1,
				1,
				0.444,
				-12.333,
				0.556,
				-18,
				0.667,
				-18,
				1,
				0.778,
				-18,
				0.889,
				-12.333,
				1,
				-1,
				1,
				1.111,
				10.333,
				1.222,
				16,
				1.333,
				16,
				1,
				1.444,
				16,
				1.556,
				10.333,
				1.667,
				-1,
				1,
				1.778,
				-12.333,
				1.889,
				-18,
				2,
				-18,
				1,
				2.056,
				-18,
				2.111,
				-13.75,
				2.167,
				-9.5
			]
		},
		{
			"Target": "Parameter",
			"Id": "Param62",
			"Segments": [
				0,
				0,
				1,
				0.333,
				0,
				0.667,
				1,
				1,
				1,
				1,
				1.333,
				1,
				1.667,
				0,
				2,
				0,
				0,
				2.167,
				0
			]
		},
		{
			"Target": "Parameter",
			"Id": "Param22",
			"Segments": [
				0,
				-22,
				1,
				0.111,
				-22,
				0.222,
				-13.585,
				0.333,
				0,
				1,
				0.444,
				13.585,
				0.556,
				19,
				0.667,
				19,
				1,
				0.778,
				19,
				0.889,
				13.585,
				1,
				0,
				1,
				1.111,
				-13.585,
				1.222,
				-22,
				1.333,
				-22,
				1,
				1.444,
				-22,
				1.556,
				-13.585,
				1.667,
				0,
				1,
				1.778,
				13.585,
				1.889,
				19,
				2,
				19,
				1,
				2.056,
				19,
				2.111,
				17.646,
				2.167,
				14.594
			]
		},
		{
			"Target": "Parameter",
			"Id": "Param23",
			"Segments": [
				0,
				-1,
				1,
				0.111,
				-1,
				0.222,
				18,
				0.333,
				18,
				1,
				0.444,
				18,
				0.556,
				11.323,
				0.667,
				-1,
				1,
				0.778,
				-13.323,
				0.889,
				-19,
				1,
				-19,
				1,
				1.111,
				-19,
				1.222,
				-13.323,
				1.333,
				-1,
				1,
				1.444,
				11.323,
				1.556,
				18,
				1.667,
				18,
				1,
				1.778,
				18,
				1.889,
				11.323,
				2,
				-1,
				1,
				2.056,
				-7.162,
				2.111,
				-11.662,
				2.167,
				-14.621
			]
		},
		{
			"Target": "Parameter",
			"Id": "Param27",
			"Segments": [
				0,
				-9,
				1,
				0.167,
				-9,
				0.333,
				19,
				0.5,
				19,
				1,
				0.833,
				19,
				1.167,
				-22,
				1.5,
				-22,
				1,
				1.722,
				-22,
				1.944,
				17,
				2.167,
				17
			]
		},
		{
			"Target": "Parameter",
			"Id": "Param24",
			"Segments": [
				0,
				-6,
				1,
				0.278,
				-6,
				0.556,
				17,
				0.833,
				17,
				1,
				1.111,
				17,
				1.389,
				-18,
				1.667,
				-18,
				1,
				1.833,
				-18,
				2,
				1.125,
				2.167,
				10.688
			]
		},
		{
			"Target": "Parameter",
			"Id": "Param25",
			"Segments": [
				0,
				-9,
				1,
				0.111,
				-9,
				0.222,
				-6,
				0.333,
				0,
				1,
				0.444,
				6,
				0.556,
				9,
				0.667,
				9,
				1,
				0.778,
				9,
				0.889,
				6,
				1,
				0,
				1,
				1.111,
				-6,
				1.222,
				-9,
				1.333,
				-9,
				1,
				1.444,
				-9,
				1.556,
				-6,
				1.667,
				0,
				1,
				1.778,
				6,
				1.889,
				9,
				2,
				9,
				1,
				2.056,
				9,
				2.111,
				8.25,
				2.167,
				6.75
			]
		},
		{
			"Target": "Parameter",
			"Id": "Param26",
			"Segments": [
				0,
				-2,
				1,
				0.111,
				-2,
				0.222,
				-14,
				0.333,
				-14,
				1,
				0.444,
				-14,
				0.556,
				-11.116,
				0.667,
				-2,
				1,
				0.778,
				7.116,
				0.889,
				14,
				1,
				14,
				1,
				1.111,
				14,
				1.222,
				7.116,
				1.333,
				-2,
				1,
				1.444,
				-11.116,
				1.556,
				-14,
				1.667,
				-14,
				1,
				1.778,
				-14,
				1.889,
				-11.116,
				2,
				-2,
				1,
				2.056,
				2.558,
				2.111,
				6.558,
				2.167,
				9.418
			]
		},
		{
			"Target": "Parameter",
			"Id": "Param28",
			"Segments": [
				0,
				-12,
				1,
				0.222,
				-12,
				0.444,
				26,
				0.667,
				26,
				1,
				0.944,
				26,
				1.222,
				-13,
				1.5,
				-13,
				1,
				1.722,
				-13,
				1.944,
				4.92,
				2.167,
				12.088
			]
		},
		{
			"Target": "Parameter",
			"Id": "Param29",
			"Segments": [
				0,
				-8,
				1,
				0.278,
				-8,
				0.556,
				30,
				0.833,
				30,
				1,
				1.111,
				30,
				1.389,
				-15,
				1.667,
				-15,
				1,
				1.833,
				-15,
				2,
				1.2,
				2.167,
				14.16
			]
		},
		{
			"Target": "Parameter",
			"Id": "Param19",
			"Segments": [
				0,
				0,
				1,
				0.278,
				0,
				0.556,
				-12,
				0.833,
				-12,
				1,
				1.111,
				-12,
				1.389,
				8,
				1.667,
				8,
				0,
				2.167,
				8
			]
		},
		{
			"Target": "Parameter",
			"Id": "Param20",
			"Segments": [
				0,
				0,
				1,
				0.222,
				0,
				0.444,
				1,
				0.667,
				1,
				0,
				2.167,
				1
			]
		},
		{
			"Target": "Parameter",
			"Id": "Param21",
			"Segments": [
				0,
				0,
				1,
				0.222,
				0,
				0.444,
				1,
				0.667,
				1,
				0,
				2.167,
				1
			]
		},
		{
			"Target": "Parameter",
			"Id": "Param39",
			"Segments": [
				0,
				0,
				0,
				2.167,
				0
			]
		},
		{
			"Target": "Parameter",
			"Id": "Param40",
			"Segments": [
				0,
				0,
				0,
				2.167,
				0
			]
		},
		{
			"Target": "Parameter",
			"Id": "Param41",
			"Segments": [
				0,
				0,
				0,
				2.167,
				0
			]
		},
		{
			"Target": "Parameter",
			"Id": "Param42",
			"Segments": [
				0,
				0,
				0,
				2.167,
				0
			]
		},
		{
			"Target": "Parameter",
			"Id": "Param43",
			"Segments": [
				0,
				-16,
				1,
				0.056,
				-16,
				0.111,
				17,
				0.167,
				17,
				1,
				0.222,
				17,
				0.278,
				-12.678,
				0.333,
				-13,
				1,
				0.722,
				-15.255,
				1.111,
				-16,
				1.5,
				-16,
				1,
				1.556,
				-16,
				1.611,
				17,
				1.667,
				17,
				1,
				1.722,
				17,
				1.778,
				-13,
				1.833,
				-13,
				0,
				2.167,
				-13
			]
		},
		{
			"Target": "Parameter",
			"Id": "Param44",
			"Segments": [
				0,
				-14,
				0,
				0.367,
				-14,
				1,
				0.422,
				-14,
				0.478,
				14,
				0.533,
				14,
				1,
				0.589,
				14,
				0.644,
				-14,
				0.7,
				-14,
				1,
				1.089,
				-14,
				1.478,
				-14,
				1.867,
				-14,
				1,
				1.922,
				-14,
				1.978,
				14,
				2.033,
				14,
				1,
				2.078,
				14,
				2.122,
				-3.92,
				2.167,
				-11.088
			]
		},
		{
			"Target": "Parameter",
			"Id": "Param53",
			"Segments": [
				0,
				-15,
				1,
				0.167,
				-15,
				0.333,
				17,
				0.5,
				17,
				1,
				0.667,
				17,
				0.833,
				-15,
				1,
				-15,
				1,
				1.167,
				-15,
				1.333,
				19,
				1.5,
				19,
				1,
				1.667,
				19,
				1.833,
				-15,
				2,
				-15,
				0,
				2.167,
				-15
			]
		},
		{
			"Target": "Parameter",
			"Id": "Param54",
			"Segments": [
				0,
				14,
				1,
				0.167,
				14,
				0.333,
				-12,
				0.5,
				-12,
				1,
				0.667,
				-12,
				0.833,
				16,
				1,
				16,
				1,
				1.167,
				16,
				1.333,
				-11,
				1.5,
				-11,
				1,
				1.667,
				-11,
				1.833,
				15,
				2,
				15,
				0,
				2.167,
				15
			]
		},
		{
			"Target": "Parameter",
			"Id": "Param99",
			"Segments": [
				0,
				-16,
				1,
				0.278,
				-16,
				0.556,
				14,
				0.833,
				14,
				1,
				1.111,
				14,
				1.389,
				-16,
				1.667,
				-16,
				1,
				1.833,
				-16,
				2,
				11,
				2.167,
				11
			]
		},
		{
			"Target": "Parameter",
			"Id": "Param12",
			"Segments": [
				0,
				-12,
				1,
				0.111,
				-12,
				0.222,
				-7.667,
				0.333,
				1,
				1,
				0.444,
				9.667,
				0.556,
				14,
				0.667,
				14,
				1,
				0.778,
				14,
				0.889,
				7.431,
				1,
				-1,
				1,
				1.111,
				-9.431,
				1.222,
				-12,
				1.333,
				-12,
				1,
				1.444,
				-12,
				1.556,
				-7.667,
				1.667,
				1,
				1,
				1.778,
				9.667,
				1.889,
				14,
				2,
				14,
				1,
				2.056,
				14,
				2.111,
				10.25,
				2.167,
				6.5
			]
		},
		{
			"Target": "Parameter",
			"Id": "Param13",
			"Segments": [
				0,
				0,
				1,
				0.111,
				0,
				0.222,
				-16,
				0.333,
				-16,
				1,
				0.444,
				-16,
				0.556,
				-12.478,
				0.667,
				-2,
				1,
				0.778,
				8.478,
				0.889,
				16,
				1,
				16,
				1,
				1.111,
				16,
				1.222,
				10.667,
				1.333,
				0,
				1,
				1.444,
				-10.667,
				1.556,
				-16,
				1.667,
				-16,
				1,
				1.778,
				-16,
				1.889,
				-12.478,
				2,
				-2,
				1,
				2.056,
				3.239,
				2.111,
				7.739,
				2.167,
				10.929
			]
		},
		{
			"Target": "Parameter",
			"Id": "Param14",
			"Segments": [
				0,
				0,
				1,
				0.111,
				0,
				0.222,
				-12,
				0.333,
				-12,
				1,
				0.444,
				-12,
				0.556,
				-8.608,
				0.667,
				0,
				1,
				0.778,
				8.608,
				0.889,
				14,
				1,
				14,
				1,
				1.111,
				14,
				1.222,
				8.608,
				1.333,
				0,
				1,
				1.444,
				-8.608,
				1.556,
				-12,
				1.667,
				-12,
				1,
				1.778,
				-12,
				1.889,
				-8.608,
				2,
				0,
				1,
				2.056,
				4.304,
				2.111,
				7.804,
				2.167,
				10.228
			]
		},
		{
			"Target": "Parameter",
			"Id": "Param15",
			"Segments": [
				0,
				19,
				1,
				0.111,
				19,
				0.222,
				11.242,
				0.333,
				-1,
				1,
				0.444,
				-13.242,
				0.556,
				-18,
				0.667,
				-18,
				1,
				0.778,
				-18,
				0.889,
				-12.323,
				1,
				0,
				1,
				1.111,
				12.323,
				1.222,
				19,
				1.333,
				19,
				1,
				1.444,
				19,
				1.556,
				11.242,
				1.667,
				-1,
				1,
				1.778,
				-13.242,
				1.889,
				-18,
				2,
				-18,
				1,
				2.056,
				-18,
				2.111,
				-13.5,
				2.167,
				-9
			]
		},
		{
			"Target": "Parameter",
			"Id": "Param9",
			"Segments": [
				0,
				-23,
				1,
				0.111,
				-23,
				0.222,
				-19.935,
				0.333,
				-9,
				1,
				0.444,
				1.935,
				0.556,
				11,
				0.667,
				11,
				1,
				0.778,
				11,
				0.889,
				-2.249,
				1,
				-12,
				1,
				1.111,
				-21.751,
				1.222,
				-23,
				1.333,
				-23,
				1,
				1.444,
				-23,
				1.556,
				-19.935,
				1.667,
				-9,
				1,
				1.778,
				1.935,
				1.889,
				11,
				2,
				11,
				1,
				2.056,
				11,
				2.111,
				5.25,
				2.167,
				-0.5
			]
		},
		{
			"Target": "Parameter",
			"Id": "Param10",
			"Segments": [
				0,
				0,
				1,
				0.111,
				0,
				0.222,
				18,
				0.333,
				18,
				1,
				0.444,
				18,
				0.556,
				12.627,
				0.667,
				0,
				1,
				0.778,
				-12.627,
				0.889,
				-20,
				1,
				-20,
				1,
				1.111,
				-20,
				1.222,
				-12.627,
				1.333,
				0,
				1,
				1.444,
				12.627,
				1.556,
				18,
				1.667,
				18,
				1,
				1.778,
				18,
				1.889,
				12.627,
				2,
				0,
				1,
				2.056,
				-6.314,
				2.111,
				-11.314,
				2.167,
				-14.735
			]
		},
		{
			"Target": "Parameter",
			"Id": "Param11",
			"Segments": [
				0,
				0,
				1,
				0.233,
				-4.27,
				0.467,
				-6.848,
				0.7,
				-6.848,
				1,
				0.856,
				-6.848,
				1.011,
				12,
				1.167,
				12,
				1,
				1.333,
				12,
				1.5,
				1,
				1.667,
				1,
				0,
				2.167,
				1
			]
		},
		{
			"Target": "Parameter",
			"Id": "Param18",
			"Segments": [
				0,
				0,
				1,
				0.233,
				-8.394,
				0.467,
				-20.062,
				0.7,
				-20.062,
				1,
				1.022,
				-20.062,
				1.344,
				14,
				1.667,
				14,
				0,
				2.167,
				14
			]
		},
		{
			"Target": "Parameter",
			"Id": "Param34",
			"Segments": [
				0,
				0,
				1,
				0.056,
				0,
				0.111,
				0,
				0.167,
				0,
				1,
				0.267,
				0,
				0.367,
				1,
				0.467,
				1,
				0,
				2.167,
				1
			]
		},
		{
			"Target": "Parameter",
			"Id": "Param35",
			"Segments": [
				0,
				0,
				1,
				0.056,
				0,
				0.111,
				0,
				0.167,
				0,
				1,
				0.267,
				0,
				0.367,
				1,
				0.467,
				1,
				0,
				2.167,
				1
			]
		},
		{
			"Target": "Parameter",
			"Id": "Param36",
			"Segments": [
				0,
				0,
				1,
				0.222,
				0,
				0.444,
				0,
				0.667,
				0,
				0,
				2.167,
				0
			]
		},
		{
			"Target": "Parameter",
			"Id": "Param37",
			"Segments": [
				0,
				0,
				0,
				2.167,
				0
			]
		},
		{
			"Target": "Parameter",
			"Id": "Param38",
			"Segments": [
				0,
				0,
				0,
				2.167,
				0
			]
		},
		{
			"Target": "Parameter",
			"Id": "Param58",
			"Segments": [
				0,
				0,
				1,
				0.278,
				0,
				0.556,
				1,
				0.833,
				1,
				1,
				0.889,
				1,
				0.944,
				-28,
				1,
				-28,
				1,
				1.056,
				-28,
				1.111,
				30,
				1.167,
				30,
				1,
				1.222,
				30,
				1.278,
				-30,
				1.333,
				-30,
				1,
				1.367,
				-30,
				1.4,
				30,
				1.433,
				30,
				0,
				2.167,
				30
			]
		},
		{
			"Target": "Parameter",
			"Id": "Param98",
			"Segments": [
				0,
				-13,
				1,
				0.222,
				-13,
				0.444,
				15,
				0.667,
				15,
				1,
				0.889,
				15,
				1.111,
				-16,
				1.333,
				-16,
				1,
				1.611,
				-16,
				1.889,
				15,
				2.167,
				15
			]
		},
		{
			"Target": "Parameter",
			"Id": "Param100",
			"Segments": [
				0,
				-16,
				1,
				0.278,
				-16,
				0.556,
				14,
				0.833,
				14,
				1,
				1.111,
				14,
				1.389,
				-13,
				1.667,
				-13,
				1,
				1.833,
				-13,
				2,
				2.188,
				2.167,
				9.781
			]
		},
		{
			"Target": "Parameter",
			"Id": "Param5",
			"Segments": [
				0,
				-16,
				1,
				0.189,
				-16,
				0.378,
				-8,
				0.567,
				-8,
				1,
				0.7,
				-8,
				0.833,
				-14,
				0.967,
				-14,
				1,
				1.033,
				-14,
				1.1,
				28,
				1.167,
				28,
				1,
				1.456,
				28,
				1.744,
				-20,
				2.033,
				-20,
				0,
				2.167,
				-20
			]
		},
		{
			"Target": "Parameter",
			"Id": "Param6",
			"Segments": [
				0,
				-11,
				1,
				0.189,
				-11,
				0.378,
				-12.636,
				0.567,
				-14,
				1,
				0.7,
				-14.963,
				0.833,
				-15.061,
				0.967,
				-16,
				1,
				1.033,
				-16.469,
				1.1,
				-22,
				1.167,
				-22,
				1,
				1.456,
				-22,
				1.744,
				-16,
				2.033,
				-16,
				0,
				2.167,
				-16
			]
		},
		{
			"Target": "Parameter",
			"Id": "Param8",
			"Segments": [
				0,
				28,
				1,
				0.211,
				28,
				0.422,
				13,
				0.633,
				13,
				1,
				0.756,
				13,
				0.878,
				23,
				1,
				23,
				1,
				1.078,
				23,
				1.156,
				-4,
				1.233,
				-4,
				1,
				1.511,
				-4,
				1.789,
				30,
				2.067,
				30,
				0,
				2.167,
				30
			]
		},
		{
			"Target": "Parameter",
			"Id": "Param7",
			"Segments": [
				0,
				26,
				1,
				0.211,
				26,
				0.422,
				25.787,
				0.633,
				24,
				1,
				0.756,
				22.965,
				0.878,
				20,
				1,
				20,
				1,
				1.078,
				20,
				1.156,
				30,
				1.233,
				30,
				1,
				1.511,
				30,
				1.789,
				19,
				2.067,
				19,
				0,
				2.167,
				19
			]
		},
		{
			"Target": "Parameter",
			"Id": "ParamHairBack",
			"Segments": [
				0,
				0,
				1,
				0.222,
				0,
				0.444,
				0.6,
				0.667,
				0.6,
				1,
				0.778,
				0.6,
				0.889,
				-0.2,
				1,
				-0.2,
				1,
				1.1,
				-0.2,
				1.2,
				0.7,
				1.3,
				0.7,
				1,
				1.4,
				0.7,
				1.5,
				-0.6,
				1.6,
				-0.6,
				1,
				1.789,
				-0.6,
				1.978,
				-0.2,
				2.167,
				-0.2
			]
		},
		{
			"Target": "Parameter",
			"Id": "ParamHairFront",
			"Segments": [
				0,
				0,
				1,
				0.233,
				0,
				0.467,
				0.8,
				0.7,
				0.8,
				1,
				0.811,
				0.8,
				0.922,
				-0.3,
				1.033,
				-0.3,
				1,
				1.133,
				-0.3,
				1.233,
				0.8,
				1.333,
				0.8,
				1,
				1.433,
				0.8,
				1.533,
				-0.9,
				1.633,
				-0.9,
				1,
				1.811,
				-0.9,
				1.989,
				-0.4,
				2.167,
				-0.4
			]
		},
		{
			"Target": "Parameter",
			"Id": "ParamHairSide",
			"Segments": [
				0,
				0,
				1,
				0.256,
				0,
				0.511,
				0.7,
				0.767,
				0.7,
				1,
				0.878,
				0.7,
				0.989,
				-0.4,
				1.1,
				-0.4,
				1,
				1.2,
				-0.4,
				1.3,
				0.8,
				1.4,
				0.8,
				1,
				1.5,
				0.8,
				1.6,
				-0.6,
				1.7,
				-0.6,
				1,
				1.856,
				-0.6,
				2.011,
				-0.3,
				2.167,
				-0.3
			]
		},
		{
			"Target": "Parameter",
			"Id": "Param2",
			"Segments": [
				0,
				0,
				1,
				0.222,
				0,
				0.444,
				13,
				0.667,
				13,
				1,
				0.778,
				13,
				0.889,
				-11,
				1,
				-11,
				1,
				1.1,
				-11,
				1.2,
				24,
				1.3,
				24,
				1,
				1.4,
				24,
				1.5,
				-20,
				1.6,
				-20,
				1,
				1.789,
				-20,
				1.978,
				-8,
				2.167,
				-8
			]
		},
		{
			"Target": "Parameter",
			"Id": "Param3",
			"Segments": [
				0,
				0,
				1,
				0.233,
				0,
				0.467,
				17,
				0.7,
				17,
				1,
				0.811,
				17,
				0.922,
				-10,
				1.033,
				-10,
				1,
				1.133,
				-10,
				1.233,
				22,
				1.333,
				22,
				1,
				1.433,
				22,
				1.533,
				-24,
				1.633,
				-24,
				1,
				1.811,
				-24,
				1.989,
				-11,
				2.167,
				-11
			]
		},
		{
			"Target": "Parameter",
			"Id": "Param4",
			"Segments": [
				0,
				0,
				1,
				0.256,
				0,
				0.511,
				29,
				0.767,
				29,
				1,
				0.878,
				29,
				0.989,
				-11,
				1.1,
				-11,
				1,
				1.2,
				-11,
				1.3,
				22,
				1.4,
				22,
				1,
				1.5,
				22,
				1.6,
				-18,
				1.7,
				-18,
				1,
				1.856,
				-18,
				2.011,
				-11,
				2.167,
				-11
			]
		},
		{
			"Target": "Parameter",
			"Id": "Param55",
			"Segments": [
				0,
				0,
				1,
				0.278,
				0,
				0.556,
				27,
				0.833,
				27,
				1,
				0.944,
				27,
				1.056,
				-11,
				1.167,
				-11,
				1,
				1.267,
				-11,
				1.367,
				22,
				1.467,
				22,
				1,
				1.567,
				22,
				1.667,
				-19,
				1.767,
				-19,
				1,
				1.9,
				-19,
				2.033,
				-11,
				2.167,
				-11
			]
		},
		{
			"Target": "Parameter",
			"Id": "Param56",
			"Segments": [
				0,
				0,
				1,
				0.233,
				0,
				0.467,
				26,
				0.7,
				26,
				1,
				0.811,
				26,
				0.922,
				-12,
				1.033,
				-12,
				1,
				1.133,
				-12,
				1.233,
				24,
				1.333,
				24,
				1,
				1.433,
				24,
				1.533,
				-19,
				1.633,
				-19,
				1,
				1.811,
				-19,
				1.989,
				-14,
				2.167,
				-14
			]
		},
		{
			"Target": "Parameter",
			"Id": "Param57",
			"Segments": [
				0,
				0,
				1,
				0.256,
				0,
				0.511,
				24,
				0.767,
				24,
				1,
				0.878,
				24,
				0.989,
				-12,
				1.1,
				-12,
				1,
				1.2,
				-12,
				1.3,
				23,
				1.4,
				23,
				1,
				1.5,
				23,
				1.6,
				-21,
				1.7,
				-21,
				1,
				1.856,
				-21,
				2.011,
				-9,
				2.167,
				-9
			]
		},
		{
			"Target": "Parameter",
			"Id": "ParamAngleX",
			"Segments": [
				0,
				0,
				0,
				2.167,
				0
			]
		},
		{
			"Target": "Parameter",
			"Id": "ParamAngleY",
			"Segments": [
				0,
				0,
				0,
				2.167,
				0
			]
		},
		{
			"Target": "Parameter",
			"Id": "ParamAngleZ",
			"Segments": [
				0,
				0,
				1,
				0.278,
				0,
				0.556,
				2,
				0.833,
				2,
				1,
				0.867,
				2,
				0.9,
				-6,
				0.933,
				-6,
				1,
				0.989,
				-6,
				1.044,
				5,
				1.1,
				5,
				1,
				1.178,
				5,
				1.256,
				-8,
				1.333,
				-8,
				0,
				2.167,
				-8
			]
		},
		{
			"Target": "Parameter",
			"Id": "ParamEyeLOpen",
			"Segments": [
				0,
				1,
				1,
				0.167,
				1,
				0.333,
				1,
				0.5,
				1,
				1,
				0.556,
				1,
				0.611,
				0,
				0.667,
				0,
				1,
				0.9,
				0,
				1.133,
				0,
				1.367,
				0,
				1,
				1.467,
				0,
				1.567,
				0.9,
				1.667,
				0.9,
				0,
				2.167,
				0.9
			]
		},
		{
			"Target": "Parameter",
			"Id": "ParamEyeLSmile",
			"Segments": [
				0,
				0,
				1,
				0.222,
				0,
				0.444,
				0,
				0.667,
				0,
				0,
				2.167,
				0
			]
		},
		{
			"Target": "Parameter",
			"Id": "ParamEyeROpen",
			"Segments": [
				0,
				1,
				1,
				0.167,
				1,
				0.333,
				1,
				0.5,
				1,
				1,
				0.556,
				1,
				0.611,
				0,
				0.667,
				0,
				0,
				2.167,
				0
			]
		},
		{
			"Target": "Parameter",
			"Id": "ParamEyeRSmile",
			"Segments": [
				0,
				0,
				0,
				2.167,
				0
			]
		},
		{
			"Target": "Parameter",
			"Id": "ParamEyeBallX",
			"Segments": [
				0,
				0,
				1,
				0.2,
				0,
				0.4,
				0,
				0.6,
				0,
				1,
				0.622,
				0,
				0.644,
				-0.6,
				0.667,
				-0.6,
				0,
				2.167,
				-0.6
			]
		},
		{
			"Target": "Parameter",
			"Id": "ParamEyeBallY",
			"Segments": [
				0,
				0,
				1,
				0.2,
				0,
				0.4,
				0,
				0.6,
				0,
				1,
				0.622,
				0,
				0.644,
				0,
				0.667,
				0,
				0,
				2.167,
				0
			]
		},
		{
			"Target": "Parameter",
			"Id": "ParamMouthForm",
			"Segments": [
				0,
				0,
				1,
				0.222,
				0,
				0.444,
				1,
				0.667,
				1,
				0,
				2.167,
				1
			]
		},
		{
			"Target": "Parameter",
			"Id": "Param59",
			"Segments": [
				0,
				0,
				1,
				0.222,
				0,
				0.444,
				0,
				0.667,
				0,
				1,
				1.144,
				0,
				1.622,
				0,
				2.1,
				0,
				0,
				2.167,
				0
			]
		},
		{
			"Target": "Parameter",
			"Id": "Param60",
			"Segments": [
				0,
				0,
				1,
				0.222,
				0,
				0.444,
				0,
				0.667,
				0,
				0,
				2.167,
				0
			]
		},
		{
			"Target": "Parameter",
			"Id": "ParamMouthOpenY",
			"Segments": [
				0,
				0,
				1,
				0.167,
				0,
				0.333,
				0,
				0.5,
				0,
				1,
				0.556,
				0,
				0.611,
				1,
				0.667,
				1,
				0,
				2.167,
				1
			]
		},
		{
			"Target": "Parameter",
			"Id": "Param61",
			"Segments": [
				0,
				0,
				1,
				0.222,
				0,
				0.444,
				1,
				0.667,
				1,
				0,
				2.167,
				1
			]
		},
		{
			"Target": "Parameter",
			"Id": "Param64",
			"Segments": [
				0,
				0,
				0,
				1.233,
				0,
				1,
				1.433,
				0,
				1.633,
				1,
				1.833,
				1,
				0,
				2.167,
				1
			]
		},
		{
			"Target": "Parameter",
			"Id": "ParamCheek",
			"Segments": [
				0,
				0,
				0,
				2.167,
				0
			]
		},
		{
			"Target": "Parameter",
			"Id": "ParamBodyAngleX",
			"Segments": [
				0,
				0,
				0,
				2.167,
				0
			]
		},
		{
			"Target": "Parameter",
			"Id": "ParamBodyAngleY",
			"Segments": [
				0,
				0,
				0,
				2.167,
				0
			]
		},
		{
			"Target": "Parameter",
			"Id": "ParamBodyAngleZ",
			"Segments": [
				0,
				0,
				1,
				0.256,
				0,
				0.511,
				1,
				0.767,
				1,
				1,
				0.856,
				1,
				0.944,
				-3,
				1.033,
				-3,
				0,
				2.167,
				-3
			]
		},
		{
			"Target": "Parameter",
			"Id": "ParamBreath",
			"Segments": [
				0,
				0,
				1,
				0.222,
				0,
				0.444,
				1,
				0.667,
				1,
				1,
				0.778,
				1,
				0.889,
				0,
				1,
				0,
				1,
				1.056,
				0,
				1.111,
				1,
				1.167,
				1,
				1,
				1.222,
				1,
				1.278,
				0,
				1.333,
				0,
				1,
				1.556,
				0,
				1.778,
				1,
				2,
				1,
				0,
				2.167,
				1
			]
		},
		{
			"Target": "Parameter",
			"Id": "Param48",
			"Segments": [
				0,
				0,
				1,
				0.278,
				0,
				0.556,
				7,
				0.833,
				7,
				1,
				1.022,
				7,
				1.211,
				-4,
				1.4,
				-4,
				0,
				2.167,
				-4
			]
		},
		{
			"Target": "Parameter",
			"Id": "Param78",
			"Segments": [
				0,
				0,
				1,
				0.333,
				0,
				0.667,
				5,
				1,
				5,
				0,
				2.167,
				5
			]
		},
		{
			"Target": "Parameter",
			"Id": "Param101",
			"Segments": [
				0,
				-4,
				1,
				0.333,
				-4,
				0.667,
				4,
				1,
				4,
				0,
				2.167,
				4
			]
		},
		{
			"Target": "Parameter",
			"Id": "Param49",
			"Segments": [
				0,
				0,
				1,
				0.111,
				0,
				0.222,
				4.85,
				0.333,
				11,
				1,
				0.444,
				17.15,
				0.556,
				19,
				0.667,
				19,
				1,
				0.778,
				19,
				0.889,
				16.313,
				1,
				10,
				1,
				1.111,
				3.687,
				1.222,
				0,
				1.333,
				0,
				1,
				1.444,
				0,
				1.556,
				4.85,
				1.667,
				11,
				1,
				1.778,
				17.15,
				1.889,
				19,
				2,
				19,
				1,
				2.056,
				19,
				2.111,
				16.75,
				2.167,
				14.5
			]
		},
		{
			"Target": "Parameter",
			"Id": "Param50",
			"Segments": [
				0,
				5,
				1,
				0.111,
				5,
				0.222,
				-12,
				0.333,
				-12,
				1,
				0.444,
				-12,
				0.556,
				-3.509,
				0.667,
				9,
				1,
				0.778,
				21.509,
				0.889,
				26,
				1,
				26,
				1,
				1.111,
				26,
				1.222,
				17.509,
				1.333,
				5,
				1,
				1.444,
				-7.509,
				1.556,
				-12,
				1.667,
				-12,
				1,
				1.778,
				-12,
				1.889,
				-3.509,
				2,
				9,
				1,
				2.056,
				15.255,
				2.111,
				19.505,
				2.167,
				22.191
			]
		},
		{
			"Target": "Parameter",
			"Id": "Param67",
			"Segments": [
				0,
				5,
				1,
				0.111,
				5,
				0.222,
				9.85,
				0.333,
				16,
				1,
				0.444,
				22.15,
				0.556,
				24,
				0.667,
				24,
				1,
				0.778,
				24,
				0.889,
				20.313,
				1,
				14,
				1,
				1.111,
				7.687,
				1.222,
				5,
				1.333,
				5,
				1,
				1.444,
				5,
				1.556,
				9.85,
				1.667,
				16,
				1,
				1.778,
				22.15,
				1.889,
				24,
				2,
				24,
				1,
				2.056,
				24,
				2.111,
				21.5,
				2.167,
				19
			]
		},
		{
			"Target": "Parameter",
			"Id": "Param68",
			"Segments": [
				0,
				-1,
				1,
				0.111,
				-1,
				0.222,
				21,
				0.333,
				21,
				1,
				0.444,
				21,
				0.556,
				14.325,
				0.667,
				0,
				1,
				0.778,
				-14.325,
				0.889,
				-22,
				1,
				-22,
				1,
				1.111,
				-22,
				1.222,
				-15.325,
				1.333,
				-1,
				1,
				1.444,
				13.325,
				1.556,
				21,
				1.667,
				21,
				1,
				1.778,
				21,
				1.889,
				14.325,
				2,
				0,
				1,
				2.056,
				-7.162,
				2.111,
				-12.662,
				2.167,
				-16.372
			]
		},
		{
			"Target": "Parameter",
			"Id": "Param16",
			"Segments": [
				0,
				-6,
				1,
				0.111,
				-6,
				0.222,
				-4.769,
				0.333,
				0,
				1,
				0.444,
				4.769,
				0.556,
				9,
				0.667,
				9,
				1,
				0.778,
				9,
				0.889,
				3.368,
				1,
				-1,
				1,
				1.111,
				-5.368,
				1.222,
				-6,
				1.333,
				-6,
				1,
				1.444,
				-6,
				1.556,
				-4.769,
				1.667,
				0,
				1,
				1.778,
				4.769,
				1.889,
				9,
				2,
				9,
				1,
				2.056,
				9,
				2.111,
				6.5,
				2.167,
				4
			]
		},
		{
			"Target": "Parameter",
			"Id": "Param17",
			"Segments": [
				0,
				-1,
				1,
				0.111,
				-1,
				0.222,
				11,
				0.333,
				11,
				1,
				0.444,
				11,
				0.556,
				5.835,
				0.667,
				-1,
				1,
				0.778,
				-7.835,
				0.889,
				-10,
				1,
				-10,
				1,
				1.111,
				-10,
				1.222,
				-7.835,
				1.333,
				-1,
				1,
				1.444,
				5.835,
				1.556,
				11,
				1.667,
				11,
				1,
				1.778,
				11,
				1.889,
				5.835,
				2,
				-1,
				1,
				2.056,
				-4.417,
				2.111,
				-6.667,
				2.167,
				-8.063
			]
		},
		{
			"Target": "Parameter",
			"Id": "Param69",
			"Segments": [
				0,
				-7,
				1,
				0.111,
				-7,
				0.222,
				-4.333,
				0.333,
				1,
				1,
				0.444,
				6.333,
				0.556,
				9,
				0.667,
				9,
				1,
				0.778,
				9,
				0.889,
				5.237,
				1,
				0,
				1,
				1.111,
				-5.237,
				1.222,
				-7,
				1.333,
				-7,
				1,
				1.444,
				-7,
				1.556,
				-4.333,
				1.667,
				1,
				1,
				1.778,
				6.333,
				1.889,
				9,
				2,
				9,
				1,
				2.056,
				9,
				2.111,
				6.75,
				2.167,
				4.5
			]
		},
		{
			"Target": "Parameter",
			"Id": "Param70",
			"Segments": [
				0,
				0,
				1,
				0.111,
				0,
				0.222,
				12,
				0.333,
				12,
				1,
				0.444,
				12,
				0.556,
				5.25,
				0.667,
				-2,
				1,
				0.778,
				-9.25,
				0.889,
				-11,
				1,
				-11,
				1,
				1.111,
				-11,
				1.222,
				-7.65,
				1.333,
				0,
				1,
				1.444,
				7.65,
				1.556,
				12,
				1.667,
				12,
				1,
				1.778,
				12,
				1.889,
				5.25,
				2,
				-2,
				1,
				2.056,
				-5.625,
				2.111,
				-7.875,
				2.167,
				-9.219
			]
		},
		{
			"Target": "Parameter",
			"Id": "Param51",
			"Segments": [
				0,
				0,
				1,
				0.278,
				0,
				0.556,
				3,
				0.833,
				3,
				1,
				0.944,
				3,
				1.056,
				-10,
				1.167,
				-10,
				1,
				1.344,
				-10,
				1.522,
				2,
				1.7,
				2,
				1,
				1.833,
				2,
				1.967,
				-4,
				2.1,
				-4,
				0,
				2.167,
				-4
			]
		},
		{
			"Target": "Parameter",
			"Id": "Param52",
			"Segments": [
				0,
				0,
				1,
				0.278,
				0,
				0.556,
				4,
				0.833,
				4,
				1,
				0.978,
				4,
				1.122,
				-7,
				1.267,
				-7,
				1,
				1.433,
				-7,
				1.6,
				4,
				1.767,
				4,
				1,
				1.9,
				4,
				2.033,
				-1,
				2.167,
				-1
			]
		}
	]
}