{
	"Version": 3,
	"Meta": {
		"Duration": 2.333,
		"Fps": 30.0,
		"Loop": true,
		"AreBeziersRestricted": true,
		"CurveCount": 112,
		"TotalSegmentCount": 380,
		"TotalPointCount": 1096,
		"UserDataCount": 0,
		"TotalUserDataSize": 0
	},
	"Curves": [
		{
			"Target": "Parameter",
			"Id": "Param85",
			"Segments": [
				0,
				0,
				0,
				1.5,
				1,
				0,
				2.333,
				1
			]
		},
		{
			"Target": "Parameter",
			"Id": "Param86",
			"Segments": [
				0,
				0,
				0,
				0.667,
				0,
				0,
				1.767,
				1,
				0,
				2.333,
				1
			]
		},
		{
			"Target": "Parameter",
			"Id": "Param87",
			"Segments": [
				0,
				0,
				0,
				0.333,
				0,
				0,
				2.333,
				0.822
			]
		},
		{
			"Target": "Parameter",
			"Id": "Param88",
			"Segments": [
				0,
				0,
				0,
				2.333,
				0
			]
		},
		{
			"Target": "Parameter",
			"Id": "Param89",
			"Segments": [
				0,
				0,
				0,
				2,
				0,
				0,
				2.333,
				0.476
			]
		},
		{
			"Target": "Parameter",
			"Id": "Param90",
			"Segments": [
				0,
				0,
				0,
				2.333,
				0
			]
		},
		{
			"Target": "Parameter",
			"Id": "Param91",
			"Segments": [
				0,
				0,
				0,
				2.2,
				0,
				0,
				2.333,
				0
			]
		},
		{
			"Target": "Parameter",
			"Id": "Param92",
			"Segments": [
				0,
				0,
				0,
				1.5,
				0,
				0,
				2.333,
				0.781
			]
		},
		{
			"Target": "Parameter",
			"Id": "Param47",
			"Segments": [
				0,
				0,
				0,
				2.333,
				0
			]
		},
		{
			"Target": "Parameter",
			"Id": "Param",
			"Segments": [
				0,
				0,
				0,
				2.333,
				0
			]
		},
		{
			"Target": "Parameter",
			"Id": "Param65",
			"Segments": [
				0,
				0,
				0,
				2.333,
				0
			]
		},
		{
			"Target": "Parameter",
			"Id": "Param66",
			"Segments": [
				0,
				0,
				0,
				2.333,
				0
			]
		},
		{
			"Target": "Parameter",
			"Id": "Param46",
			"Segments": [
				0,
				0,
				0,
				2.333,
				0
			]
		},
		{
			"Target": "Parameter",
			"Id": "Param45",
			"Segments": [
				0,
				0,
				0,
				2.333,
				0
			]
		},
		{
			"Target": "Parameter",
			"Id": "Param30",
			"Segments": [
				0,
				16,
				1,
				0.278,
				16,
				0.556,
				-12,
				0.833,
				-12,
				1,
				1.111,
				-12,
				1.389,
				14,
				1.667,
				14,
				0,
				2.333,
				14
			]
		},
		{
			"Target": "Parameter",
			"Id": "Param31",
			"Segments": [
				0,
				12,
				1,
				0.222,
				12,
				0.444,
				-24,
				0.667,
				-24,
				1,
				0.889,
				-24,
				1.111,
				22,
				1.333,
				22,
				0,
				2.333,
				22
			]
		},
		{
			"Target": "Parameter",
			"Id": "Param32",
			"Segments": [
				0,
				-1,
				1,
				0.111,
				-1,
				0.222,
				10,
				0.333,
				10,
				1,
				0.444,
				10,
				0.556,
				6.982,
				0.667,
				0,
				1,
				0.778,
				-6.982,
				0.889,
				-11,
				1,
				-11,
				1,
				1.111,
				-11,
				1.222,
				-7.982,
				1.333,
				-1,
				1,
				1.444,
				5.982,
				1.556,
				10,
				1.667,
				10,
				1,
				1.778,
				10,
				1.889,
				6.982,
				2,
				0,
				1,
				2.111,
				-6.982,
				2.222,
				-11,
				2.333,
				-11
			]
		},
		{
			"Target": "Parameter",
			"Id": "Param33",
			"Segments": [
				0,
				16,
				1,
				0.111,
				16,
				0.222,
				10.333,
				0.333,
				-1,
				1,
				0.444,
				-12.333,
				0.556,
				-18,
				0.667,
				-18,
				1,
				0.778,
				-18,
				0.889,
				-12.333,
				1,
				-1,
				1,
				1.111,
				10.333,
				1.222,
				16,
				1.333,
				16,
				1,
				1.444,
				16,
				1.556,
				10.333,
				1.667,
				-1,
				1,
				1.778,
				-12.333,
				1.889,
				-18,
				2,
				-18,
				1,
				2.111,
				-18,
				2.222,
				-12.333,
				2.333,
				-1
			]
		},
		{
			"Target": "Parameter",
			"Id": "Param62",
			"Segments": [
				0,
				0,
				1,
				0.333,
				0,
				0.667,
				1,
				1,
				1,
				1,
				1.333,
				1,
				1.667,
				0,
				2,
				0,
				0,
				2.333,
				0
			]
		},
		{
			"Target": "Parameter",
			"Id": "Param22",
			"Segments": [
				0,
				-22,
				1,
				0.111,
				-22,
				0.222,
				-13.585,
				0.333,
				0,
				1,
				0.444,
				13.585,
				0.556,
				19,
				0.667,
				19,
				1,
				0.778,
				19,
				0.889,
				13.585,
				1,
				0,
				1,
				1.111,
				-13.585,
				1.222,
				-22,
				1.333,
				-22,
				1,
				1.444,
				-22,
				1.556,
				-13.585,
				1.667,
				0,
				1,
				1.778,
				13.585,
				1.889,
				19,
				2,
				19,
				1,
				2.111,
				19,
				2.222,
				13.585,
				2.333,
				0
			]
		},
		{
			"Target": "Parameter",
			"Id": "Param23",
			"Segments": [
				0,
				-1,
				1,
				0.111,
				-1,
				0.222,
				18,
				0.333,
				18,
				1,
				0.444,
				18,
				0.556,
				11.323,
				0.667,
				-1,
				1,
				0.778,
				-13.323,
				0.889,
				-19,
				1,
				-19,
				1,
				1.111,
				-19,
				1.222,
				-13.323,
				1.333,
				-1,
				1,
				1.444,
				11.323,
				1.556,
				18,
				1.667,
				18,
				1,
				1.778,
				18,
				1.889,
				11.323,
				2,
				-1,
				1,
				2.111,
				-13.323,
				2.222,
				-19,
				2.333,
				-19
			]
		},
		{
			"Target": "Parameter",
			"Id": "Param27",
			"Segments": [
				0,
				-9,
				1,
				0.167,
				-9,
				0.333,
				19,
				0.5,
				19,
				1,
				0.833,
				19,
				1.167,
				-22,
				1.5,
				-22,
				1,
				1.722,
				-22,
				1.944,
				17,
				2.167,
				17,
				1,
				2.222,
				17,
				2.278,
				15.187,
				2.333,
				12.469
			]
		},
		{
			"Target": "Parameter",
			"Id": "Param24",
			"Segments": [
				0,
				-6,
				1,
				0.278,
				-6,
				0.556,
				17,
				0.833,
				17,
				1,
				1.111,
				17,
				1.389,
				-18,
				1.667,
				-18,
				1,
				1.889,
				-18,
				2.111,
				16,
				2.333,
				16
			]
		},
		{
			"Target": "Parameter",
			"Id": "Param25",
			"Segments": [
				0,
				-9,
				1,
				0.111,
				-9,
				0.222,
				-6,
				0.333,
				0,
				1,
				0.444,
				6,
				0.556,
				9,
				0.667,
				9,
				1,
				0.778,
				9,
				0.889,
				6,
				1,
				0,
				1,
				1.111,
				-6,
				1.222,
				-9,
				1.333,
				-9,
				1,
				1.444,
				-9,
				1.556,
				-6,
				1.667,
				0,
				1,
				1.778,
				6,
				1.889,
				9,
				2,
				9,
				1,
				2.111,
				9,
				2.222,
				6,
				2.333,
				0
			]
		},
		{
			"Target": "Parameter",
			"Id": "Param26",
			"Segments": [
				0,
				-2,
				1,
				0.111,
				-2,
				0.222,
				-14,
				0.333,
				-14,
				1,
				0.444,
				-14,
				0.556,
				-11.116,
				0.667,
				-2,
				1,
				0.778,
				7.116,
				0.889,
				14,
				1,
				14,
				1,
				1.111,
				14,
				1.222,
				7.116,
				1.333,
				-2,
				1,
				1.444,
				-11.116,
				1.556,
				-14,
				1.667,
				-14,
				1,
				1.778,
				-14,
				1.889,
				-11.116,
				2,
				-2,
				1,
				2.111,
				7.116,
				2.222,
				14,
				2.333,
				14
			]
		},
		{
			"Target": "Parameter",
			"Id": "Param28",
			"Segments": [
				0,
				-12,
				1,
				0.222,
				-12,
				0.444,
				26,
				0.667,
				26,
				1,
				0.944,
				26,
				1.222,
				-13,
				1.5,
				-13,
				1,
				1.778,
				-13,
				2.056,
				15,
				2.333,
				15
			]
		},
		{
			"Target": "Parameter",
			"Id": "Param29",
			"Segments": [
				0,
				-8,
				1,
				0.278,
				-8,
				0.556,
				30,
				0.833,
				30,
				1,
				1.111,
				30,
				1.389,
				-15,
				1.667,
				-15,
				1,
				1.889,
				-15,
				2.111,
				13.8,
				2.333,
				25.32
			]
		},
		{
			"Target": "Parameter",
			"Id": "Param19",
			"Segments": [
				0,
				0,
				0,
				2.333,
				0
			]
		},
		{
			"Target": "Parameter",
			"Id": "Param71",
			"Segments": [
				0,
				0,
				1,
				0.167,
				0,
				0.333,
				0,
				0.5,
				0,
				1,
				0.6,
				0,
				0.7,
				1,
				0.8,
				1,
				0,
				2.333,
				1
			]
		},
		{
			"Target": "Parameter",
			"Id": "Param20",
			"Segments": [
				0,
				0,
				1,
				0.167,
				0,
				0.333,
				0,
				0.5,
				0,
				1,
				0.611,
				0,
				0.722,
				1,
				0.833,
				1,
				0,
				2.333,
				1
			]
		},
		{
			"Target": "Parameter",
			"Id": "Param21",
			"Segments": [
				0,
				0,
				1,
				0.167,
				0,
				0.333,
				0,
				0.5,
				0,
				1,
				0.611,
				0,
				0.722,
				1,
				0.833,
				1,
				0,
				2.333,
				1
			]
		},
		{
			"Target": "Parameter",
			"Id": "Param39",
			"Segments": [
				0,
				0,
				0,
				2.333,
				0
			]
		},
		{
			"Target": "Parameter",
			"Id": "Param40",
			"Segments": [
				0,
				0,
				0,
				2.333,
				0
			]
		},
		{
			"Target": "Parameter",
			"Id": "Param41",
			"Segments": [
				0,
				0,
				0,
				2.333,
				0
			]
		},
		{
			"Target": "Parameter",
			"Id": "Param42",
			"Segments": [
				0,
				0,
				0,
				2.333,
				0
			]
		},
		{
			"Target": "Parameter",
			"Id": "Param43",
			"Segments": [
				0,
				-16,
				1,
				0.056,
				-16,
				0.111,
				17,
				0.167,
				17,
				1,
				0.222,
				17,
				0.278,
				-12.618,
				0.333,
				-13,
				1,
				0.667,
				-15.292,
				1,
				-16,
				1.333,
				-16,
				1,
				1.389,
				-16,
				1.444,
				17,
				1.5,
				17,
				1,
				1.556,
				17,
				1.611,
				-13,
				1.667,
				-13,
				0,
				2.333,
				-13
			]
		},
		{
			"Target": "Parameter",
			"Id": "Param44",
			"Segments": [
				0,
				-14,
				0,
				0.367,
				-14,
				1,
				0.422,
				-14,
				0.478,
				14,
				0.533,
				14,
				1,
				0.589,
				14,
				0.644,
				-14,
				0.7,
				-14,
				1,
				1.033,
				-14,
				1.367,
				-14,
				1.7,
				-14,
				1,
				1.756,
				-14,
				1.811,
				14,
				1.867,
				14,
				1,
				1.922,
				14,
				1.978,
				-14,
				2.033,
				-14,
				0,
				2.333,
				-14
			]
		},
		{
			"Target": "Parameter",
			"Id": "Param53",
			"Segments": [
				0,
				15,
				1,
				0.167,
				15,
				0.333,
				-16,
				0.5,
				-16,
				1,
				0.722,
				-16,
				0.944,
				16,
				1.167,
				16,
				1,
				1.389,
				16,
				1.611,
				-17,
				1.833,
				-17,
				1,
				2,
				-17,
				2.167,
				14,
				2.333,
				14
			]
		},
		{
			"Target": "Parameter",
			"Id": "Param54",
			"Segments": [
				0,
				-13,
				1,
				0.167,
				-13,
				0.333,
				15,
				0.5,
				15,
				1,
				0.722,
				15,
				0.944,
				-17,
				1.167,
				-17,
				1,
				1.389,
				-17,
				1.611,
				15,
				1.833,
				15,
				1,
				2,
				15,
				2.167,
				-14,
				2.333,
				-14
			]
		},
		{
			"Target": "Parameter",
			"Id": "Param72",
			"Segments": [
				0,
				0,
				1,
				0.167,
				0,
				0.333,
				0,
				0.5,
				0,
				1,
				0.611,
				0,
				0.722,
				1,
				0.833,
				1,
				0,
				2.333,
				1
			]
		},
		{
			"Target": "Parameter",
			"Id": "Param76",
			"Segments": [
				0,
				0,
				0,
				2.333,
				0
			]
		},
		{
			"Target": "Parameter",
			"Id": "Param77",
			"Segments": [
				0,
				0,
				0,
				2.333,
				0
			]
		},
		{
			"Target": "Parameter",
			"Id": "Param12",
			"Segments": [
				0,
				-12,
				1,
				0.111,
				-12,
				0.222,
				-7.667,
				0.333,
				1,
				1,
				0.444,
				9.667,
				0.556,
				14,
				0.667,
				14,
				1,
				0.778,
				14,
				0.889,
				7.431,
				1,
				-1,
				1,
				1.111,
				-9.431,
				1.222,
				-12,
				1.333,
				-12,
				1,
				1.444,
				-12,
				1.556,
				-7.667,
				1.667,
				1,
				1,
				1.778,
				9.667,
				1.889,
				14,
				2,
				14,
				1,
				2.111,
				14,
				2.222,
				-1,
				2.333,
				-1
			]
		},
		{
			"Target": "Parameter",
			"Id": "Param13",
			"Segments": [
				0,
				0,
				1,
				0.111,
				0,
				0.222,
				-16,
				0.333,
				-16,
				1,
				0.444,
				-16,
				0.556,
				-12.478,
				0.667,
				-2,
				1,
				0.778,
				8.478,
				0.889,
				16,
				1,
				16,
				1,
				1.111,
				16,
				1.222,
				10.667,
				1.333,
				0,
				1,
				1.444,
				-10.667,
				1.556,
				-16,
				1.667,
				-16,
				1,
				1.778,
				-16,
				1.889,
				-12.478,
				2,
				-2,
				1,
				2.111,
				8.478,
				2.222,
				16,
				2.333,
				16
			]
		},
		{
			"Target": "Parameter",
			"Id": "Param14",
			"Segments": [
				0,
				0,
				1,
				0.111,
				0,
				0.222,
				-12,
				0.333,
				-12,
				1,
				0.444,
				-12,
				0.556,
				-8.608,
				0.667,
				0,
				1,
				0.778,
				8.608,
				0.889,
				14,
				1,
				14,
				1,
				1.111,
				14,
				1.222,
				8.608,
				1.333,
				0,
				1,
				1.444,
				-8.608,
				1.556,
				-12,
				1.667,
				-12,
				1,
				1.778,
				-12,
				1.889,
				-8.608,
				2,
				0,
				1,
				2.111,
				8.608,
				2.222,
				14,
				2.333,
				14
			]
		},
		{
			"Target": "Parameter",
			"Id": "Param15",
			"Segments": [
				0,
				19,
				1,
				0.111,
				19,
				0.222,
				11.242,
				0.333,
				-1,
				1,
				0.444,
				-13.242,
				0.556,
				-18,
				0.667,
				-18,
				1,
				0.778,
				-18,
				0.889,
				-12.323,
				1,
				0,
				1,
				1.111,
				12.323,
				1.222,
				19,
				1.333,
				19,
				1,
				1.444,
				19,
				1.556,
				11.242,
				1.667,
				-1,
				1,
				1.778,
				-13.242,
				1.889,
				-18,
				2,
				-18,
				1,
				2.111,
				-18,
				2.222,
				0,
				2.333,
				0
			]
		},
		{
			"Target": "Parameter",
			"Id": "Param9",
			"Segments": [
				0,
				-23,
				1,
				0.111,
				-23,
				0.222,
				-19.935,
				0.333,
				-9,
				1,
				0.444,
				1.935,
				0.556,
				11,
				0.667,
				11,
				1,
				0.778,
				11,
				0.889,
				-2.249,
				1,
				-12,
				1,
				1.111,
				-21.751,
				1.222,
				-23,
				1.333,
				-23,
				1,
				1.444,
				-23,
				1.556,
				-19.935,
				1.667,
				-9,
				1,
				1.778,
				1.935,
				1.889,
				11,
				2,
				11,
				1,
				2.111,
				11,
				2.222,
				-12,
				2.333,
				-12
			]
		},
		{
			"Target": "Parameter",
			"Id": "Param10",
			"Segments": [
				0,
				0,
				1,
				0.111,
				0,
				0.222,
				18,
				0.333,
				18,
				1,
				0.444,
				18,
				0.556,
				12.627,
				0.667,
				0,
				1,
				0.778,
				-12.627,
				0.889,
				-20,
				1,
				-20,
				1,
				1.111,
				-20,
				1.222,
				-12.627,
				1.333,
				0,
				1,
				1.444,
				12.627,
				1.556,
				18,
				1.667,
				18,
				1,
				1.778,
				18,
				1.889,
				12.627,
				2,
				0,
				1,
				2.111,
				-12.627,
				2.222,
				-20,
				2.333,
				-20
			]
		},
		{
			"Target": "Parameter",
			"Id": "Param11",
			"Segments": [
				0,
				0,
				1,
				0.111,
				0,
				0.222,
				-10,
				0.333,
				-10,
				1,
				0.411,
				-10,
				0.489,
				4.155,
				0.567,
				6,
				1,
				0.656,
				8.109,
				0.744,
				8,
				0.833,
				8,
				1,
				1.056,
				8,
				1.278,
				7.602,
				1.5,
				5,
				1,
				1.611,
				3.699,
				1.722,
				-2.509,
				1.833,
				-6,
				1,
				1.944,
				-9.491,
				2.056,
				-11,
				2.167,
				-11,
				0,
				2.333,
				-11
			]
		},
		{
			"Target": "Parameter",
			"Id": "Param18",
			"Segments": [
				0,
				0,
				1,
				0.111,
				0,
				0.222,
				8.263,
				0.333,
				15,
				1,
				0.411,
				19.716,
				0.489,
				20,
				0.567,
				20,
				1,
				0.656,
				20,
				0.744,
				18.333,
				0.833,
				15,
				1,
				1.056,
				6.667,
				1.278,
				-1.781,
				1.5,
				-10,
				1,
				1.611,
				-14.109,
				1.722,
				-16,
				1.833,
				-16,
				1,
				1.944,
				-16,
				2.056,
				-4,
				2.167,
				-4,
				0,
				2.333,
				-4
			]
		},
		{
			"Target": "Parameter",
			"Id": "Param34",
			"Segments": [
				0,
				0,
				1,
				0.111,
				0,
				0.222,
				1,
				0.333,
				1,
				0,
				2.333,
				1
			]
		},
		{
			"Target": "Parameter",
			"Id": "Param35",
			"Segments": [
				0,
				0,
				1,
				0.111,
				0,
				0.222,
				1,
				0.333,
				1,
				0,
				2.333,
				1
			]
		},
		{
			"Target": "Parameter",
			"Id": "Param36",
			"Segments": [
				0,
				0,
				0,
				2.333,
				0
			]
		},
		{
			"Target": "Parameter",
			"Id": "Param37",
			"Segments": [
				0,
				0,
				0,
				2.333,
				0
			]
		},
		{
			"Target": "Parameter",
			"Id": "Param38",
			"Segments": [
				0,
				0,
				1,
				0.167,
				0,
				0.333,
				0,
				0.5,
				0,
				0,
				2.333,
				0
			]
		},
		{
			"Target": "Parameter",
			"Id": "Param58",
			"Segments": [
				0,
				0,
				1,
				0.233,
				0,
				0.467,
				-15,
				0.7,
				-15,
				1,
				0.8,
				-15,
				0.9,
				16,
				1,
				16,
				1,
				1.111,
				16,
				1.222,
				-16,
				1.333,
				-16,
				1,
				1.556,
				-16,
				1.778,
				-15.94,
				2,
				-15,
				1,
				2.1,
				-14.577,
				2.2,
				16,
				2.3,
				16,
				1,
				2.311,
				16,
				2.322,
				15.68,
				2.333,
				15.104
			]
		},
		{
			"Target": "Parameter",
			"Id": "Param73",
			"Segments": [
				0,
				0,
				0,
				2.333,
				0
			]
		},
		{
			"Target": "Parameter",
			"Id": "Param74",
			"Segments": [
				0,
				0,
				0,
				2.333,
				0
			]
		},
		{
			"Target": "Parameter",
			"Id": "Param75",
			"Segments": [
				0,
				0,
				0,
				2.333,
				0
			]
		},
		{
			"Target": "Parameter",
			"Id": "Param100",
			"Segments": [
				0,
				-4,
				1,
				0.222,
				-4,
				0.444,
				9,
				0.667,
				9,
				1,
				0.889,
				9,
				1.111,
				4,
				1.333,
				4,
				1,
				1.667,
				4,
				2,
				14,
				2.333,
				14
			]
		},
		{
			"Target": "Parameter",
			"Id": "Param102",
			"Segments": [
				0,
				0,
				0,
				0.167,
				0,
				1,
				0.289,
				0,
				0.411,
				1,
				0.533,
				1,
				0,
				2.333,
				1
			]
		},
		{
			"Target": "Parameter",
			"Id": "Param5",
			"Segments": [
				0,
				-15,
				1,
				0.111,
				-15,
				0.222,
				-2,
				0.333,
				-2,
				1,
				0.444,
				-2,
				0.556,
				-5.392,
				0.667,
				-14,
				1,
				0.778,
				-22.608,
				0.889,
				-28,
				1,
				-28,
				1,
				1.111,
				-28,
				1.222,
				-23.667,
				1.333,
				-15,
				1,
				1.444,
				-6.333,
				1.556,
				-2,
				1.667,
				-2,
				1,
				1.778,
				-2,
				1.889,
				-5.392,
				2,
				-14,
				1,
				2.111,
				-22.608,
				2.222,
				-28,
				2.333,
				-28
			]
		},
		{
			"Target": "Parameter",
			"Id": "Param6",
			"Segments": [
				0,
				0,
				1,
				0.111,
				0,
				0.222,
				-6.051,
				0.333,
				-16,
				1,
				0.444,
				-25.949,
				0.556,
				-30,
				0.667,
				-30,
				1,
				0.778,
				-30,
				0.889,
				-25.949,
				1,
				-16,
				1,
				1.111,
				-6.051,
				1.222,
				0,
				1.333,
				0,
				1,
				1.444,
				0,
				1.556,
				-6.051,
				1.667,
				-16,
				1,
				1.778,
				-25.949,
				1.889,
				-30,
				2,
				-30,
				1,
				2.111,
				-30,
				2.222,
				-16,
				2.333,
				-16
			]
		},
		{
			"Target": "Parameter",
			"Id": "Param8",
			"Segments": [
				0,
				26.98,
				1,
				0.078,
				25.374,
				0.156,
				21.823,
				0.233,
				16,
				1,
				0.344,
				7.682,
				0.456,
				3,
				0.567,
				3,
				1,
				0.678,
				3,
				0.789,
				7.682,
				0.9,
				16,
				1,
				1.011,
				24.318,
				1.122,
				28,
				1.233,
				28,
				1,
				1.344,
				28,
				1.456,
				24.318,
				1.567,
				16,
				1,
				1.678,
				7.682,
				1.789,
				3,
				1.9,
				3,
				1,
				2.011,
				3,
				2.122,
				16,
				2.233,
				16,
				0,
				2.333,
				16
			]
		},
		{
			"Target": "Parameter",
			"Id": "Param7",
			"Segments": [
				0,
				11.192,
				1,
				0.078,
				7.37,
				0.156,
				1,
				0.233,
				1,
				1,
				0.344,
				1,
				0.456,
				7.127,
				0.567,
				16,
				1,
				0.678,
				24.873,
				0.789,
				28,
				0.9,
				28,
				1,
				1.011,
				28,
				1.122,
				22.986,
				1.233,
				14,
				1,
				1.344,
				5.014,
				1.456,
				1,
				1.567,
				1,
				1,
				1.678,
				1,
				1.789,
				7.127,
				1.9,
				16,
				1,
				2.011,
				24.873,
				2.122,
				28,
				2.233,
				28,
				0,
				2.333,
				28
			]
		},
		{
			"Target": "Parameter",
			"Id": "ParamHairBack",
			"Segments": [
				0,
				-0.8,
				1,
				0.278,
				-0.8,
				0.556,
				0.8,
				0.833,
				0.8,
				1,
				1.056,
				0.8,
				1.278,
				-0.7,
				1.5,
				-0.7,
				1,
				1.778,
				-0.7,
				2.056,
				0.6,
				2.333,
				0.6
			]
		},
		{
			"Target": "Parameter",
			"Id": "ParamHairFront",
			"Segments": [
				0,
				-0.8,
				1,
				0.267,
				-0.8,
				0.533,
				0.9,
				0.8,
				0.9,
				1,
				1.022,
				0.9,
				1.244,
				-0.8,
				1.467,
				-0.8,
				1,
				1.756,
				-0.8,
				2.044,
				0.591,
				2.333,
				0.694
			]
		},
		{
			"Target": "Parameter",
			"Id": "ParamHairSide",
			"Segments": [
				0,
				-0.2,
				1,
				0.244,
				-0.2,
				0.489,
				0.9,
				0.733,
				0.9,
				1,
				0.956,
				0.9,
				1.178,
				-0.2,
				1.4,
				-0.2,
				1,
				1.711,
				-0.2,
				2.022,
				0.671,
				2.333,
				0.787
			]
		},
		{
			"Target": "Parameter",
			"Id": "Param2",
			"Segments": [
				0,
				-20,
				1,
				0.256,
				-20,
				0.511,
				21,
				0.767,
				21,
				1,
				1.033,
				21,
				1.3,
				-21,
				1.567,
				-21,
				1,
				1.822,
				-21,
				2.078,
				-0.853,
				2.333,
				10.48
			]
		},
		{
			"Target": "Parameter",
			"Id": "Param3",
			"Segments": [
				0,
				-12,
				1,
				0.267,
				-12,
				0.533,
				21,
				0.8,
				21,
				1,
				1.044,
				21,
				1.289,
				-18,
				1.533,
				-18,
				1,
				1.8,
				-18,
				2.067,
				0.436,
				2.333,
				11.281
			]
		},
		{
			"Target": "Parameter",
			"Id": "Param4",
			"Segments": [
				0,
				-14,
				1,
				0.267,
				-14,
				0.533,
				24,
				0.8,
				24,
				1,
				1.067,
				24,
				1.333,
				-19,
				1.6,
				-19,
				1,
				1.844,
				-19,
				2.089,
				-1.222,
				2.333,
				10.63
			]
		},
		{
			"Target": "Parameter",
			"Id": "Param55",
			"Segments": [
				0,
				-15,
				1,
				0.278,
				-15,
				0.556,
				22,
				0.833,
				22,
				1,
				1.1,
				22,
				1.367,
				-16,
				1.633,
				-16,
				1,
				1.867,
				-16,
				2.1,
				-6.904,
				2.333,
				1.736
			]
		},
		{
			"Target": "Parameter",
			"Id": "Param56",
			"Segments": [
				0,
				-13,
				1,
				0.289,
				-13,
				0.578,
				24,
				0.867,
				24,
				1,
				1.133,
				24,
				1.4,
				-15,
				1.667,
				-15,
				1,
				1.889,
				-15,
				2.111,
				-6.321,
				2.333,
				2.134
			]
		},
		{
			"Target": "Parameter",
			"Id": "Param57",
			"Segments": [
				0,
				-17,
				1,
				0.278,
				-17,
				0.556,
				22,
				0.833,
				22,
				1,
				1.067,
				22,
				1.3,
				-12,
				1.533,
				-12,
				1,
				1.8,
				-12,
				2.067,
				-2.182,
				2.333,
				6.744
			]
		},
		{
			"Target": "Parameter",
			"Id": "ParamAngleX",
			"Segments": [
				0,
				0,
				1,
				0.222,
				0,
				0.444,
				-21,
				0.667,
				-21,
				1,
				1,
				-21,
				1.333,
				19,
				1.667,
				19,
				1,
				1.889,
				19,
				2.111,
				6.84,
				2.333,
				1.976
			]
		},
		{
			"Target": "Parameter",
			"Id": "ParamAngleY",
			"Segments": [
				0,
				0,
				0,
				2.333,
				0
			]
		},
		{
			"Target": "Parameter",
			"Id": "ParamAngleZ",
			"Segments": [
				0,
				0,
				1,
				0.222,
				0,
				0.444,
				9,
				0.667,
				9,
				1,
				1,
				9,
				1.333,
				-14,
				1.667,
				-14,
				1,
				1.889,
				-14,
				2.111,
				-10.16,
				2.333,
				-8.624
			]
		},
		{
			"Target": "Parameter",
			"Id": "ParamEyeLOpen",
			"Segments": [
				0,
				1,
				0,
				2.333,
				1
			]
		},
		{
			"Target": "Parameter",
			"Id": "ParamEyeLSmile",
			"Segments": [
				0,
				0,
				0,
				2.333,
				0
			]
		},
		{
			"Target": "Parameter",
			"Id": "ParamEyeROpen",
			"Segments": [
				0,
				1,
				0,
				2.333,
				1
			]
		},
		{
			"Target": "Parameter",
			"Id": "ParamEyeRSmile",
			"Segments": [
				0,
				0,
				0,
				2.333,
				0
			]
		},
		{
			"Target": "Parameter",
			"Id": "ParamEyeBallX",
			"Segments": [
				0,
				0,
				0,
				2.333,
				0
			]
		},
		{
			"Target": "Parameter",
			"Id": "ParamEyeBallY",
			"Segments": [
				0,
				0,
				0,
				2.333,
				0
			]
		},
		{
			"Target": "Parameter",
			"Id": "ParamMouthForm",
			"Segments": [
				0,
				0,
				1,
				0.111,
				0,
				0.222,
				-0.5,
				0.333,
				-0.5,
				1,
				0.556,
				-0.5,
				0.778,
				0,
				1,
				0,
				0,
				2.333,
				0
			]
		},
		{
			"Target": "Parameter",
			"Id": "Param59",
			"Segments": [
				0,
				0,
				0,
				2.333,
				0
			]
		},
		{
			"Target": "Parameter",
			"Id": "Param104",
			"Segments": [
				0,
				0,
				0,
				0.433,
				0,
				1,
				0.711,
				0,
				0.989,
				1,
				1.267,
				1,
				0,
				2.333,
				1
			]
		},
		{
			"Target": "Parameter",
			"Id": "Param60",
			"Segments": [
				0,
				0,
				0,
				2.333,
				0
			]
		},
		{
			"Target": "Parameter",
			"Id": "Param105",
			"Segments": [
				0,
				0,
				0,
				0.433,
				0,
				1,
				0.711,
				0,
				0.989,
				1,
				1.267,
				1,
				0,
				2.333,
				1
			]
		},
		{
			"Target": "Parameter",
			"Id": "ParamMouthOpenY",
			"Segments": [
				0,
				0,
				1,
				0.111,
				0,
				0.222,
				0,
				0.333,
				0,
				1,
				0.444,
				0,
				0.556,
				1,
				0.667,
				1,
				0,
				2.333,
				1
			]
		},
		{
			"Target": "Parameter",
			"Id": "Param61",
			"Segments": [
				0,
				0,
				1,
				0.256,
				0,
				0.511,
				0.6,
				0.767,
				0.6,
				0,
				2.333,
				0.6
			]
		},
		{
			"Target": "Parameter",
			"Id": "Param64",
			"Segments": [
				0,
				0,
				0,
				2.333,
				0
			]
		},
		{
			"Target": "Parameter",
			"Id": "ParamCheek",
			"Segments": [
				0,
				0,
				0,
				2.333,
				0
			]
		},
		{
			"Target": "Parameter",
			"Id": "ParamBodyAngleX",
			"Segments": [
				0,
				0,
				1,
				0.389,
				0,
				0.778,
				0,
				1.167,
				0,
				1,
				1.333,
				0,
				1.5,
				7,
				1.667,
				7,
				0,
				2.333,
				7
			]
		},
		{
			"Target": "Parameter",
			"Id": "ParamBodyAngleY",
			"Segments": [
				0,
				0,
				1,
				0.389,
				0,
				0.778,
				0,
				1.167,
				0,
				1,
				1.356,
				0,
				1.544,
				4,
				1.733,
				4,
				0,
				2.333,
				4
			]
		},
		{
			"Target": "Parameter",
			"Id": "ParamBodyAngleZ",
			"Segments": [
				0,
				0,
				1,
				0.222,
				0,
				0.444,
				3,
				0.667,
				3,
				1,
				0.967,
				3,
				1.267,
				-2,
				1.567,
				-2,
				0,
				2.333,
				-2
			]
		},
		{
			"Target": "Parameter",
			"Id": "ParamBreath",
			"Segments": [
				0,
				0,
				1,
				0.278,
				0,
				0.556,
				1,
				0.833,
				1,
				1,
				1.1,
				1,
				1.367,
				0,
				1.633,
				0,
				0,
				2.333,
				0
			]
		},
		{
			"Target": "Parameter",
			"Id": "Param48",
			"Segments": [
				0,
				0,
				1,
				0.389,
				0,
				0.778,
				15,
				1.167,
				15,
				1,
				1.556,
				15,
				1.944,
				2,
				2.333,
				2
			]
		},
		{
			"Target": "Parameter",
			"Id": "Param78",
			"Segments": [
				0,
				0,
				1,
				0.278,
				0,
				0.556,
				8,
				0.833,
				8,
				1,
				1.222,
				8,
				1.611,
				0,
				2,
				0,
				0,
				2.333,
				0
			]
		},
		{
			"Target": "Parameter",
			"Id": "Param101",
			"Segments": [
				0,
				-6,
				1,
				0.222,
				-6,
				0.444,
				8,
				0.667,
				8,
				1,
				0.944,
				8,
				1.222,
				-7,
				1.5,
				-7,
				1,
				1.778,
				-7,
				2.056,
				5,
				2.333,
				5
			]
		},
		{
			"Target": "Parameter",
			"Id": "Param49",
			"Segments": [
				0,
				0,
				1,
				0.111,
				0,
				0.222,
				4.85,
				0.333,
				11,
				1,
				0.444,
				17.15,
				0.556,
				19,
				0.667,
				19,
				1,
				0.778,
				19,
				0.889,
				16.313,
				1,
				10,
				1,
				1.111,
				3.687,
				1.222,
				0,
				1.333,
				0,
				1,
				1.444,
				0,
				1.556,
				4.85,
				1.667,
				11,
				1,
				1.778,
				17.15,
				1.889,
				19,
				2,
				19,
				1,
				2.111,
				19,
				2.222,
				16.313,
				2.333,
				10
			]
		},
		{
			"Target": "Parameter",
			"Id": "Param50",
			"Segments": [
				0,
				5,
				1,
				0.111,
				5,
				0.222,
				-12,
				0.333,
				-12,
				1,
				0.444,
				-12,
				0.556,
				-3.509,
				0.667,
				9,
				1,
				0.778,
				21.509,
				0.889,
				26,
				1,
				26,
				1,
				1.111,
				26,
				1.222,
				17.509,
				1.333,
				5,
				1,
				1.444,
				-7.509,
				1.556,
				-12,
				1.667,
				-12,
				1,
				1.778,
				-12,
				1.889,
				-3.509,
				2,
				9,
				1,
				2.111,
				21.509,
				2.222,
				26,
				2.333,
				26
			]
		},
		{
			"Target": "Parameter",
			"Id": "Param67",
			"Segments": [
				0,
				5,
				1,
				0.111,
				5,
				0.222,
				9.85,
				0.333,
				16,
				1,
				0.444,
				22.15,
				0.556,
				24,
				0.667,
				24,
				1,
				0.778,
				24,
				0.889,
				20.313,
				1,
				14,
				1,
				1.111,
				7.687,
				1.222,
				5,
				1.333,
				5,
				1,
				1.444,
				5,
				1.556,
				9.85,
				1.667,
				16,
				1,
				1.778,
				22.15,
				1.889,
				24,
				2,
				24,
				1,
				2.111,
				24,
				2.222,
				20.313,
				2.333,
				14
			]
		},
		{
			"Target": "Parameter",
			"Id": "Param68",
			"Segments": [
				0,
				-1,
				1,
				0.111,
				-1,
				0.222,
				21,
				0.333,
				21,
				1,
				0.444,
				21,
				0.556,
				14.325,
				0.667,
				0,
				1,
				0.778,
				-14.325,
				0.889,
				-22,
				1,
				-22,
				1,
				1.111,
				-22,
				1.222,
				-15.325,
				1.333,
				-1,
				1,
				1.444,
				13.325,
				1.556,
				21,
				1.667,
				21,
				1,
				1.778,
				21,
				1.889,
				14.325,
				2,
				0,
				1,
				2.111,
				-14.325,
				2.222,
				-22,
				2.333,
				-22
			]
		},
		{
			"Target": "Parameter",
			"Id": "Param16",
			"Segments": [
				0,
				-6,
				1,
				0.111,
				-6,
				0.222,
				-4.769,
				0.333,
				0,
				1,
				0.444,
				4.769,
				0.556,
				9,
				0.667,
				9,
				1,
				0.778,
				9,
				0.889,
				3.368,
				1,
				-1,
				1,
				1.111,
				-5.368,
				1.222,
				-6,
				1.333,
				-6,
				1,
				1.444,
				-6,
				1.556,
				-4.769,
				1.667,
				0,
				1,
				1.778,
				4.769,
				1.889,
				9,
				2,
				9,
				1,
				2.111,
				9,
				2.222,
				3.368,
				2.333,
				-1
			]
		},
		{
			"Target": "Parameter",
			"Id": "Param17",
			"Segments": [
				0,
				-1,
				1,
				0.111,
				-1,
				0.222,
				11,
				0.333,
				11,
				1,
				0.444,
				11,
				0.556,
				5.835,
				0.667,
				-1,
				1,
				0.778,
				-7.835,
				0.889,
				-10,
				1,
				-10,
				1,
				1.111,
				-10,
				1.222,
				-7.835,
				1.333,
				-1,
				1,
				1.444,
				5.835,
				1.556,
				11,
				1.667,
				11,
				1,
				1.778,
				11,
				1.889,
				5.835,
				2,
				-1,
				1,
				2.111,
				-7.835,
				2.222,
				-10,
				2.333,
				-10
			]
		},
		{
			"Target": "Parameter",
			"Id": "Param69",
			"Segments": [
				0,
				-7,
				1,
				0.111,
				-7,
				0.222,
				-4.333,
				0.333,
				1,
				1,
				0.444,
				6.333,
				0.556,
				9,
				0.667,
				9,
				1,
				0.778,
				9,
				0.889,
				5.237,
				1,
				0,
				1,
				1.111,
				-5.237,
				1.222,
				-7,
				1.333,
				-7,
				1,
				1.444,
				-7,
				1.556,
				-4.333,
				1.667,
				1,
				1,
				1.778,
				6.333,
				1.889,
				9,
				2,
				9,
				1,
				2.111,
				9,
				2.222,
				5.237,
				2.333,
				0
			]
		},
		{
			"Target": "Parameter",
			"Id": "Param70",
			"Segments": [
				0,
				0,
				1,
				0.111,
				0,
				0.222,
				12,
				0.333,
				12,
				1,
				0.444,
				12,
				0.556,
				5.25,
				0.667,
				-2,
				1,
				0.778,
				-9.25,
				0.889,
				-11,
				1,
				-11,
				1,
				1.111,
				-11,
				1.222,
				-7.65,
				1.333,
				0,
				1,
				1.444,
				7.65,
				1.556,
				12,
				1.667,
				12,
				1,
				1.778,
				12,
				1.889,
				5.25,
				2,
				-2,
				1,
				2.111,
				-9.25,
				2.222,
				-11,
				2.333,
				-11
			]
		},
		{
			"Target": "Parameter",
			"Id": "Param51",
			"Segments": [
				0,
				-4,
				1,
				0.333,
				-4,
				0.667,
				8,
				1,
				8,
				1,
				1.444,
				8,
				1.889,
				-2.88,
				2.333,
				-7.232
			]
		},
		{
			"Target": "Parameter",
			"Id": "Param52",
			"Segments": [
				0,
				-4,
				1,
				0.167,
				-4,
				0.333,
				-4,
				0.5,
				-4,
				1,
				0.778,
				-4,
				1.056,
				9,
				1.333,
				9,
				1,
				1.667,
				9,
				2,
				2.628,
				2.333,
				-2.314
			]
		},
		{
			"Target": "Parameter",
			"Id": "Param63",
			"Segments": [
				0,
				0,
				0,
				2.333,
				0
			]
		},
		{
			"Target": "Parameter",
			"Id": "Param79",
			"Segments": [
				0,
				8,
				1,
				0.222,
				8,
				0.444,
				-3,
				0.667,
				-3,
				1,
				0.967,
				-3,
				1.267,
				3,
				1.567,
				3,
				0,
				2.333,
				3
			]
		},
		{
			"Target": "Parameter",
			"Id": "Param80",
			"Segments": [
				0,
				0,
				1,
				0.222,
				0,
				0.444,
				7,
				0.667,
				7,
				1,
				0.967,
				7,
				1.267,
				3,
				1.567,
				3,
				0,
				2.333,
				3
			]
		}
	]
}