{
	"Version": 3,
	"FileReferences": {
		"Moc": "l2d300059.moc3",
		"Textures": [
			"l2d300059.2048/texture_00.png"
		],
		"Motions": {
			"Anger": [
				{
					"File": "anger.motion3.json"
				}
			],
			"Bad": [
				{
					"File": "bad.motion3.json"
				}
			],
			"Calm": [
				{
					"File": "calm.motion3.json"
				}
			],
			"Sad": [
				{
					"File": "sad.motion3.json"
				}
			],
			"Smile": [
				{
					"File": "smile.motion3.json"
				}
			]
		}
	},
	"Groups": [
		{
			"Target": "Parameter",
			"Name": "EyeBlink",
			"Ids": [
				"ParamEyeLOpen"
			]
		},
		{
			"Target": "Parameter",
			"Name": "LipSync",
			"Ids": []
		}
	],
	"HitAreas": []
}