{
	"Version": 3,
	"Meta": {
		"Duration": 5.333,
		"Fps": 30.0,
		"Loop": true,
		"AreBeziersRestricted": true,
		"CurveCount": 132,
		"TotalSegmentCount": 1011,
		"TotalPointCount": 2913,
		"UserDataCount": 0,
		"TotalUserDataSize": 0
	},
	"Curves": [
		{
			"Target": "Parameter",
			"Id": "ParamBodyAngleX",
			"Segments": [
				0,
				0,
				1,
				0.344,
				0,
				0.689,
				-5,
				1.033,
				-5,
				1,
				1.444,
				-5,
				1.856,
				5,
				2.267,
				5,
				1,
				2.711,
				5,
				3.156,
				3.695,
				3.6,
				0,
				1,
				3.944,
				-2.864,
				4.289,
				-5,
				4.633,
				-5,
				1,
				4.867,
				-5,
				5.1,
				-1.779,
				5.333,
				1.007
			]
		},
		{
			"Target": "Parameter",
			"Id": "ParamBodyAngleZ",
			"Segments": [
				0,
				3.264,
				1,
				0.244,
				3.264,
				0.489,
				2.629,
				0.733,
				2.629,
				1,
				1.022,
				2.629,
				1.311,
				3.264,
				1.6,
				3.264,
				1,
				1.933,
				3.264,
				2.267,
				2.629,
				2.6,
				2.629,
				1,
				2.933,
				2.629,
				3.267,
				3.264,
				3.6,
				3.264,
				1,
				3.844,
				3.264,
				4.089,
				2.629,
				4.333,
				2.629,
				1,
				4.622,
				2.629,
				4.911,
				3.264,
				5.2,
				3.264,
				1,
				5.244,
				3.264,
				5.289,
				3.253,
				5.333,
				3.233
			]
		},
		{
			"Target": "Parameter",
			"Id": "Param172",
			"Segments": [
				0,
				0,
				1,
				0.3,
				0,
				0.6,
				0,
				0.9,
				0,
				1,
				1.2,
				0,
				1.5,
				0,
				1.8,
				0,
				1,
				2.1,
				0,
				2.4,
				0,
				2.7,
				0,
				1,
				3,
				0,
				3.3,
				0,
				3.6,
				0,
				1,
				3.9,
				0,
				4.2,
				0,
				4.5,
				0,
				1,
				4.778,
				0,
				5.056,
				0,
				5.333,
				0
			]
		},
		{
			"Target": "Parameter",
			"Id": "Param173",
			"Segments": [
				0,
				2.678,
				1,
				0.3,
				2.678,
				0.6,
				0,
				0.9,
				0,
				1,
				1.2,
				0,
				1.5,
				2.678,
				1.8,
				2.678,
				1,
				2.1,
				2.678,
				2.4,
				0,
				2.7,
				0,
				1,
				3,
				0,
				3.3,
				2.678,
				3.6,
				2.678,
				1,
				3.9,
				2.678,
				4.2,
				0,
				4.5,
				0,
				1,
				4.778,
				0,
				5.056,
				2.296,
				5.333,
				2.636
			]
		},
		{
			"Target": "Parameter",
			"Id": "ParamBreath",
			"Segments": [
				0,
				0,
				1,
				0.3,
				0,
				0.6,
				1,
				0.9,
				1,
				1,
				1.2,
				1,
				1.5,
				0,
				1.8,
				0,
				1,
				2.1,
				0,
				2.4,
				1,
				2.7,
				1,
				1,
				3,
				1,
				3.3,
				0,
				3.6,
				0,
				1,
				3.9,
				0,
				4.2,
				1,
				4.5,
				1,
				1,
				4.778,
				1,
				5.056,
				0.143,
				5.333,
				0.016
			]
		},
		{
			"Target": "Parameter",
			"Id": "ParamAngleX",
			"Segments": [
				0,
				14,
				1,
				0.167,
				14,
				0.333,
				14,
				0.5,
				14,
				1,
				0.689,
				14,
				0.878,
				-30,
				1.067,
				-30,
				1,
				1.378,
				-30,
				1.689,
				7,
				2,
				7,
				1,
				2.3,
				7,
				2.6,
				-4,
				2.9,
				-4,
				1,
				3.2,
				-4,
				3.5,
				13.757,
				3.8,
				15,
				1,
				4.1,
				16.243,
				4.4,
				16,
				4.7,
				16,
				1,
				4.911,
				16,
				5.122,
				7.086,
				5.333,
				1.804
			]
		},
		{
			"Target": "Parameter",
			"Id": "ParamAngleY",
			"Segments": [
				0,
				0,
				1,
				0.167,
				0,
				0.333,
				0,
				0.5,
				0,
				1,
				0.689,
				0,
				0.878,
				-20,
				1.067,
				-20,
				1,
				1.378,
				-20,
				1.689,
				4,
				2,
				4,
				1,
				2.3,
				4,
				2.6,
				-6,
				2.9,
				-6,
				1,
				3.2,
				-6,
				3.5,
				0,
				3.8,
				0,
				1,
				4.1,
				0,
				4.4,
				-18,
				4.7,
				-18,
				1,
				4.911,
				-18,
				5.122,
				-3.144,
				5.333,
				5.66
			]
		},
		{
			"Target": "Parameter",
			"Id": "ParamAngleZ",
			"Segments": [
				0,
				2,
				1,
				0.122,
				2,
				0.244,
				2,
				0.367,
				2,
				1,
				0.578,
				2,
				0.789,
				-2.819,
				1,
				-2.819,
				1,
				1.3,
				-2.819,
				1.6,
				-1.107,
				1.9,
				-1.107,
				1,
				2.2,
				-1.107,
				2.5,
				-2.819,
				2.8,
				-2.819,
				1,
				3.1,
				-2.819,
				3.4,
				-2,
				3.7,
				-2,
				1,
				4,
				-2,
				4.3,
				-2.819,
				4.6,
				-2.819,
				1,
				4.844,
				-2.819,
				5.089,
				-1.682,
				5.333,
				-1.261
			]
		},
		{
			"Target": "Parameter",
			"Id": "ParamBrowLY",
			"Segments": [
				0,
				0,
				1,
				0.256,
				0,
				0.511,
				0,
				0.767,
				0,
				1,
				0.822,
				0,
				0.878,
				-0.2,
				0.933,
				-0.2,
				0,
				5.333,
				-0.2
			]
		},
		{
			"Target": "Parameter",
			"Id": "ParamBrowLX",
			"Segments": [
				0,
				0,
				1,
				0.256,
				0,
				0.511,
				0,
				0.767,
				0,
				1,
				0.822,
				0,
				0.878,
				0.1,
				0.933,
				0.1,
				0,
				5.333,
				0.1
			]
		},
		{
			"Target": "Parameter",
			"Id": "ParamBrowLAngle",
			"Segments": [
				0,
				-0.5,
				0,
				5.333,
				-0.5
			]
		},
		{
			"Target": "Parameter",
			"Id": "ParamBrowLForm",
			"Segments": [
				0,
				-0.1,
				1,
				0.256,
				-0.1,
				0.511,
				-0.1,
				0.767,
				-0.1,
				1,
				0.822,
				-0.1,
				0.878,
				-0.6,
				0.933,
				-0.6,
				0,
				5.333,
				-0.6
			]
		},
		{
			"Target": "Parameter",
			"Id": "ParamBrowRY",
			"Segments": [
				0,
				0,
				1,
				0.256,
				0,
				0.511,
				0,
				0.767,
				0,
				1,
				0.822,
				0,
				0.878,
				0.2,
				0.933,
				0.2,
				0,
				5.333,
				0.2
			]
		},
		{
			"Target": "Parameter",
			"Id": "ParamBrowRX",
			"Segments": [
				0,
				0,
				1,
				0.256,
				0,
				0.511,
				0,
				0.767,
				0,
				1,
				0.822,
				0,
				0.878,
				-0.2,
				0.933,
				-0.2,
				0,
				5.333,
				-0.2
			]
		},
		{
			"Target": "Parameter",
			"Id": "ParamBrowRAngle",
			"Segments": [
				0,
				-0.2,
				0,
				5.333,
				-0.2
			]
		},
		{
			"Target": "Parameter",
			"Id": "ParamBrowRForm",
			"Segments": [
				0,
				-0.2,
				1,
				0.256,
				-0.2,
				0.511,
				-0.2,
				0.767,
				-0.2,
				1,
				0.822,
				-0.2,
				0.878,
				-0.7,
				0.933,
				-0.7,
				0,
				5.333,
				-0.7
			]
		},
		{
			"Target": "Parameter",
			"Id": "ParamEyeLOpen",
			"Segments": [
				0,
				1,
				1,
				0.256,
				1,
				0.511,
				1,
				0.767,
				1,
				1,
				0.822,
				1,
				0.878,
				0.6,
				0.933,
				0.6,
				1,
				1.189,
				0.6,
				1.444,
				0.6,
				1.7,
				0.6,
				1,
				1.8,
				0.6,
				1.9,
				-0.5,
				2,
				-0.5,
				1,
				2.1,
				-0.5,
				2.2,
				0.6,
				2.3,
				0.6,
				1,
				2.578,
				0.6,
				2.856,
				0.6,
				3.133,
				0.6,
				0,
				5.333,
				0.6
			]
		},
		{
			"Target": "Parameter",
			"Id": "Param74",
			"Segments": [
				0,
				0,
				0,
				5.333,
				0
			]
		},
		{
			"Target": "Parameter",
			"Id": "Param73",
			"Segments": [
				0,
				0,
				0,
				5.333,
				0
			]
		},
		{
			"Target": "Parameter",
			"Id": "Param72",
			"Segments": [
				0,
				0,
				0,
				5.333,
				0
			]
		},
		{
			"Target": "Parameter",
			"Id": "ParamEyeROpen",
			"Segments": [
				0,
				1,
				1,
				0.256,
				1,
				0.511,
				1,
				0.767,
				1,
				1,
				0.822,
				1,
				0.878,
				0.6,
				0.933,
				0.6,
				1,
				1.189,
				0.6,
				1.444,
				0.6,
				1.7,
				0.6,
				1,
				1.8,
				0.6,
				1.9,
				-0.5,
				2,
				-0.5,
				1,
				2.1,
				-0.5,
				2.2,
				0.6,
				2.3,
				0.6,
				1,
				2.578,
				0.6,
				2.856,
				0.6,
				3.133,
				0.6,
				0,
				5.333,
				0.6
			]
		},
		{
			"Target": "Parameter",
			"Id": "Param76",
			"Segments": [
				0,
				0,
				0,
				5.333,
				0
			]
		},
		{
			"Target": "Parameter",
			"Id": "Param75",
			"Segments": [
				0,
				0,
				0,
				5.333,
				0
			]
		},
		{
			"Target": "Parameter",
			"Id": "Param77",
			"Segments": [
				0,
				0,
				0,
				5.333,
				0
			]
		},
		{
			"Target": "Parameter",
			"Id": "ParamEyeBallX",
			"Segments": [
				0,
				0,
				0,
				0.833,
				-0.1,
				1,
				0.944,
				-0.135,
				1.056,
				-0.4,
				1.167,
				-0.4,
				1,
				1.422,
				-0.4,
				1.678,
				-0.1,
				1.933,
				-0.1,
				1,
				2.278,
				-0.1,
				2.622,
				-0.4,
				2.967,
				-0.4,
				1,
				3.311,
				-0.4,
				3.656,
				-0.1,
				4,
				-0.1,
				0,
				5.333,
				-0.1
			]
		},
		{
			"Target": "Parameter",
			"Id": "ParamEyeBallY",
			"Segments": [
				0,
				0,
				0,
				0.833,
				-0.1,
				1,
				0.944,
				-0.1,
				1.056,
				-0.1,
				1.167,
				-0.1,
				1,
				1.422,
				-0.1,
				1.678,
				-0.3,
				1.933,
				-0.3,
				1,
				2.278,
				-0.3,
				2.622,
				-0.2,
				2.967,
				-0.2,
				1,
				3.311,
				-0.2,
				3.656,
				-0.3,
				4,
				-0.3,
				0,
				5.333,
				-0.3
			]
		},
		{
			"Target": "Parameter",
			"Id": "ParamCheek",
			"Segments": [
				0,
				0,
				0,
				3.6,
				0,
				0,
				5.333,
				0
			]
		},
		{
			"Target": "Parameter",
			"Id": "Param78",
			"Segments": [
				0,
				0,
				0,
				3.6,
				0,
				0,
				5.333,
				0
			]
		},
		{
			"Target": "Parameter",
			"Id": "Param79",
			"Segments": [
				0,
				0,
				0,
				3.6,
				0,
				0,
				5.333,
				0
			]
		},
		{
			"Target": "Parameter",
			"Id": "ParamMouthOpenY",
			"Segments": [
				0,
				0.388,
				1,
				0.022,
				0.388,
				0.044,
				0.871,
				0.067,
				0.871,
				1,
				0.089,
				0.871,
				0.111,
				0.71,
				0.133,
				0.71,
				1,
				0.178,
				0.71,
				0.222,
				0.886,
				0.267,
				0.886,
				1,
				0.311,
				0.886,
				0.356,
				0.039,
				0.4,
				0.039,
				1,
				0.422,
				0.039,
				0.444,
				0.078,
				0.467,
				0.078,
				1,
				0.533,
				0.078,
				0.6,
				0,
				0.667,
				0,
				1,
				0.822,
				0,
				0.978,
				0,
				1.133,
				0,
				1,
				1.2,
				0,
				1.267,
				0.898,
				1.333,
				0.898,
				1,
				1.378,
				0.898,
				1.422,
				0.659,
				1.467,
				0.659,
				1,
				1.489,
				0.659,
				1.511,
				0.702,
				1.533,
				0.702,
				1,
				1.578,
				0.702,
				1.622,
				0.071,
				1.667,
				0.071,
				1,
				1.711,
				0.071,
				1.756,
				0.894,
				1.8,
				0.894,
				1,
				1.956,
				0.894,
				2.111,
				0,
				2.267,
				0,
				1,
				2.289,
				0,
				2.311,
				0,
				2.333,
				0,
				1,
				2.4,
				0,
				2.467,
				0.945,
				2.533,
				0.945,
				1,
				2.556,
				0.945,
				2.578,
				0.827,
				2.6,
				0.827,
				1,
				2.622,
				0.827,
				2.644,
				0.929,
				2.667,
				0.929,
				1,
				2.733,
				0.929,
				2.8,
				0.718,
				2.867,
				0.718,
				1,
				2.889,
				0.718,
				2.911,
				0.733,
				2.933,
				0.733,
				1,
				2.978,
				0.733,
				3.022,
				0,
				3.067,
				0,
				1,
				3.111,
				0,
				3.156,
				0.694,
				3.2,
				0.694,
				1,
				3.289,
				0.694,
				3.378,
				0.435,
				3.467,
				0.435,
				1,
				3.489,
				0.435,
				3.511,
				0.545,
				3.533,
				0.545,
				1,
				3.578,
				0.545,
				3.622,
				0.416,
				3.667,
				0.416,
				1,
				3.689,
				0.416,
				3.711,
				0.6,
				3.733,
				0.6,
				1,
				3.756,
				0.6,
				3.778,
				0.498,
				3.8,
				0.498,
				1,
				3.822,
				0.498,
				3.844,
				0.773,
				3.867,
				0.773,
				1,
				3.911,
				0.773,
				3.956,
				0.251,
				4,
				0.251,
				1,
				4.022,
				0.251,
				4.044,
				0.365,
				4.067,
				0.365,
				1,
				4.089,
				0.365,
				4.111,
				0.118,
				4.133,
				0.118,
				1,
				4.178,
				0.118,
				4.222,
				0.443,
				4.267,
				0.443,
				1,
				4.311,
				0.443,
				4.356,
				0,
				4.4,
				0,
				1,
				4.422,
				0,
				4.444,
				0,
				4.467,
				0,
				0,
				5.333,
				0
			]
		},
		{
			"Target": "Parameter",
			"Id": "ParamMouthForm",
			"Segments": [
				0,
				-2,
				0,
				5.333,
				-2
			]
		},
		{
			"Target": "Parameter",
			"Id": "Param80",
			"Segments": [
				0,
				1,
				0,
				5.333,
				1
			]
		},
		{
			"Target": "Parameter",
			"Id": "Param",
			"Segments": [
				0,
				0,
				0,
				0.3,
				0,
				1,
				0.578,
				0,
				0.856,
				-0.556,
				1.133,
				-0.556,
				1,
				1.578,
				-0.556,
				2.022,
				0,
				2.467,
				0,
				1,
				2.889,
				0,
				3.311,
				-0.556,
				3.733,
				-0.556,
				1,
				4.133,
				-0.556,
				4.533,
				0,
				4.933,
				0,
				1,
				5.067,
				0,
				5.2,
				-0.062,
				5.333,
				-0.144
			]
		},
		{
			"Target": "Parameter",
			"Id": "Param2",
			"Segments": [
				0,
				0,
				0,
				0.233,
				0,
				1,
				0.511,
				0,
				0.789,
				-0.873,
				1.067,
				-0.873,
				1,
				1.511,
				-0.873,
				1.956,
				0,
				2.4,
				0,
				1,
				2.822,
				0,
				3.244,
				-0.873,
				3.667,
				-0.873,
				1,
				4.067,
				-0.873,
				4.467,
				0,
				4.867,
				0,
				1,
				5.022,
				0,
				5.178,
				-0.132,
				5.333,
				-0.294
			]
		},
		{
			"Target": "Parameter",
			"Id": "Param3",
			"Segments": [
				0,
				2,
				0,
				0.167,
				2,
				1,
				0.444,
				2,
				0.722,
				-6.006,
				1,
				-6.006,
				1,
				1.444,
				-6.006,
				1.889,
				2,
				2.333,
				2,
				1,
				2.756,
				2,
				3.178,
				-6.006,
				3.6,
				-6.006,
				1,
				4,
				-6.006,
				4.4,
				2,
				4.8,
				2,
				1,
				4.978,
				2,
				5.156,
				0.419,
				5.333,
				-1.339
			]
		},
		{
			"Target": "Parameter",
			"Id": "Param4",
			"Segments": [
				0,
				-10,
				0,
				0.433,
				-10,
				1,
				0.767,
				-10,
				1.1,
				10,
				1.433,
				10,
				1,
				1.856,
				10,
				2.278,
				-10,
				2.7,
				-10,
				1,
				3.122,
				-10,
				3.544,
				10,
				3.967,
				10,
				1,
				4.367,
				10,
				4.767,
				-10,
				5.167,
				-10,
				1,
				5.222,
				-10,
				5.278,
				-9.614,
				5.333,
				-8.95
			]
		},
		{
			"Target": "Parameter",
			"Id": "Param30",
			"Segments": [
				0,
				0,
				1,
				0.356,
				0,
				0.711,
				1,
				1.067,
				1,
				1,
				1.489,
				1,
				1.911,
				0,
				2.333,
				0,
				1,
				2.8,
				0,
				3.267,
				1,
				3.733,
				1,
				1,
				4.156,
				1,
				4.578,
				0,
				5,
				0,
				1,
				5.111,
				0,
				5.222,
				0.077,
				5.333,
				0.189
			]
		},
		{
			"Target": "Parameter",
			"Id": "Param5",
			"Segments": [
				0,
				20,
				1,
				0.456,
				20,
				0.911,
				-10,
				1.367,
				-10,
				1,
				1.633,
				-10,
				1.9,
				-8,
				2.167,
				-8,
				1,
				2.4,
				-8,
				2.633,
				-10,
				2.867,
				-10,
				1,
				3.356,
				-10,
				3.844,
				20,
				4.333,
				20,
				0,
				5.333,
				20
			]
		},
		{
			"Target": "Parameter",
			"Id": "Param6",
			"Segments": [
				0,
				-20,
				1,
				0.456,
				-20,
				0.911,
				9,
				1.367,
				9,
				1,
				1.633,
				9,
				1.9,
				6,
				2.167,
				6,
				1,
				2.4,
				6,
				2.633,
				9,
				2.867,
				9,
				1,
				3.356,
				9,
				3.844,
				-20,
				4.333,
				-20,
				0,
				5.333,
				-20
			]
		},
		{
			"Target": "Parameter",
			"Id": "Param204",
			"Segments": [
				0,
				1,
				0,
				5.333,
				1
			]
		},
		{
			"Target": "Parameter",
			"Id": "Param203",
			"Segments": [
				0,
				1,
				0,
				5.333,
				1
			]
		},
		{
			"Target": "Parameter",
			"Id": "Param9",
			"Segments": [
				0,
				1,
				0,
				5.333,
				1
			]
		},
		{
			"Target": "Parameter",
			"Id": "Param8",
			"Segments": [
				0,
				0,
				0,
				5.333,
				0
			]
		},
		{
			"Target": "Parameter",
			"Id": "Param205",
			"Segments": [
				0,
				1,
				0,
				5.333,
				1
			]
		},
		{
			"Target": "Parameter",
			"Id": "Param7",
			"Segments": [
				0,
				0,
				0,
				5.333,
				0
			]
		},
		{
			"Target": "Parameter",
			"Id": "Param10",
			"Segments": [
				0,
				-6,
				1,
				0.367,
				-6,
				0.733,
				-6,
				1.1,
				-6,
				1,
				1.311,
				-6,
				1.522,
				0,
				1.733,
				0,
				1,
				1.956,
				0,
				2.178,
				-6,
				2.4,
				-6,
				1,
				2.611,
				-6,
				2.822,
				0,
				3.033,
				0,
				1,
				3.256,
				0,
				3.478,
				-6,
				3.7,
				-6,
				0,
				5.333,
				-6
			]
		},
		{
			"Target": "Parameter",
			"Id": "Param11",
			"Segments": [
				0,
				2,
				1,
				0.444,
				2,
				0.889,
				2,
				1.333,
				2,
				1,
				1.767,
				2,
				2.2,
				2,
				2.633,
				2,
				0,
				5.333,
				2
			]
		},
		{
			"Target": "Parameter",
			"Id": "Param12",
			"Segments": [
				0,
				0,
				0,
				5.333,
				0
			]
		},
		{
			"Target": "Parameter",
			"Id": "Param13",
			"Segments": [
				0,
				0,
				0,
				5.333,
				0
			]
		},
		{
			"Target": "Parameter",
			"Id": "Param14",
			"Segments": [
				0,
				0,
				0,
				5.333,
				0
			]
		},
		{
			"Target": "Parameter",
			"Id": "Param15",
			"Segments": [
				0,
				6.954,
				0,
				0.167,
				6.954,
				1,
				0.5,
				6.954,
				0.833,
				4.304,
				1.167,
				4.304,
				1,
				1.5,
				4.304,
				1.833,
				6.954,
				2.167,
				6.954,
				1,
				2.522,
				6.954,
				2.878,
				4.304,
				3.233,
				4.304,
				1,
				3.578,
				4.304,
				3.922,
				6.954,
				4.267,
				6.954,
				1,
				4.589,
				6.954,
				4.911,
				4.304,
				5.233,
				4.304,
				1,
				5.267,
				4.304,
				5.3,
				4.337,
				5.333,
				4.395
			]
		},
		{
			"Target": "Parameter",
			"Id": "Param16",
			"Segments": [
				0,
				-4.849,
				0,
				0.267,
				-4.849,
				1,
				0.6,
				-4.849,
				0.933,
				-6.844,
				1.267,
				-6.844,
				1,
				1.6,
				-6.844,
				1.933,
				-4.849,
				2.267,
				-4.849,
				1,
				2.622,
				-4.849,
				2.978,
				-6.844,
				3.333,
				-6.844,
				1,
				3.678,
				-6.844,
				4.022,
				-4.849,
				4.367,
				-4.849,
				1,
				4.689,
				-4.849,
				5.011,
				-6.844,
				5.333,
				-6.844
			]
		},
		{
			"Target": "Parameter",
			"Id": "Param17",
			"Segments": [
				0,
				10.696,
				0,
				0.4,
				10.696,
				1,
				0.733,
				10.696,
				1.067,
				5.297,
				1.4,
				5.297,
				1,
				1.733,
				5.297,
				2.067,
				10.696,
				2.4,
				10.696,
				1,
				2.756,
				10.696,
				3.111,
				5.297,
				3.467,
				5.297,
				1,
				3.811,
				5.297,
				4.156,
				10.696,
				4.5,
				10.696,
				1,
				4.778,
				10.696,
				5.056,
				6.683,
				5.333,
				5.577
			]
		},
		{
			"Target": "Parameter",
			"Id": "Param21",
			"Segments": [
				0,
				1.096,
				0,
				0.233,
				1.096,
				1,
				0.567,
				1.096,
				0.9,
				4.206,
				1.233,
				4.206,
				1,
				1.567,
				4.206,
				1.9,
				1.096,
				2.233,
				1.096,
				1,
				2.589,
				1.096,
				2.944,
				4.206,
				3.3,
				4.206,
				1,
				3.644,
				4.206,
				3.989,
				1.096,
				4.333,
				1.096,
				1,
				4.656,
				1.096,
				4.978,
				4.206,
				5.3,
				4.206,
				1,
				5.311,
				4.206,
				5.322,
				4.202,
				5.333,
				4.193
			]
		},
		{
			"Target": "Parameter",
			"Id": "Param18",
			"Segments": [
				0,
				1.093,
				1,
				0.333,
				1.093,
				0.667,
				-2.078,
				1,
				-2.078,
				1,
				1.333,
				-2.078,
				1.667,
				1.093,
				2,
				1.093,
				1,
				2.356,
				1.093,
				2.711,
				-2.078,
				3.067,
				-2.078,
				1,
				3.411,
				-2.078,
				3.756,
				1.093,
				4.1,
				1.093,
				1,
				4.422,
				1.093,
				4.744,
				-2.078,
				5.067,
				-2.078,
				1,
				5.156,
				-2.078,
				5.244,
				-1.799,
				5.333,
				-1.407
			]
		},
		{
			"Target": "Parameter",
			"Id": "Param19",
			"Segments": [
				0,
				13.415,
				0,
				0.133,
				13.415,
				1,
				0.467,
				13.415,
				0.8,
				11.428,
				1.133,
				11.428,
				1,
				1.467,
				11.428,
				1.8,
				13.415,
				2.133,
				13.415,
				1,
				2.489,
				13.415,
				2.844,
				11.428,
				3.2,
				11.428,
				1,
				3.544,
				11.428,
				3.889,
				13.415,
				4.233,
				13.415,
				1,
				4.556,
				13.415,
				4.878,
				11.428,
				5.2,
				11.428,
				1,
				5.244,
				11.428,
				5.289,
				11.471,
				5.333,
				11.546
			]
		},
		{
			"Target": "Parameter",
			"Id": "Param20",
			"Segments": [
				0,
				-3.868,
				0,
				0.267,
				-3.868,
				1,
				0.6,
				-3.868,
				0.933,
				-7.449,
				1.267,
				-7.449,
				1,
				1.6,
				-7.449,
				1.933,
				-3.868,
				2.267,
				-3.868,
				1,
				2.622,
				-3.868,
				2.978,
				-7.449,
				3.333,
				-7.449,
				1,
				3.678,
				-7.449,
				4.022,
				-3.868,
				4.367,
				-3.868,
				1,
				4.689,
				-3.868,
				5.011,
				-7.449,
				5.333,
				-7.449
			]
		},
		{
			"Target": "Parameter",
			"Id": "Param35",
			"Segments": [
				0,
				0,
				1,
				0.144,
				0,
				0.289,
				-5.397,
				0.433,
				-5.397,
				1,
				0.589,
				-5.397,
				0.744,
				-3.751,
				0.9,
				0,
				1,
				1.044,
				3.484,
				1.189,
				5.48,
				1.333,
				5.48,
				1,
				1.489,
				5.48,
				1.644,
				3.756,
				1.8,
				0,
				1,
				1.944,
				-3.488,
				2.089,
				-5.397,
				2.233,
				-5.397,
				1,
				2.389,
				-5.397,
				2.544,
				-3.751,
				2.7,
				0,
				1,
				2.844,
				3.484,
				2.989,
				5.48,
				3.133,
				5.48,
				1,
				3.289,
				5.48,
				3.444,
				3.756,
				3.6,
				0,
				1,
				3.744,
				-3.488,
				3.889,
				-5.397,
				4.033,
				-5.397,
				1,
				4.189,
				-5.397,
				4.344,
				-3.751,
				4.5,
				0,
				1,
				4.644,
				3.484,
				4.789,
				5.48,
				4.933,
				5.48,
				1,
				5.067,
				5.48,
				5.2,
				4.213,
				5.333,
				1.486
			]
		},
		{
			"Target": "Parameter",
			"Id": "Param174",
			"Segments": [
				0,
				5.48,
				1,
				0.144,
				5.48,
				0.289,
				3.484,
				0.433,
				0,
				1,
				0.589,
				-3.751,
				0.744,
				-5.397,
				0.9,
				-5.397,
				1,
				1.044,
				-5.397,
				1.189,
				-3.488,
				1.333,
				0,
				1,
				1.489,
				3.756,
				1.644,
				5.48,
				1.8,
				5.48,
				1,
				1.944,
				5.48,
				2.089,
				3.484,
				2.233,
				0,
				1,
				2.389,
				-3.751,
				2.544,
				-5.397,
				2.7,
				-5.397,
				1,
				2.844,
				-5.397,
				2.989,
				-3.488,
				3.133,
				0,
				1,
				3.289,
				3.756,
				3.444,
				5.48,
				3.6,
				5.48,
				1,
				3.744,
				5.48,
				3.889,
				3.484,
				4.033,
				0,
				1,
				4.189,
				-3.751,
				4.344,
				-5.397,
				4.5,
				-5.397,
				1,
				4.644,
				-5.397,
				4.789,
				-3.488,
				4.933,
				0,
				1,
				5.067,
				3.22,
				5.2,
				4.946,
				5.333,
				5.373
			]
		},
		{
			"Target": "Parameter",
			"Id": "Param25",
			"Segments": [
				0,
				0,
				1,
				0.144,
				0,
				0.289,
				-2.019,
				0.433,
				-2.019,
				1,
				0.589,
				-2.019,
				0.744,
				-1.404,
				0.9,
				0,
				1,
				1.044,
				1.304,
				1.189,
				2.051,
				1.333,
				2.051,
				1,
				1.489,
				2.051,
				1.644,
				1.406,
				1.8,
				0,
				1,
				1.944,
				-1.305,
				2.089,
				-2.019,
				2.233,
				-2.019,
				1,
				2.389,
				-2.019,
				2.544,
				-1.404,
				2.7,
				0,
				1,
				2.844,
				1.304,
				2.989,
				2.051,
				3.133,
				2.051,
				1,
				3.289,
				2.051,
				3.444,
				1.406,
				3.6,
				0,
				1,
				3.744,
				-1.305,
				3.889,
				-2.019,
				4.033,
				-2.019,
				1,
				4.189,
				-2.019,
				4.344,
				-1.404,
				4.5,
				0,
				1,
				4.644,
				1.304,
				4.789,
				2.051,
				4.933,
				2.051,
				1,
				5.067,
				2.051,
				5.2,
				1.577,
				5.333,
				0.556
			]
		},
		{
			"Target": "Parameter",
			"Id": "Param28",
			"Segments": [
				0,
				2.051,
				1,
				0.144,
				2.051,
				0.289,
				1.304,
				0.433,
				0,
				1,
				0.589,
				-1.404,
				0.744,
				-2.019,
				0.9,
				-2.019,
				1,
				1.044,
				-2.019,
				1.189,
				-1.305,
				1.333,
				0,
				1,
				1.489,
				1.406,
				1.644,
				2.051,
				1.8,
				2.051,
				1,
				1.944,
				2.051,
				2.089,
				1.304,
				2.233,
				0,
				1,
				2.389,
				-1.404,
				2.544,
				-2.019,
				2.7,
				-2.019,
				1,
				2.844,
				-2.019,
				2.989,
				-1.305,
				3.133,
				0,
				1,
				3.289,
				1.406,
				3.444,
				2.051,
				3.6,
				2.051,
				1,
				3.744,
				2.051,
				3.889,
				1.304,
				4.033,
				0,
				1,
				4.189,
				-1.404,
				4.344,
				-2.019,
				4.5,
				-2.019,
				1,
				4.644,
				-2.019,
				4.789,
				-1.305,
				4.933,
				0,
				1,
				5.067,
				1.205,
				5.2,
				1.851,
				5.333,
				2.011
			]
		},
		{
			"Target": "Parameter",
			"Id": "Param29",
			"Segments": [
				0,
				0,
				0,
				0.167,
				0,
				1,
				0.311,
				0,
				0.456,
				-2.019,
				0.6,
				-2.019,
				1,
				0.756,
				-2.019,
				0.911,
				-1.404,
				1.067,
				0,
				1,
				1.211,
				1.304,
				1.356,
				2.051,
				1.5,
				2.051,
				1,
				1.656,
				2.051,
				1.811,
				1.406,
				1.967,
				0,
				1,
				2.111,
				-1.305,
				2.256,
				-2.019,
				2.4,
				-2.019,
				1,
				2.556,
				-2.019,
				2.711,
				-1.404,
				2.867,
				0,
				1,
				3.011,
				1.304,
				3.156,
				2.051,
				3.3,
				2.051,
				1,
				3.456,
				2.051,
				3.611,
				1.406,
				3.767,
				0,
				1,
				3.911,
				-1.305,
				4.056,
				-2.019,
				4.2,
				-2.019,
				1,
				4.356,
				-2.019,
				4.511,
				-1.404,
				4.667,
				0,
				1,
				4.811,
				1.304,
				4.956,
				2.051,
				5.1,
				2.051,
				1,
				5.178,
				2.051,
				5.256,
				1.89,
				5.333,
				1.553
			]
		},
		{
			"Target": "Parameter",
			"Id": "Param109",
			"Segments": [
				0,
				2.051,
				0,
				0.167,
				2.051,
				1,
				0.311,
				2.051,
				0.456,
				1.304,
				0.6,
				0,
				1,
				0.756,
				-1.404,
				0.911,
				-2.019,
				1.067,
				-2.019,
				1,
				1.211,
				-2.019,
				1.356,
				-1.305,
				1.5,
				0,
				1,
				1.656,
				1.406,
				1.811,
				2.051,
				1.967,
				2.051,
				1,
				2.111,
				2.051,
				2.256,
				1.304,
				2.4,
				0,
				1,
				2.556,
				-1.404,
				2.711,
				-2.019,
				2.867,
				-2.019,
				1,
				3.011,
				-2.019,
				3.156,
				-1.305,
				3.3,
				0,
				1,
				3.456,
				1.406,
				3.611,
				2.051,
				3.767,
				2.051,
				1,
				3.911,
				2.051,
				4.056,
				1.304,
				4.2,
				0,
				1,
				4.356,
				-1.404,
				4.511,
				-2.019,
				4.667,
				-2.019,
				1,
				4.811,
				-2.019,
				4.956,
				-1.305,
				5.1,
				0,
				1,
				5.178,
				0.703,
				5.256,
				1.216,
				5.333,
				1.553
			]
		},
		{
			"Target": "Parameter",
			"Id": "Param110",
			"Segments": [
				0,
				-0.002,
				0,
				0.167,
				-0.002,
				1,
				0.311,
				-0.002,
				0.456,
				-2.001,
				0.6,
				-2.001,
				1,
				0.756,
				-2.001,
				0.911,
				-1.39,
				1.067,
				0.002,
				1,
				1.211,
				1.294,
				1.356,
				2.033,
				1.5,
				2.033,
				1,
				1.656,
				2.033,
				1.811,
				1.391,
				1.967,
				-0.002,
				1,
				2.111,
				-1.296,
				2.256,
				-2.001,
				2.4,
				-2.001,
				1,
				2.556,
				-2.001,
				2.711,
				-1.39,
				2.867,
				0.002,
				1,
				3.011,
				1.294,
				3.156,
				2.033,
				3.3,
				2.033,
				1,
				3.456,
				2.033,
				3.611,
				1.391,
				3.767,
				-0.002,
				1,
				3.911,
				-1.296,
				4.056,
				-2.001,
				4.2,
				-2.001,
				1,
				4.356,
				-2.001,
				4.511,
				-1.39,
				4.667,
				0.002,
				1,
				4.811,
				1.294,
				4.956,
				2.033,
				5.1,
				2.033,
				1,
				5.178,
				2.033,
				5.256,
				1.873,
				5.333,
				1.538
			]
		},
		{
			"Target": "Parameter",
			"Id": "Param111",
			"Segments": [
				0,
				2.051,
				0,
				0.167,
				2.051,
				1,
				0.311,
				2.051,
				0.456,
				1.304,
				0.6,
				0,
				1,
				0.756,
				-1.404,
				0.911,
				-2.019,
				1.067,
				-2.019,
				1,
				1.211,
				-2.019,
				1.356,
				-1.305,
				1.5,
				0,
				1,
				1.656,
				1.406,
				1.811,
				2.051,
				1.967,
				2.051,
				1,
				2.111,
				2.051,
				2.256,
				1.304,
				2.4,
				0,
				1,
				2.556,
				-1.404,
				2.711,
				-2.019,
				2.867,
				-2.019,
				1,
				3.011,
				-2.019,
				3.156,
				-1.305,
				3.3,
				0,
				1,
				3.456,
				1.406,
				3.611,
				2.051,
				3.767,
				2.051,
				1,
				3.911,
				2.051,
				4.056,
				1.304,
				4.2,
				0,
				1,
				4.356,
				-1.404,
				4.511,
				-2.019,
				4.667,
				-2.019,
				1,
				4.811,
				-2.019,
				4.956,
				-1.305,
				5.1,
				0,
				1,
				5.178,
				0.703,
				5.256,
				1.216,
				5.333,
				1.553
			]
		},
		{
			"Target": "Parameter",
			"Id": "Param194",
			"Segments": [
				0,
				0,
				0,
				0.2,
				0,
				1,
				0.344,
				0,
				0.489,
				-2.019,
				0.633,
				-2.019,
				1,
				0.789,
				-2.019,
				0.944,
				-1.404,
				1.1,
				0,
				1,
				1.244,
				1.304,
				1.389,
				2.051,
				1.533,
				2.051,
				1,
				1.689,
				2.051,
				1.844,
				1.406,
				2,
				0,
				1,
				2.144,
				-1.305,
				2.289,
				-2.019,
				2.433,
				-2.019,
				1,
				2.589,
				-2.019,
				2.744,
				-1.404,
				2.9,
				0,
				1,
				3.044,
				1.304,
				3.189,
				2.051,
				3.333,
				2.051,
				1,
				3.489,
				2.051,
				3.644,
				1.406,
				3.8,
				0,
				1,
				3.944,
				-1.305,
				4.089,
				-2.019,
				4.233,
				-2.019,
				1,
				4.389,
				-2.019,
				4.544,
				-1.404,
				4.7,
				0,
				1,
				4.844,
				1.304,
				4.989,
				2.051,
				5.133,
				2.051,
				1,
				5.2,
				2.051,
				5.267,
				1.933,
				5.333,
				1.686
			]
		},
		{
			"Target": "Parameter",
			"Id": "Param195",
			"Segments": [
				0,
				2.051,
				0,
				0.2,
				2.051,
				1,
				0.344,
				2.051,
				0.489,
				1.304,
				0.633,
				0,
				1,
				0.789,
				-1.404,
				0.944,
				-2.019,
				1.1,
				-2.019,
				1,
				1.244,
				-2.019,
				1.389,
				-1.305,
				1.533,
				0,
				1,
				1.689,
				1.406,
				1.844,
				2.051,
				2,
				2.051,
				1,
				2.144,
				2.051,
				2.289,
				1.304,
				2.433,
				0,
				1,
				2.589,
				-1.404,
				2.744,
				-2.019,
				2.9,
				-2.019,
				1,
				3.044,
				-2.019,
				3.189,
				-1.305,
				3.333,
				0,
				1,
				3.489,
				1.406,
				3.644,
				2.051,
				3.8,
				2.051,
				1,
				3.944,
				2.051,
				4.089,
				1.304,
				4.233,
				0,
				1,
				4.389,
				-1.404,
				4.544,
				-2.019,
				4.7,
				-2.019,
				1,
				4.844,
				-2.019,
				4.989,
				-1.305,
				5.133,
				0,
				1,
				5.2,
				0.602,
				5.267,
				1.065,
				5.333,
				1.397
			]
		},
		{
			"Target": "Parameter",
			"Id": "Param112",
			"Segments": [
				0,
				0,
				1,
				0.144,
				0,
				0.289,
				-2.019,
				0.433,
				-2.019,
				1,
				0.589,
				-2.019,
				0.744,
				-1.404,
				0.9,
				0,
				1,
				1.044,
				1.304,
				1.189,
				2.051,
				1.333,
				2.051,
				1,
				1.489,
				2.051,
				1.644,
				1.406,
				1.8,
				0,
				1,
				1.944,
				-1.305,
				2.089,
				-2.019,
				2.233,
				-2.019,
				1,
				2.389,
				-2.019,
				2.544,
				-1.404,
				2.7,
				0,
				1,
				2.844,
				1.304,
				2.989,
				2.051,
				3.133,
				2.051,
				1,
				3.289,
				2.051,
				3.444,
				1.406,
				3.6,
				0,
				1,
				3.744,
				-1.305,
				3.889,
				-2.019,
				4.033,
				-2.019,
				1,
				4.189,
				-2.019,
				4.344,
				-1.404,
				4.5,
				0,
				1,
				4.644,
				1.304,
				4.789,
				2.051,
				4.933,
				2.051,
				1,
				5.067,
				2.051,
				5.2,
				1.577,
				5.333,
				0.556
			]
		},
		{
			"Target": "Parameter",
			"Id": "Param113",
			"Segments": [
				0,
				2.051,
				1,
				0.144,
				2.051,
				0.289,
				1.304,
				0.433,
				0,
				1,
				0.589,
				-1.404,
				0.744,
				-2.019,
				0.9,
				-2.019,
				1,
				1.044,
				-2.019,
				1.189,
				-1.305,
				1.333,
				0,
				1,
				1.489,
				1.406,
				1.644,
				2.051,
				1.8,
				2.051,
				1,
				1.944,
				2.051,
				2.089,
				1.304,
				2.233,
				0,
				1,
				2.389,
				-1.404,
				2.544,
				-2.019,
				2.7,
				-2.019,
				1,
				2.844,
				-2.019,
				2.989,
				-1.305,
				3.133,
				0,
				1,
				3.289,
				1.406,
				3.444,
				2.051,
				3.6,
				2.051,
				1,
				3.744,
				2.051,
				3.889,
				1.304,
				4.033,
				0,
				1,
				4.189,
				-1.404,
				4.344,
				-2.019,
				4.5,
				-2.019,
				1,
				4.644,
				-2.019,
				4.789,
				-1.305,
				4.933,
				0,
				1,
				5.067,
				1.205,
				5.2,
				1.851,
				5.333,
				2.011
			]
		},
		{
			"Target": "Parameter",
			"Id": "Param196",
			"Segments": [
				0,
				0,
				1,
				0.144,
				0,
				0.289,
				-2.019,
				0.433,
				-2.019,
				1,
				0.589,
				-2.019,
				0.744,
				-1.404,
				0.9,
				0,
				1,
				1.044,
				1.304,
				1.189,
				2.051,
				1.333,
				2.051,
				1,
				1.489,
				2.051,
				1.644,
				1.406,
				1.8,
				0,
				1,
				1.944,
				-1.305,
				2.089,
				-2.019,
				2.233,
				-2.019,
				1,
				2.389,
				-2.019,
				2.544,
				-1.404,
				2.7,
				0,
				1,
				2.844,
				1.304,
				2.989,
				2.051,
				3.133,
				2.051,
				1,
				3.289,
				2.051,
				3.444,
				1.406,
				3.6,
				0,
				1,
				3.744,
				-1.305,
				3.889,
				-2.019,
				4.033,
				-2.019,
				1,
				4.189,
				-2.019,
				4.344,
				-1.404,
				4.5,
				0,
				1,
				4.644,
				1.304,
				4.789,
				2.051,
				4.933,
				2.051,
				1,
				5.067,
				2.051,
				5.2,
				1.577,
				5.333,
				0.556
			]
		},
		{
			"Target": "Parameter",
			"Id": "Param197",
			"Segments": [
				0,
				2.051,
				1,
				0.144,
				2.051,
				0.289,
				1.304,
				0.433,
				0,
				1,
				0.589,
				-1.404,
				0.744,
				-2.019,
				0.9,
				-2.019,
				1,
				1.044,
				-2.019,
				1.189,
				-1.305,
				1.333,
				0,
				1,
				1.489,
				1.406,
				1.644,
				2.051,
				1.8,
				2.051,
				1,
				1.944,
				2.051,
				2.089,
				1.304,
				2.233,
				0,
				1,
				2.389,
				-1.404,
				2.544,
				-2.019,
				2.7,
				-2.019,
				1,
				2.844,
				-2.019,
				2.989,
				-1.305,
				3.133,
				0,
				1,
				3.289,
				1.406,
				3.444,
				2.051,
				3.6,
				2.051,
				1,
				3.744,
				2.051,
				3.889,
				1.304,
				4.033,
				0,
				1,
				4.189,
				-1.404,
				4.344,
				-2.019,
				4.5,
				-2.019,
				1,
				4.644,
				-2.019,
				4.789,
				-1.305,
				4.933,
				0,
				1,
				5.067,
				1.205,
				5.2,
				1.851,
				5.333,
				2.011
			]
		},
		{
			"Target": "Parameter",
			"Id": "Param114",
			"Segments": [
				0,
				0,
				0,
				0.2,
				0,
				1,
				0.344,
				0,
				0.489,
				-2.019,
				0.633,
				-2.019,
				1,
				0.789,
				-2.019,
				0.944,
				-1.404,
				1.1,
				0,
				1,
				1.244,
				1.304,
				1.389,
				2.051,
				1.533,
				2.051,
				1,
				1.689,
				2.051,
				1.844,
				1.406,
				2,
				0,
				1,
				2.144,
				-1.305,
				2.289,
				-2.019,
				2.433,
				-2.019,
				1,
				2.589,
				-2.019,
				2.744,
				-1.404,
				2.9,
				0,
				1,
				3.044,
				1.304,
				3.189,
				2.051,
				3.333,
				2.051,
				1,
				3.489,
				2.051,
				3.644,
				1.406,
				3.8,
				0,
				1,
				3.944,
				-1.305,
				4.089,
				-2.019,
				4.233,
				-2.019,
				1,
				4.389,
				-2.019,
				4.544,
				-1.404,
				4.7,
				0,
				1,
				4.844,
				1.304,
				4.989,
				2.051,
				5.133,
				2.051,
				1,
				5.2,
				2.051,
				5.267,
				1.933,
				5.333,
				1.686
			]
		},
		{
			"Target": "Parameter",
			"Id": "Param115",
			"Segments": [
				0,
				2.051,
				0,
				0.2,
				2.051,
				1,
				0.344,
				2.051,
				0.489,
				1.304,
				0.633,
				0,
				1,
				0.789,
				-1.404,
				0.944,
				-2.019,
				1.1,
				-2.019,
				1,
				1.244,
				-2.019,
				1.389,
				-1.305,
				1.533,
				0,
				1,
				1.689,
				1.406,
				1.844,
				2.051,
				2,
				2.051,
				1,
				2.144,
				2.051,
				2.289,
				1.304,
				2.433,
				0,
				1,
				2.589,
				-1.404,
				2.744,
				-2.019,
				2.9,
				-2.019,
				1,
				3.044,
				-2.019,
				3.189,
				-1.305,
				3.333,
				0,
				1,
				3.489,
				1.406,
				3.644,
				2.051,
				3.8,
				2.051,
				1,
				3.944,
				2.051,
				4.089,
				1.304,
				4.233,
				0,
				1,
				4.389,
				-1.404,
				4.544,
				-2.019,
				4.7,
				-2.019,
				1,
				4.844,
				-2.019,
				4.989,
				-1.305,
				5.133,
				0,
				1,
				5.2,
				0.602,
				5.267,
				1.065,
				5.333,
				1.397
			]
		},
		{
			"Target": "Parameter",
			"Id": "Param192",
			"Segments": [
				0,
				0,
				0,
				0.2,
				0,
				1,
				0.344,
				0,
				0.489,
				-2.019,
				0.633,
				-2.019,
				1,
				0.789,
				-2.019,
				0.944,
				-1.404,
				1.1,
				0,
				1,
				1.244,
				1.304,
				1.389,
				2.051,
				1.533,
				2.051,
				1,
				1.689,
				2.051,
				1.844,
				1.406,
				2,
				0,
				1,
				2.144,
				-1.305,
				2.289,
				-2.019,
				2.433,
				-2.019,
				1,
				2.589,
				-2.019,
				2.744,
				-1.404,
				2.9,
				0,
				1,
				3.044,
				1.304,
				3.189,
				2.051,
				3.333,
				2.051,
				1,
				3.489,
				2.051,
				3.644,
				1.406,
				3.8,
				0,
				1,
				3.944,
				-1.305,
				4.089,
				-2.019,
				4.233,
				-2.019,
				1,
				4.389,
				-2.019,
				4.544,
				-1.404,
				4.7,
				0,
				1,
				4.844,
				1.304,
				4.989,
				2.051,
				5.133,
				2.051,
				1,
				5.2,
				2.051,
				5.267,
				1.933,
				5.333,
				1.686
			]
		},
		{
			"Target": "Parameter",
			"Id": "Param193",
			"Segments": [
				0,
				2.051,
				0,
				0.2,
				2.051,
				1,
				0.344,
				2.051,
				0.489,
				1.304,
				0.633,
				0,
				1,
				0.789,
				-1.404,
				0.944,
				-2.019,
				1.1,
				-2.019,
				1,
				1.244,
				-2.019,
				1.389,
				-1.305,
				1.533,
				0,
				1,
				1.689,
				1.406,
				1.844,
				2.051,
				2,
				2.051,
				1,
				2.144,
				2.051,
				2.289,
				1.304,
				2.433,
				0,
				1,
				2.589,
				-1.404,
				2.744,
				-2.019,
				2.9,
				-2.019,
				1,
				3.044,
				-2.019,
				3.189,
				-1.305,
				3.333,
				0,
				1,
				3.489,
				1.406,
				3.644,
				2.051,
				3.8,
				2.051,
				1,
				3.944,
				2.051,
				4.089,
				1.304,
				4.233,
				0,
				1,
				4.389,
				-1.404,
				4.544,
				-2.019,
				4.7,
				-2.019,
				1,
				4.844,
				-2.019,
				4.989,
				-1.305,
				5.133,
				0,
				1,
				5.2,
				0.602,
				5.267,
				1.065,
				5.333,
				1.397
			]
		},
		{
			"Target": "Parameter",
			"Id": "Param116",
			"Segments": [
				0,
				0,
				0,
				0.4,
				0,
				1,
				0.544,
				0,
				0.689,
				-2.019,
				0.833,
				-2.019,
				1,
				0.989,
				-2.019,
				1.144,
				-1.404,
				1.3,
				0,
				1,
				1.444,
				1.304,
				1.589,
				2.051,
				1.733,
				2.051,
				1,
				1.889,
				2.051,
				2.044,
				1.406,
				2.2,
				0,
				1,
				2.344,
				-1.305,
				2.489,
				-2.019,
				2.633,
				-2.019,
				1,
				2.789,
				-2.019,
				2.944,
				-1.404,
				3.1,
				0,
				1,
				3.244,
				1.304,
				3.389,
				2.051,
				3.533,
				2.051,
				1,
				3.689,
				2.051,
				3.844,
				1.406,
				4,
				0,
				1,
				4.144,
				-1.305,
				4.289,
				-2.019,
				4.433,
				-2.019,
				1,
				4.589,
				-2.019,
				4.744,
				-1.404,
				4.9,
				0,
				1,
				5.044,
				1.304,
				5.189,
				2.051,
				5.333,
				2.051
			]
		},
		{
			"Target": "Parameter",
			"Id": "Param117",
			"Segments": [
				0,
				2.051,
				0,
				0.4,
				2.051,
				1,
				0.544,
				2.051,
				0.689,
				1.304,
				0.833,
				0,
				1,
				0.989,
				-1.404,
				1.144,
				-2.019,
				1.3,
				-2.019,
				1,
				1.444,
				-2.019,
				1.589,
				-1.305,
				1.733,
				0,
				1,
				1.889,
				1.406,
				2.044,
				2.051,
				2.2,
				2.051,
				1,
				2.344,
				2.051,
				2.489,
				1.304,
				2.633,
				0,
				1,
				2.789,
				-1.404,
				2.944,
				-2.019,
				3.1,
				-2.019,
				1,
				3.244,
				-2.019,
				3.389,
				-1.305,
				3.533,
				0,
				1,
				3.689,
				1.406,
				3.844,
				2.051,
				4,
				2.051,
				1,
				4.144,
				2.051,
				4.289,
				1.304,
				4.433,
				0,
				1,
				4.589,
				-1.404,
				4.744,
				-2.019,
				4.9,
				-2.019,
				1,
				5.044,
				-2.019,
				5.189,
				-1.305,
				5.333,
				0
			]
		},
		{
			"Target": "Parameter",
			"Id": "Param118",
			"Segments": [
				0,
				0,
				0,
				0.167,
				0,
				1,
				0.311,
				0,
				0.456,
				-2.019,
				0.6,
				-2.019,
				1,
				0.756,
				-2.019,
				0.911,
				-1.404,
				1.067,
				0,
				1,
				1.211,
				1.304,
				1.356,
				2.051,
				1.5,
				2.051,
				1,
				1.656,
				2.051,
				1.811,
				1.406,
				1.967,
				0,
				1,
				2.111,
				-1.305,
				2.256,
				-2.019,
				2.4,
				-2.019,
				1,
				2.556,
				-2.019,
				2.711,
				-1.404,
				2.867,
				0,
				1,
				3.011,
				1.304,
				3.156,
				2.051,
				3.3,
				2.051,
				1,
				3.456,
				2.051,
				3.611,
				1.406,
				3.767,
				0,
				1,
				3.911,
				-1.305,
				4.056,
				-2.019,
				4.2,
				-2.019,
				1,
				4.356,
				-2.019,
				4.511,
				-1.404,
				4.667,
				0,
				1,
				4.811,
				1.304,
				4.956,
				2.051,
				5.1,
				2.051,
				1,
				5.178,
				2.051,
				5.256,
				1.89,
				5.333,
				1.553
			]
		},
		{
			"Target": "Parameter",
			"Id": "Param119",
			"Segments": [
				0,
				2.051,
				0,
				0.167,
				2.051,
				1,
				0.311,
				2.051,
				0.456,
				1.304,
				0.6,
				0,
				1,
				0.756,
				-1.404,
				0.911,
				-2.019,
				1.067,
				-2.019,
				1,
				1.211,
				-2.019,
				1.356,
				-1.305,
				1.5,
				0,
				1,
				1.656,
				1.406,
				1.811,
				2.051,
				1.967,
				2.051,
				1,
				2.111,
				2.051,
				2.256,
				1.304,
				2.4,
				0,
				1,
				2.556,
				-1.404,
				2.711,
				-2.019,
				2.867,
				-2.019,
				1,
				3.011,
				-2.019,
				3.156,
				-1.305,
				3.3,
				0,
				1,
				3.456,
				1.406,
				3.611,
				2.051,
				3.767,
				2.051,
				1,
				3.911,
				2.051,
				4.056,
				1.304,
				4.2,
				0,
				1,
				4.356,
				-1.404,
				4.511,
				-2.019,
				4.667,
				-2.019,
				1,
				4.811,
				-2.019,
				4.956,
				-1.305,
				5.1,
				0,
				1,
				5.178,
				0.703,
				5.256,
				1.216,
				5.333,
				1.553
			]
		},
		{
			"Target": "Parameter",
			"Id": "Param120",
			"Segments": [
				0,
				0,
				0,
				0.1,
				0,
				1,
				0.244,
				0,
				0.389,
				-2.021,
				0.533,
				-2.021,
				1,
				0.689,
				-2.021,
				0.844,
				-1.394,
				1,
				0,
				1,
				1.144,
				1.295,
				1.289,
				2.019,
				1.433,
				2.019,
				1,
				1.589,
				2.019,
				1.744,
				1.394,
				1.9,
				0,
				1,
				2.044,
				-1.295,
				2.189,
				-2.021,
				2.333,
				-2.021,
				1,
				2.489,
				-2.021,
				2.644,
				-1.394,
				2.8,
				0,
				1,
				2.944,
				1.295,
				3.089,
				2.019,
				3.233,
				2.019,
				1,
				3.389,
				2.019,
				3.544,
				1.394,
				3.7,
				0,
				1,
				3.844,
				-1.295,
				3.989,
				-2.021,
				4.133,
				-2.021,
				1,
				4.289,
				-2.021,
				4.444,
				-1.394,
				4.6,
				0,
				1,
				4.744,
				1.295,
				4.889,
				2.019,
				5.033,
				2.019,
				1,
				5.133,
				2.019,
				5.233,
				1.761,
				5.333,
				1.206
			]
		},
		{
			"Target": "Parameter",
			"Id": "Param175",
			"Segments": [
				0,
				2.019,
				0,
				0.1,
				2.019,
				1,
				0.244,
				2.019,
				0.389,
				1.295,
				0.533,
				0,
				1,
				0.689,
				-1.394,
				0.844,
				-2.021,
				1,
				-2.021,
				1,
				1.144,
				-2.021,
				1.289,
				-1.295,
				1.433,
				0,
				1,
				1.589,
				1.394,
				1.744,
				2.019,
				1.9,
				2.019,
				1,
				2.044,
				2.019,
				2.189,
				1.295,
				2.333,
				0,
				1,
				2.489,
				-1.394,
				2.644,
				-2.021,
				2.8,
				-2.021,
				1,
				2.944,
				-2.021,
				3.089,
				-1.295,
				3.233,
				0,
				1,
				3.389,
				1.394,
				3.544,
				2.019,
				3.7,
				2.019,
				1,
				3.844,
				2.019,
				3.989,
				1.295,
				4.133,
				0,
				1,
				4.289,
				-1.394,
				4.444,
				-2.021,
				4.6,
				-2.021,
				1,
				4.744,
				-2.021,
				4.889,
				-1.295,
				5.033,
				0,
				1,
				5.133,
				0.896,
				5.233,
				1.475,
				5.333,
				1.773
			]
		},
		{
			"Target": "Parameter",
			"Id": "Param176",
			"Segments": [
				0,
				0,
				0,
				0.2,
				0,
				1,
				0.344,
				0,
				0.489,
				-2.021,
				0.633,
				-2.021,
				1,
				0.789,
				-2.021,
				0.944,
				-1.394,
				1.1,
				0,
				1,
				1.244,
				1.295,
				1.389,
				2.019,
				1.533,
				2.019,
				1,
				1.689,
				2.019,
				1.844,
				1.394,
				2,
				0,
				1,
				2.144,
				-1.295,
				2.289,
				-2.021,
				2.433,
				-2.021,
				1,
				2.589,
				-2.021,
				2.744,
				-1.394,
				2.9,
				0,
				1,
				3.044,
				1.295,
				3.189,
				2.019,
				3.333,
				2.019,
				1,
				3.489,
				2.019,
				3.644,
				1.394,
				3.8,
				0,
				1,
				3.944,
				-1.295,
				4.089,
				-2.021,
				4.233,
				-2.021,
				1,
				4.389,
				-2.021,
				4.544,
				-1.394,
				4.7,
				0,
				1,
				4.844,
				1.295,
				4.989,
				2.019,
				5.133,
				2.019,
				1,
				5.2,
				2.019,
				5.267,
				1.904,
				5.333,
				1.663
			]
		},
		{
			"Target": "Parameter",
			"Id": "Param177",
			"Segments": [
				0,
				2.019,
				0,
				0.2,
				2.019,
				1,
				0.344,
				2.019,
				0.489,
				1.295,
				0.633,
				0,
				1,
				0.789,
				-1.394,
				0.944,
				-2.021,
				1.1,
				-2.021,
				1,
				1.244,
				-2.021,
				1.389,
				-1.295,
				1.533,
				0,
				1,
				1.689,
				1.394,
				1.844,
				2.019,
				2,
				2.019,
				1,
				2.144,
				2.019,
				2.289,
				1.295,
				2.433,
				0,
				1,
				2.589,
				-1.394,
				2.744,
				-2.021,
				2.9,
				-2.021,
				1,
				3.044,
				-2.021,
				3.189,
				-1.295,
				3.333,
				0,
				1,
				3.489,
				1.394,
				3.644,
				2.019,
				3.8,
				2.019,
				1,
				3.944,
				2.019,
				4.089,
				1.295,
				4.233,
				0,
				1,
				4.389,
				-1.394,
				4.544,
				-2.021,
				4.7,
				-2.021,
				1,
				4.844,
				-2.021,
				4.989,
				-1.295,
				5.133,
				0,
				1,
				5.2,
				0.598,
				5.267,
				1.054,
				5.333,
				1.38
			]
		},
		{
			"Target": "Parameter",
			"Id": "Param178",
			"Segments": [
				0,
				0,
				0,
				0.1,
				0,
				1,
				0.244,
				0,
				0.389,
				-2.021,
				0.533,
				-2.021,
				1,
				0.689,
				-2.021,
				0.844,
				-1.394,
				1,
				0,
				1,
				1.144,
				1.295,
				1.289,
				2.019,
				1.433,
				2.019,
				1,
				1.589,
				2.019,
				1.744,
				1.394,
				1.9,
				0,
				1,
				2.044,
				-1.295,
				2.189,
				-2.021,
				2.333,
				-2.021,
				1,
				2.489,
				-2.021,
				2.644,
				-1.394,
				2.8,
				0,
				1,
				2.944,
				1.295,
				3.089,
				2.019,
				3.233,
				2.019,
				1,
				3.389,
				2.019,
				3.544,
				1.394,
				3.7,
				0,
				1,
				3.844,
				-1.295,
				3.989,
				-2.021,
				4.133,
				-2.021,
				1,
				4.289,
				-2.021,
				4.444,
				-1.394,
				4.6,
				0,
				1,
				4.744,
				1.295,
				4.889,
				2.019,
				5.033,
				2.019,
				1,
				5.133,
				2.019,
				5.233,
				1.761,
				5.333,
				1.206
			]
		},
		{
			"Target": "Parameter",
			"Id": "Param179",
			"Segments": [
				0,
				2.019,
				0,
				0.1,
				2.019,
				1,
				0.244,
				2.019,
				0.389,
				1.295,
				0.533,
				0,
				1,
				0.689,
				-1.394,
				0.844,
				-2.021,
				1,
				-2.021,
				1,
				1.144,
				-2.021,
				1.289,
				-1.295,
				1.433,
				0,
				1,
				1.589,
				1.394,
				1.744,
				2.019,
				1.9,
				2.019,
				1,
				2.044,
				2.019,
				2.189,
				1.295,
				2.333,
				0,
				1,
				2.489,
				-1.394,
				2.644,
				-2.021,
				2.8,
				-2.021,
				1,
				2.944,
				-2.021,
				3.089,
				-1.295,
				3.233,
				0,
				1,
				3.389,
				1.394,
				3.544,
				2.019,
				3.7,
				2.019,
				1,
				3.844,
				2.019,
				3.989,
				1.295,
				4.133,
				0,
				1,
				4.289,
				-1.394,
				4.444,
				-2.021,
				4.6,
				-2.021,
				1,
				4.744,
				-2.021,
				4.889,
				-1.295,
				5.033,
				0,
				1,
				5.133,
				0.896,
				5.233,
				1.475,
				5.333,
				1.773
			]
		},
		{
			"Target": "Parameter",
			"Id": "Param180",
			"Segments": [
				0,
				0,
				0,
				0.1,
				0,
				1,
				0.233,
				0,
				0.367,
				-2.075,
				0.5,
				-2.075,
				1,
				0.656,
				-2.075,
				0.811,
				-1.436,
				0.967,
				0,
				1,
				1.111,
				1.333,
				1.256,
				2.084,
				1.4,
				2.084,
				1,
				1.556,
				2.084,
				1.711,
				1.436,
				1.867,
				0,
				1,
				2.011,
				-1.334,
				2.156,
				-2.075,
				2.3,
				-2.075,
				1,
				2.456,
				-2.075,
				2.611,
				-1.436,
				2.767,
				0,
				1,
				2.911,
				1.333,
				3.056,
				2.084,
				3.2,
				2.084,
				1,
				3.356,
				2.084,
				3.511,
				1.436,
				3.667,
				0,
				1,
				3.811,
				-1.334,
				3.956,
				-2.075,
				4.1,
				-2.075,
				1,
				4.256,
				-2.075,
				4.411,
				-1.436,
				4.567,
				0,
				1,
				4.711,
				1.333,
				4.856,
				2.084,
				5,
				2.084,
				1,
				5.111,
				2.084,
				5.222,
				1.754,
				5.333,
				1.041
			]
		},
		{
			"Target": "Parameter",
			"Id": "Param181",
			"Segments": [
				0,
				2.084,
				0,
				0.067,
				2.084,
				1,
				0.211,
				2.084,
				0.356,
				1.333,
				0.5,
				0,
				1,
				0.656,
				-1.436,
				0.811,
				-2.075,
				0.967,
				-2.075,
				1,
				1.111,
				-2.075,
				1.256,
				-1.334,
				1.4,
				0,
				1,
				1.556,
				1.436,
				1.711,
				2.084,
				1.867,
				2.084,
				1,
				2.011,
				2.084,
				2.156,
				1.333,
				2.3,
				0,
				1,
				2.456,
				-1.436,
				2.611,
				-2.075,
				2.767,
				-2.075,
				1,
				2.911,
				-2.075,
				3.056,
				-1.334,
				3.2,
				0,
				1,
				3.356,
				1.436,
				3.511,
				2.084,
				3.667,
				2.084,
				1,
				3.811,
				2.084,
				3.956,
				1.333,
				4.1,
				0,
				1,
				4.256,
				-1.436,
				4.411,
				-2.075,
				4.567,
				-2.075,
				1,
				4.711,
				-2.075,
				4.856,
				-1.334,
				5,
				0,
				1,
				5.111,
				1.026,
				5.222,
				1.65,
				5.333,
				1.922
			]
		},
		{
			"Target": "Parameter",
			"Id": "Param182",
			"Segments": [
				0,
				0,
				1,
				0.144,
				0,
				0.289,
				-2.075,
				0.433,
				-2.075,
				1,
				0.589,
				-2.075,
				0.744,
				-1.436,
				0.9,
				0,
				1,
				1.044,
				1.333,
				1.189,
				2.084,
				1.333,
				2.084,
				1,
				1.489,
				2.084,
				1.644,
				1.436,
				1.8,
				0,
				1,
				1.944,
				-1.334,
				2.089,
				-2.075,
				2.233,
				-2.075,
				1,
				2.389,
				-2.075,
				2.544,
				-1.436,
				2.7,
				0,
				1,
				2.844,
				1.333,
				2.989,
				2.084,
				3.133,
				2.084,
				1,
				3.289,
				2.084,
				3.444,
				1.436,
				3.6,
				0,
				1,
				3.744,
				-1.334,
				3.889,
				-2.075,
				4.033,
				-2.075,
				1,
				4.189,
				-2.075,
				4.344,
				-1.436,
				4.5,
				0,
				1,
				4.644,
				1.333,
				4.789,
				2.084,
				4.933,
				2.084,
				1,
				5.067,
				2.084,
				5.2,
				1.608,
				5.333,
				0.568
			]
		},
		{
			"Target": "Parameter",
			"Id": "Param183",
			"Segments": [
				0,
				2.084,
				1,
				0.144,
				2.084,
				0.289,
				1.333,
				0.433,
				0,
				1,
				0.589,
				-1.436,
				0.744,
				-2.075,
				0.9,
				-2.075,
				1,
				1.044,
				-2.075,
				1.189,
				-1.334,
				1.333,
				0,
				1,
				1.489,
				1.436,
				1.644,
				2.084,
				1.8,
				2.084,
				1,
				1.944,
				2.084,
				2.089,
				1.333,
				2.233,
				0,
				1,
				2.389,
				-1.436,
				2.544,
				-2.075,
				2.7,
				-2.075,
				1,
				2.844,
				-2.075,
				2.989,
				-1.334,
				3.133,
				0,
				1,
				3.289,
				1.436,
				3.444,
				2.084,
				3.6,
				2.084,
				1,
				3.744,
				2.084,
				3.889,
				1.333,
				4.033,
				0,
				1,
				4.189,
				-1.436,
				4.344,
				-2.075,
				4.5,
				-2.075,
				1,
				4.644,
				-2.075,
				4.789,
				-1.334,
				4.933,
				0,
				1,
				5.067,
				1.231,
				5.2,
				1.883,
				5.333,
				2.044
			]
		},
		{
			"Target": "Parameter",
			"Id": "Param184",
			"Segments": [
				0,
				0,
				0,
				0.2,
				0,
				1,
				0.344,
				0,
				0.489,
				-2.075,
				0.633,
				-2.075,
				1,
				0.789,
				-2.075,
				0.944,
				-1.436,
				1.1,
				0,
				1,
				1.244,
				1.333,
				1.389,
				2.084,
				1.533,
				2.084,
				1,
				1.689,
				2.084,
				1.844,
				1.436,
				2,
				0,
				1,
				2.144,
				-1.334,
				2.289,
				-2.075,
				2.433,
				-2.075,
				1,
				2.589,
				-2.075,
				2.744,
				-1.436,
				2.9,
				0,
				1,
				3.044,
				1.333,
				3.189,
				2.084,
				3.333,
				2.084,
				1,
				3.489,
				2.084,
				3.644,
				1.436,
				3.8,
				0,
				1,
				3.944,
				-1.334,
				4.089,
				-2.075,
				4.233,
				-2.075,
				1,
				4.389,
				-2.075,
				4.544,
				-1.436,
				4.7,
				0,
				1,
				4.844,
				1.333,
				4.989,
				2.084,
				5.133,
				2.084,
				1,
				5.2,
				2.084,
				5.267,
				1.965,
				5.333,
				1.716
			]
		},
		{
			"Target": "Parameter",
			"Id": "Param185",
			"Segments": [
				0,
				2.084,
				0,
				0.2,
				2.084,
				1,
				0.344,
				2.084,
				0.489,
				1.333,
				0.633,
				0,
				1,
				0.789,
				-1.436,
				0.944,
				-2.075,
				1.1,
				-2.075,
				1,
				1.244,
				-2.075,
				1.389,
				-1.334,
				1.533,
				0,
				1,
				1.689,
				1.436,
				1.844,
				2.084,
				2,
				2.084,
				1,
				2.144,
				2.084,
				2.289,
				1.333,
				2.433,
				0,
				1,
				2.589,
				-1.436,
				2.744,
				-2.075,
				2.9,
				-2.075,
				1,
				3.044,
				-2.075,
				3.189,
				-1.334,
				3.333,
				0,
				1,
				3.489,
				1.436,
				3.644,
				2.084,
				3.8,
				2.084,
				1,
				3.944,
				2.084,
				4.089,
				1.333,
				4.233,
				0,
				1,
				4.389,
				-1.436,
				4.544,
				-2.075,
				4.7,
				-2.075,
				1,
				4.844,
				-2.075,
				4.989,
				-1.334,
				5.133,
				0,
				1,
				5.2,
				0.615,
				5.267,
				1.086,
				5.333,
				1.423
			]
		},
		{
			"Target": "Parameter",
			"Id": "Param186",
			"Segments": [
				0,
				0,
				0,
				0.1,
				0,
				1,
				0.244,
				0,
				0.389,
				-2.075,
				0.533,
				-2.075,
				1,
				0.689,
				-2.075,
				0.844,
				-1.436,
				1,
				0,
				1,
				1.144,
				1.333,
				1.289,
				2.084,
				1.433,
				2.084,
				1,
				1.589,
				2.084,
				1.744,
				1.436,
				1.9,
				0,
				1,
				2.044,
				-1.334,
				2.189,
				-2.075,
				2.333,
				-2.075,
				1,
				2.489,
				-2.075,
				2.644,
				-1.436,
				2.8,
				0,
				1,
				2.944,
				1.333,
				3.089,
				2.084,
				3.233,
				2.084,
				1,
				3.389,
				2.084,
				3.544,
				1.436,
				3.7,
				0,
				1,
				3.844,
				-1.334,
				3.989,
				-2.075,
				4.133,
				-2.075,
				1,
				4.289,
				-2.075,
				4.444,
				-1.436,
				4.6,
				0,
				1,
				4.744,
				1.333,
				4.889,
				2.084,
				5.033,
				2.084,
				1,
				5.133,
				2.084,
				5.233,
				1.816,
				5.333,
				1.244
			]
		},
		{
			"Target": "Parameter",
			"Id": "Param187",
			"Segments": [
				0,
				2.084,
				0,
				0.1,
				2.084,
				1,
				0.244,
				2.084,
				0.389,
				1.333,
				0.533,
				0,
				1,
				0.689,
				-1.436,
				0.844,
				-2.075,
				1,
				-2.075,
				1,
				1.144,
				-2.075,
				1.289,
				-1.334,
				1.433,
				0,
				1,
				1.589,
				1.436,
				1.744,
				2.084,
				1.9,
				2.084,
				1,
				2.044,
				2.084,
				2.189,
				1.333,
				2.333,
				0,
				1,
				2.489,
				-1.436,
				2.644,
				-2.075,
				2.8,
				-2.075,
				1,
				2.944,
				-2.075,
				3.089,
				-1.334,
				3.233,
				0,
				1,
				3.389,
				1.436,
				3.544,
				2.084,
				3.7,
				2.084,
				1,
				3.844,
				2.084,
				3.989,
				1.333,
				4.133,
				0,
				1,
				4.289,
				-1.436,
				4.444,
				-2.075,
				4.6,
				-2.075,
				1,
				4.744,
				-2.075,
				4.889,
				-1.334,
				5.033,
				0,
				1,
				5.133,
				0.923,
				5.233,
				1.521,
				5.333,
				1.83
			]
		},
		{
			"Target": "Parameter",
			"Id": "Param188",
			"Segments": [
				0,
				0,
				0,
				0.167,
				0,
				1,
				0.311,
				0,
				0.456,
				-2.075,
				0.6,
				-2.075,
				1,
				0.756,
				-2.075,
				0.911,
				-1.436,
				1.067,
				0,
				1,
				1.211,
				1.333,
				1.356,
				2.084,
				1.5,
				2.084,
				1,
				1.656,
				2.084,
				1.811,
				1.436,
				1.967,
				0,
				1,
				2.111,
				-1.334,
				2.256,
				-2.075,
				2.4,
				-2.075,
				1,
				2.556,
				-2.075,
				2.711,
				-1.436,
				2.867,
				0,
				1,
				3.011,
				1.333,
				3.156,
				2.084,
				3.3,
				2.084,
				1,
				3.456,
				2.084,
				3.611,
				1.436,
				3.767,
				0,
				1,
				3.911,
				-1.334,
				4.056,
				-2.075,
				4.2,
				-2.075,
				1,
				4.356,
				-2.075,
				4.511,
				-1.436,
				4.667,
				0,
				1,
				4.811,
				1.333,
				4.956,
				2.084,
				5.1,
				2.084,
				1,
				5.178,
				2.084,
				5.256,
				1.922,
				5.333,
				1.581
			]
		},
		{
			"Target": "Parameter",
			"Id": "Param189",
			"Segments": [
				0,
				2.084,
				0,
				0.167,
				2.084,
				1,
				0.311,
				2.084,
				0.456,
				1.333,
				0.6,
				0,
				1,
				0.756,
				-1.436,
				0.911,
				-2.075,
				1.067,
				-2.075,
				1,
				1.211,
				-2.075,
				1.356,
				-1.334,
				1.5,
				0,
				1,
				1.656,
				1.436,
				1.811,
				2.084,
				1.967,
				2.084,
				1,
				2.111,
				2.084,
				2.256,
				1.333,
				2.4,
				0,
				1,
				2.556,
				-1.436,
				2.711,
				-2.075,
				2.867,
				-2.075,
				1,
				3.011,
				-2.075,
				3.156,
				-1.334,
				3.3,
				0,
				1,
				3.456,
				1.436,
				3.611,
				2.084,
				3.767,
				2.084,
				1,
				3.911,
				2.084,
				4.056,
				1.333,
				4.2,
				0,
				1,
				4.356,
				-1.436,
				4.511,
				-2.075,
				4.667,
				-2.075,
				1,
				4.811,
				-2.075,
				4.956,
				-1.334,
				5.1,
				0,
				1,
				5.178,
				0.718,
				5.256,
				1.239,
				5.333,
				1.581
			]
		},
		{
			"Target": "Parameter",
			"Id": "Param190",
			"Segments": [
				0,
				0,
				0,
				0.233,
				0,
				1,
				0.378,
				0,
				0.522,
				-2.075,
				0.667,
				-2.075,
				1,
				0.822,
				-2.075,
				0.978,
				-1.436,
				1.133,
				0,
				1,
				1.278,
				1.333,
				1.422,
				2.084,
				1.567,
				2.084,
				1,
				1.722,
				2.084,
				1.878,
				1.436,
				2.033,
				0,
				1,
				2.178,
				-1.334,
				2.322,
				-2.075,
				2.467,
				-2.075,
				1,
				2.622,
				-2.075,
				2.778,
				-1.436,
				2.933,
				0,
				1,
				3.078,
				1.333,
				3.222,
				2.084,
				3.367,
				2.084,
				1,
				3.522,
				2.084,
				3.678,
				1.436,
				3.833,
				0,
				1,
				3.978,
				-1.334,
				4.122,
				-2.075,
				4.267,
				-2.075,
				1,
				4.422,
				-2.075,
				4.578,
				-1.436,
				4.733,
				0,
				1,
				4.878,
				1.333,
				5.022,
				2.084,
				5.167,
				2.084,
				1,
				5.222,
				2.084,
				5.278,
				2.002,
				5.333,
				1.83
			]
		},
		{
			"Target": "Parameter",
			"Id": "Param191",
			"Segments": [
				0,
				2.084,
				0,
				0.233,
				2.084,
				1,
				0.378,
				2.084,
				0.522,
				1.333,
				0.667,
				0,
				1,
				0.822,
				-1.436,
				0.978,
				-2.075,
				1.133,
				-2.075,
				1,
				1.278,
				-2.075,
				1.422,
				-1.334,
				1.567,
				0,
				1,
				1.722,
				1.436,
				1.878,
				2.084,
				2.033,
				2.084,
				1,
				2.178,
				2.084,
				2.322,
				1.333,
				2.467,
				0,
				1,
				2.622,
				-1.436,
				2.778,
				-2.075,
				2.933,
				-2.075,
				1,
				3.078,
				-2.075,
				3.222,
				-1.334,
				3.367,
				0,
				1,
				3.522,
				1.436,
				3.678,
				2.084,
				3.833,
				2.084,
				1,
				3.978,
				2.084,
				4.122,
				1.333,
				4.267,
				0,
				1,
				4.422,
				-1.436,
				4.578,
				-2.075,
				4.733,
				-2.075,
				1,
				4.878,
				-2.075,
				5.022,
				-1.334,
				5.167,
				0,
				1,
				5.222,
				0.513,
				5.278,
				0.925,
				5.333,
				1.244
			]
		},
		{
			"Target": "Parameter",
			"Id": "Param_Angle_Rotation34",
			"Segments": [
				0,
				-2.038,
				0,
				0.2,
				-2.038,
				1,
				0.5,
				-2.038,
				0.8,
				2.061,
				1.1,
				2.061,
				1,
				1.4,
				2.061,
				1.7,
				-2.035,
				2,
				-2.035,
				1,
				2.3,
				-2.035,
				2.6,
				2.061,
				2.9,
				2.061,
				1,
				3.2,
				2.061,
				3.5,
				-2.038,
				3.8,
				-2.038,
				1,
				4.1,
				-2.038,
				4.4,
				2.061,
				4.7,
				2.061,
				1,
				4.911,
				2.061,
				5.122,
				0.033,
				5.333,
				-1.169
			]
		},
		{
			"Target": "Parameter",
			"Id": "Param_Angle_Rotation37",
			"Segments": [
				0,
				-2.035,
				0,
				0.5,
				-2.035,
				1,
				0.8,
				-2.035,
				1.1,
				2.061,
				1.4,
				2.061,
				1,
				1.7,
				2.061,
				2,
				-2.035,
				2.3,
				-2.035,
				1,
				2.6,
				-2.035,
				2.9,
				2.061,
				3.2,
				2.061,
				1,
				3.5,
				2.061,
				3.8,
				-2.035,
				4.1,
				-2.035,
				1,
				4.4,
				-2.035,
				4.7,
				2.061,
				5,
				2.061,
				1,
				5.111,
				2.061,
				5.222,
				1.499,
				5.333,
				0.791
			]
		},
		{
			"Target": "Parameter",
			"Id": "Param_Angle_Rotation60",
			"Segments": [
				0,
				-2.035,
				0,
				0.8,
				-2.035,
				1,
				1.111,
				-2.035,
				1.422,
				2.052,
				1.733,
				2.052,
				1,
				2.022,
				2.052,
				2.311,
				-2.035,
				2.6,
				-2.035,
				1,
				2.9,
				-2.035,
				3.2,
				2.061,
				3.5,
				2.061,
				1,
				3.8,
				2.061,
				4.1,
				-2.035,
				4.4,
				-2.035,
				1,
				4.7,
				-2.035,
				5,
				2.061,
				5.3,
				2.061,
				1,
				5.311,
				2.061,
				5.322,
				2.055,
				5.333,
				2.044
			]
		},
		{
			"Target": "Parameter",
			"Id": "Param_Angle_Rotation61",
			"Segments": [
				0,
				-1.987,
				0,
				0.3,
				-1.987,
				1,
				0.6,
				-1.987,
				0.9,
				2.016,
				1.2,
				2.016,
				1,
				1.5,
				2.016,
				1.8,
				-1.987,
				2.1,
				-1.987,
				1,
				2.4,
				-1.987,
				2.7,
				2.016,
				3,
				2.016,
				1,
				3.3,
				2.016,
				3.6,
				-1.987,
				3.9,
				-1.987,
				1,
				4.2,
				-1.987,
				4.5,
				2.016,
				4.8,
				2.016,
				1,
				4.978,
				2.016,
				5.156,
				0.61,
				5.333,
				-0.535
			]
		},
		{
			"Target": "Parameter",
			"Id": "Param_Angle_Rotation62",
			"Segments": [
				0,
				-1.993,
				0,
				0.6,
				-1.993,
				1,
				0.9,
				-1.993,
				1.2,
				2.022,
				1.5,
				2.022,
				1,
				1.8,
				2.022,
				2.1,
				-1.993,
				2.4,
				-1.993,
				1,
				2.7,
				-1.993,
				3,
				2.022,
				3.3,
				2.022,
				1,
				3.6,
				2.022,
				3.9,
				-1.993,
				4.2,
				-1.993,
				1,
				4.5,
				-1.993,
				4.8,
				2.022,
				5.1,
				2.022,
				1,
				5.178,
				2.022,
				5.256,
				1.752,
				5.333,
				1.353
			]
		},
		{
			"Target": "Parameter",
			"Id": "Param_Angle_Rotation63",
			"Segments": [
				0,
				2.022,
				1,
				0.3,
				2.022,
				0.6,
				-1.993,
				0.9,
				-1.993,
				1,
				1.2,
				-1.993,
				1.5,
				2.022,
				1.8,
				2.022,
				1,
				2.1,
				2.022,
				2.4,
				-1.993,
				2.7,
				-1.993,
				1,
				3,
				-1.993,
				3.3,
				2.022,
				3.6,
				2.022,
				1,
				3.9,
				2.022,
				4.2,
				-1.993,
				4.5,
				-1.993,
				1,
				4.778,
				-1.993,
				5.056,
				1.449,
				5.333,
				1.959
			]
		},
		{
			"Target": "Parameter",
			"Id": "Param31",
			"Segments": [
				0,
				-19.051,
				0,
				0.4,
				-19.051,
				1,
				0.7,
				-19.051,
				1,
				20.461,
				1.3,
				20.461,
				1,
				1.6,
				20.461,
				1.9,
				-19.051,
				2.2,
				-19.051,
				1,
				2.5,
				-19.051,
				2.8,
				20.461,
				3.1,
				20.461,
				1,
				3.4,
				20.461,
				3.7,
				-19.051,
				4,
				-19.051,
				1,
				4.3,
				-19.051,
				4.6,
				20.461,
				4.9,
				20.461,
				1,
				5.044,
				20.461,
				5.189,
				11.301,
				5.333,
				1.802
			]
		},
		{
			"Target": "Parameter",
			"Id": "Param32",
			"Segments": [
				0,
				-3.558,
				0,
				0.167,
				-3.558,
				1,
				0.467,
				-3.558,
				0.767,
				4.248,
				1.067,
				4.248,
				1,
				1.367,
				4.248,
				1.667,
				-3.558,
				1.967,
				-3.558,
				1,
				2.267,
				-3.558,
				2.567,
				4.248,
				2.867,
				4.248,
				1,
				3.167,
				4.248,
				3.467,
				-3.558,
				3.767,
				-3.558,
				1,
				4.067,
				-3.558,
				4.367,
				4.248,
				4.667,
				4.248,
				1,
				4.889,
				4.248,
				5.111,
				-0.035,
				5.333,
				-2.256
			]
		},
		{
			"Target": "Parameter",
			"Id": "Param33",
			"Segments": [
				0,
				-3.579,
				0,
				0.167,
				-3.579,
				1,
				0.467,
				-3.579,
				0.767,
				1.55,
				1.067,
				1.55,
				1,
				1.367,
				1.55,
				1.667,
				-3.579,
				1.967,
				-3.579,
				1,
				2.267,
				-3.579,
				2.567,
				1.55,
				2.867,
				1.55,
				1,
				3.167,
				1.55,
				3.467,
				-3.579,
				3.767,
				-3.579,
				1,
				4.067,
				-3.579,
				4.367,
				1.55,
				4.667,
				1.55,
				1,
				4.889,
				1.55,
				5.111,
				-1.265,
				5.333,
				-2.724
			]
		},
		{
			"Target": "Parameter",
			"Id": "Param_Angle_Rotation42",
			"Segments": [
				0,
				3.016,
				0,
				0.2,
				3.016,
				1,
				0.5,
				3.016,
				0.8,
				-3.104,
				1.1,
				-3.104,
				1,
				1.4,
				-3.104,
				1.7,
				3.016,
				2,
				3.016,
				1,
				2.3,
				3.016,
				2.6,
				-3.104,
				2.9,
				-3.104,
				1,
				3.2,
				-3.104,
				3.5,
				3.016,
				3.8,
				3.016,
				1,
				4.1,
				3.016,
				4.4,
				-3.104,
				4.7,
				-3.104,
				1,
				4.911,
				-3.104,
				5.122,
				-0.073,
				5.333,
				1.723
			]
		},
		{
			"Target": "Parameter",
			"Id": "Param_Angle_Rotation43",
			"Segments": [
				0,
				3.016,
				0,
				0.467,
				3.016,
				1,
				0.767,
				3.016,
				1.067,
				-3.104,
				1.367,
				-3.104,
				1,
				1.667,
				-3.104,
				1.967,
				3.016,
				2.267,
				3.016,
				1,
				2.567,
				3.016,
				2.867,
				-3.104,
				3.167,
				-3.104,
				1,
				3.467,
				-3.104,
				3.767,
				3.016,
				4.067,
				3.016,
				1,
				4.367,
				3.016,
				4.667,
				-3.104,
				4.967,
				-3.104,
				1,
				5.089,
				-3.104,
				5.211,
				-2.088,
				5.333,
				-0.884
			]
		},
		{
			"Target": "Parameter",
			"Id": "Param_Angle_Rotation44",
			"Segments": [
				0,
				2.981,
				0,
				0.733,
				2.981,
				1,
				1.033,
				2.981,
				1.333,
				-3.069,
				1.633,
				-3.069,
				1,
				1.933,
				-3.069,
				2.233,
				2.981,
				2.533,
				2.981,
				1,
				2.833,
				2.981,
				3.133,
				-3.069,
				3.433,
				-3.069,
				1,
				3.733,
				-3.069,
				4.033,
				2.981,
				4.333,
				2.981,
				1,
				4.633,
				2.981,
				4.933,
				-3.069,
				5.233,
				-3.069,
				1,
				5.267,
				-3.069,
				5.3,
				-2.994,
				5.333,
				-2.862
			]
		},
		{
			"Target": "Parameter",
			"Id": "Param_Angle_Rotation45",
			"Segments": [
				0,
				-3.069,
				0,
				0.1,
				-3.069,
				1,
				0.4,
				-3.069,
				0.7,
				2.981,
				1,
				2.981,
				1,
				1.3,
				2.981,
				1.6,
				-3.069,
				1.9,
				-3.069,
				1,
				2.2,
				-3.069,
				2.5,
				2.981,
				2.8,
				2.981,
				1,
				3.1,
				2.981,
				3.4,
				-3.069,
				3.7,
				-3.069,
				1,
				4,
				-3.069,
				4.3,
				2.981,
				4.6,
				2.981,
				1,
				4.844,
				2.981,
				5.089,
				-1.036,
				5.333,
				-2.523
			]
		},
		{
			"Target": "Parameter",
			"Id": "Param_Angle_Rotation48",
			"Segments": [
				0,
				3.017,
				0,
				0.2,
				3.017,
				1,
				0.5,
				3.017,
				0.8,
				-3.008,
				1.1,
				-3.008,
				1,
				1.4,
				-3.008,
				1.7,
				3.017,
				2,
				3.017,
				1,
				2.3,
				3.017,
				2.6,
				-3.008,
				2.9,
				-3.008,
				1,
				3.2,
				-3.008,
				3.5,
				3.017,
				3.8,
				3.017,
				1,
				4.1,
				3.017,
				4.4,
				-3.008,
				4.7,
				-3.008,
				1,
				4.911,
				-3.008,
				5.122,
				-0.024,
				5.333,
				1.744
			]
		},
		{
			"Target": "Parameter",
			"Id": "Param_Angle_Rotation49",
			"Segments": [
				0,
				3.017,
				0,
				0.533,
				3.017,
				1,
				0.833,
				3.017,
				1.133,
				-3.008,
				1.433,
				-3.008,
				1,
				1.733,
				-3.008,
				2.033,
				3.017,
				2.333,
				3.017,
				1,
				2.633,
				3.017,
				2.933,
				-3.008,
				3.233,
				-3.008,
				1,
				3.533,
				-3.008,
				3.833,
				3.017,
				4.133,
				3.017,
				1,
				4.433,
				3.017,
				4.733,
				-3.008,
				5.033,
				-3.008,
				1,
				5.133,
				-3.008,
				5.233,
				-2.338,
				5.333,
				-1.446
			]
		},
		{
			"Target": "Parameter",
			"Id": "Param_Angle_Rotation50",
			"Segments": [
				0,
				-3.008,
				0,
				0.1,
				-3.008,
				1,
				0.4,
				-3.008,
				0.7,
				3.017,
				1,
				3.017,
				1,
				1.3,
				3.017,
				1.6,
				-3.008,
				1.9,
				-3.008,
				1,
				2.2,
				-3.008,
				2.5,
				3.017,
				2.8,
				3.017,
				1,
				3.1,
				3.017,
				3.4,
				-3.008,
				3.7,
				-3.008,
				1,
				4,
				-3.008,
				4.3,
				3.017,
				4.6,
				3.017,
				1,
				4.844,
				3.017,
				5.089,
				-0.983,
				5.333,
				-2.465
			]
		},
		{
			"Target": "Parameter",
			"Id": "Param_Angle_Rotation52",
			"Segments": [
				0,
				3.038,
				0,
				0.3,
				3.038,
				1,
				0.6,
				3.038,
				0.9,
				-2.998,
				1.2,
				-2.998,
				1,
				1.5,
				-2.998,
				1.8,
				3.038,
				2.1,
				3.038,
				1,
				2.4,
				3.038,
				2.7,
				-2.998,
				3,
				-2.998,
				1,
				3.3,
				-2.998,
				3.6,
				3.038,
				3.9,
				3.038,
				1,
				4.2,
				3.038,
				4.5,
				-2.998,
				4.8,
				-2.998,
				1,
				4.978,
				-2.998,
				5.156,
				-0.878,
				5.333,
				0.849
			]
		},
		{
			"Target": "Parameter",
			"Id": "Param_Angle_Rotation53",
			"Segments": [
				0,
				3.038,
				0,
				0.567,
				3.038,
				1,
				0.867,
				3.038,
				1.167,
				-2.998,
				1.467,
				-2.998,
				1,
				1.767,
				-2.998,
				2.067,
				3.038,
				2.367,
				3.038,
				1,
				2.667,
				3.038,
				2.967,
				-2.998,
				3.267,
				-2.998,
				1,
				3.567,
				-2.998,
				3.867,
				3.038,
				4.167,
				3.038,
				1,
				4.467,
				3.038,
				4.767,
				-2.998,
				5.067,
				-2.998,
				1,
				5.156,
				-2.998,
				5.244,
				-2.468,
				5.333,
				-1.723
			]
		},
		{
			"Target": "Parameter",
			"Id": "Param_Angle_Rotation54",
			"Segments": [
				0,
				3.038,
				0,
				0.833,
				3.038,
				1,
				1.133,
				3.038,
				1.433,
				-2.998,
				1.733,
				-2.998,
				1,
				2.033,
				-2.998,
				2.333,
				3.038,
				2.633,
				3.038,
				1,
				2.933,
				3.038,
				3.233,
				-2.998,
				3.533,
				-2.998,
				1,
				3.833,
				-2.998,
				4.133,
				3.038,
				4.433,
				3.038,
				1,
				4.733,
				3.038,
				5.033,
				-2.998,
				5.333,
				-2.998
			]
		},
		{
			"Target": "Parameter",
			"Id": "Param_Angle_Rotation55",
			"Segments": [
				0,
				-2.998,
				0,
				0.2,
				-2.998,
				1,
				0.5,
				-2.998,
				0.8,
				3.038,
				1.1,
				3.038,
				1,
				1.4,
				3.038,
				1.7,
				-2.998,
				2,
				-2.998,
				1,
				2.3,
				-2.998,
				2.6,
				3.038,
				2.9,
				3.038,
				1,
				3.2,
				3.038,
				3.5,
				-2.998,
				3.8,
				-2.998,
				1,
				4.1,
				-2.998,
				4.4,
				3.038,
				4.7,
				3.038,
				1,
				4.911,
				3.038,
				5.122,
				0.049,
				5.333,
				-1.723
			]
		},
		{
			"Target": "Parameter",
			"Id": "Param_Angle_Rotation57",
			"Segments": [
				0,
				3.046,
				0,
				0.3,
				3.046,
				1,
				0.6,
				3.046,
				0.9,
				-3.084,
				1.2,
				-3.084,
				1,
				1.5,
				-3.084,
				1.8,
				3.046,
				2.1,
				3.046,
				1,
				2.4,
				3.046,
				2.7,
				-3.084,
				3,
				-3.084,
				1,
				3.3,
				-3.084,
				3.6,
				3.046,
				3.9,
				3.046,
				1,
				4.2,
				3.046,
				4.5,
				-3.084,
				4.8,
				-3.084,
				1,
				4.978,
				-3.084,
				5.156,
				-0.932,
				5.333,
				0.823
			]
		},
		{
			"Target": "Parameter",
			"Id": "Param_Angle_Rotation58",
			"Segments": [
				0,
				3.046,
				0,
				0.633,
				3.046,
				1,
				0.933,
				3.046,
				1.233,
				-3.084,
				1.533,
				-3.084,
				1,
				1.833,
				-3.084,
				2.133,
				3.046,
				2.433,
				3.046,
				1,
				2.733,
				3.046,
				3.033,
				-3.084,
				3.333,
				-3.084,
				1,
				3.633,
				-3.084,
				3.933,
				3.046,
				4.233,
				3.046,
				1,
				4.533,
				3.046,
				4.833,
				-3.084,
				5.133,
				-3.084,
				1,
				5.2,
				-3.084,
				5.267,
				-2.782,
				5.333,
				-2.311
			]
		},
		{
			"Target": "Parameter",
			"Id": "Param_Angle_Rotation59",
			"Segments": [
				0,
				-3.084,
				0,
				0.2,
				-3.084,
				1,
				0.5,
				-3.084,
				0.8,
				3.046,
				1.1,
				3.046,
				1,
				1.4,
				3.046,
				1.7,
				-3.084,
				2,
				-3.084,
				1,
				2.3,
				-3.084,
				2.6,
				3.046,
				2.9,
				3.046,
				1,
				3.2,
				3.046,
				3.5,
				-3.084,
				3.8,
				-3.084,
				1,
				4.1,
				-3.084,
				4.4,
				3.046,
				4.7,
				3.046,
				1,
				4.911,
				3.046,
				5.122,
				0.01,
				5.333,
				-1.789
			]
		},
		{
			"Target": "Parameter",
			"Id": "Param22",
			"Segments": [
				0,
				7.88,
				0,
				0.2,
				7.88,
				1,
				0.4,
				7.88,
				0.6,
				-8.438,
				0.8,
				-8.438,
				1,
				1,
				-8.438,
				1.2,
				7.88,
				1.4,
				7.88,
				1,
				1.6,
				7.88,
				1.8,
				-8.438,
				2,
				-8.438,
				1,
				2.2,
				-8.438,
				2.4,
				7.88,
				2.6,
				7.88,
				1,
				2.8,
				7.88,
				3,
				-8.438,
				3.2,
				-8.438,
				1,
				3.4,
				-8.438,
				3.6,
				7.88,
				3.8,
				7.88,
				1,
				4,
				7.88,
				4.2,
				-8.438,
				4.4,
				-8.438,
				1,
				4.6,
				-8.438,
				4.8,
				7.88,
				5,
				7.88,
				1,
				5.111,
				7.88,
				5.222,
				2.843,
				5.333,
				-1.634
			]
		},
		{
			"Target": "Parameter",
			"Id": "Param23",
			"Segments": [
				0,
				-6.738,
				1,
				0.2,
				-6.738,
				0.4,
				7.107,
				0.6,
				7.107,
				1,
				0.8,
				7.107,
				1,
				-6.738,
				1.2,
				-6.738,
				1,
				1.4,
				-6.738,
				1.6,
				7.107,
				1.8,
				7.107,
				1,
				2,
				7.107,
				2.2,
				-6.738,
				2.4,
				-6.738,
				1,
				2.6,
				-6.738,
				2.8,
				7.107,
				3,
				7.107,
				1,
				3.2,
				7.107,
				3.4,
				-6.738,
				3.6,
				-6.738,
				1,
				3.8,
				-6.738,
				4,
				7.107,
				4.2,
				7.107,
				1,
				4.4,
				7.107,
				4.6,
				-6.738,
				4.8,
				-6.738,
				1,
				4.978,
				-6.738,
				5.156,
				4.201,
				5.333,
				6.632
			]
		},
		{
			"Target": "Parameter",
			"Id": "Param34",
			"Segments": [
				0,
				-7.265,
				0,
				0.333,
				-7.265,
				1,
				0.533,
				-7.265,
				0.733,
				7.511,
				0.933,
				7.511,
				1,
				1.133,
				7.511,
				1.333,
				-7.265,
				1.533,
				-7.265,
				1,
				1.733,
				-7.265,
				1.933,
				7.511,
				2.133,
				7.511,
				1,
				2.333,
				7.511,
				2.533,
				-7.265,
				2.733,
				-7.265,
				1,
				2.933,
				-7.265,
				3.133,
				7.511,
				3.333,
				7.511,
				1,
				3.533,
				7.511,
				3.733,
				-7.265,
				3.933,
				-7.265,
				1,
				4.133,
				-7.265,
				4.333,
				7.511,
				4.533,
				7.511,
				1,
				4.733,
				7.511,
				4.933,
				-7.265,
				5.133,
				-7.265,
				1,
				5.2,
				-7.265,
				5.267,
				-5.623,
				5.333,
				-3.434
			]
		},
		{
			"Target": "Parameter",
			"Id": "Param24",
			"Segments": [
				0,
				-7.973,
				0,
				0.2,
				-7.973,
				1,
				0.5,
				-7.973,
				0.8,
				8.398,
				1.1,
				8.398,
				1,
				1.4,
				8.398,
				1.7,
				-7.973,
				2,
				-7.973,
				1,
				2.3,
				-7.973,
				2.6,
				8.398,
				2.9,
				8.398,
				1,
				3.2,
				8.398,
				3.5,
				-7.973,
				3.8,
				-7.973,
				1,
				4.1,
				-7.973,
				4.4,
				8.398,
				4.7,
				8.398,
				1,
				4.911,
				8.398,
				5.122,
				0.291,
				5.333,
				-4.513
			]
		},
		{
			"Target": "Parameter",
			"Id": "Param26",
			"Segments": [
				0,
				0,
				0,
				0.033,
				1,
				0,
				1,
				1,
				0,
				1.033,
				2,
				0,
				2,
				2,
				0,
				2.033,
				3,
				0,
				3,
				3,
				0,
				3.033,
				4,
				0,
				4,
				4,
				0,
				4.033,
				5,
				0,
				5,
				5,
				0,
				5.033,
				6,
				0,
				5.333,
				6
			]
		},
		{
			"Target": "Parameter",
			"Id": "Param27",
			"Segments": [
				0,
				-7.278,
				0,
				0.533,
				-7.278,
				1,
				0.833,
				-7.278,
				1.133,
				7.966,
				1.433,
				7.966,
				1,
				1.733,
				7.966,
				2.033,
				-7.278,
				2.333,
				-7.278,
				1,
				2.633,
				-7.278,
				2.933,
				7.966,
				3.233,
				7.966,
				1,
				3.533,
				7.966,
				3.833,
				-7.278,
				4.133,
				-7.278,
				1,
				4.433,
				-7.278,
				4.733,
				7.966,
				5.033,
				7.966,
				1,
				5.133,
				7.966,
				5.233,
				6.273,
				5.333,
				4.014
			]
		},
		{
			"Target": "Parameter",
			"Id": "Param_Angle_Rotation115",
			"Segments": [
				0,
				-6.334,
				0,
				0.133,
				-6.334,
				1,
				0.433,
				-6.334,
				0.733,
				6.7,
				1.033,
				6.7,
				1,
				1.333,
				6.7,
				1.633,
				-6.334,
				1.933,
				-6.334,
				1,
				2.233,
				-6.334,
				2.533,
				6.7,
				2.833,
				6.7,
				1,
				3.133,
				6.7,
				3.433,
				-6.334,
				3.733,
				-6.334,
				1,
				4.033,
				-6.334,
				4.333,
				6.7,
				4.633,
				6.7,
				1,
				4.867,
				6.7,
				5.1,
				-1.184,
				5.333,
				-4.689
			]
		},
		{
			"Target": "Parameter",
			"Id": "Param_Angle_Rotation135",
			"Segments": [
				0,
				-6.334,
				0,
				0.533,
				-6.334,
				1,
				0.833,
				-6.334,
				1.133,
				6.7,
				1.433,
				6.7,
				1,
				1.733,
				6.7,
				2.033,
				-6.334,
				2.333,
				-6.334,
				1,
				2.633,
				-6.334,
				2.933,
				6.7,
				3.233,
				6.7,
				1,
				3.533,
				6.7,
				3.833,
				-6.334,
				4.133,
				-6.334,
				1,
				4.433,
				-6.334,
				4.733,
				6.7,
				5.033,
				6.7,
				1,
				5.133,
				6.7,
				5.233,
				5.252,
				5.333,
				3.321
			]
		},
		{
			"Target": "Parameter",
			"Id": "Param_Angle_Rotation136",
			"Segments": [
				0,
				6.7,
				0,
				0.033,
				6.7,
				1,
				0.333,
				6.7,
				0.633,
				-6.334,
				0.933,
				-6.334,
				1,
				1.233,
				-6.334,
				1.533,
				6.7,
				1.833,
				6.7,
				1,
				2.133,
				6.7,
				2.433,
				-6.334,
				2.733,
				-6.334,
				1,
				3.033,
				-6.334,
				3.333,
				6.7,
				3.633,
				6.7,
				1,
				3.933,
				6.7,
				4.233,
				-6.334,
				4.533,
				-6.334,
				1,
				4.8,
				-6.334,
				5.067,
				3.965,
				5.333,
				6.253
			]
		},
		{
			"Target": "Parameter",
			"Id": "Param_Angle_Rotation35",
			"Segments": [
				0,
				-6.024,
				0,
				0.367,
				-6.024,
				1,
				0.667,
				-6.024,
				0.967,
				6.036,
				1.267,
				6.036,
				1,
				1.567,
				6.036,
				1.867,
				-6.024,
				2.167,
				-6.024,
				1,
				2.467,
				-6.024,
				2.767,
				6.036,
				3.067,
				6.036,
				1,
				3.367,
				6.036,
				3.667,
				-6.024,
				3.967,
				-6.024,
				1,
				4.267,
				-6.024,
				4.567,
				6.036,
				4.867,
				6.036,
				1,
				5.022,
				6.036,
				5.178,
				2.793,
				5.333,
				-0.329
			]
		},
		{
			"Target": "Parameter",
			"Id": "Param_Angle_Rotation36",
			"Segments": [
				0,
				-6.024,
				0,
				0.767,
				-6.024,
				1,
				1.067,
				-6.024,
				1.367,
				6.036,
				1.667,
				6.036,
				1,
				1.967,
				6.036,
				2.267,
				-6.024,
				2.567,
				-6.024,
				1,
				2.867,
				-6.024,
				3.167,
				6.036,
				3.467,
				6.036,
				1,
				3.767,
				6.036,
				4.067,
				-6.024,
				4.367,
				-6.024,
				1,
				4.667,
				-6.024,
				4.967,
				6.036,
				5.267,
				6.036,
				1,
				5.289,
				6.036,
				5.311,
				5.97,
				5.333,
				5.847
			]
		},
		{
			"Target": "Parameter",
			"Id": "Param_Angle_Rotation38",
			"Segments": [
				0,
				11.361,
				0,
				0.267,
				11.361,
				1,
				0.567,
				11.361,
				0.867,
				-10.932,
				1.167,
				-10.932,
				1,
				1.467,
				-10.932,
				1.767,
				11.361,
				2.067,
				11.361,
				1,
				2.367,
				11.361,
				2.667,
				-10.932,
				2.967,
				-10.932,
				1,
				3.267,
				-10.932,
				3.567,
				11.361,
				3.867,
				11.361,
				1,
				4.167,
				11.361,
				4.467,
				-10.932,
				4.767,
				-10.932,
				1,
				4.956,
				-10.932,
				5.144,
				-2.094,
				5.333,
				4.453
			]
		}
	]
}