{
	"Version": 3,
	"Meta": {
		"Duration": 8,
		"Fps": 30.0,
		"FadeInTime": 0.2,
		"Loop": true,
		"AreBeziersRestricted": true,
		"CurveCount": 114,
		"TotalSegmentCount": 807,
		"TotalPointCount": 2531,
		"UserDataCount": 0,
		"TotalUserDataSize": 0
	},
	"Curves": [
		{
			"Target": "Parameter",
			"Id": "ParamAngleX",
			"Segments": [
				0,
				0.037,
				1,
				0.378,
				0.037,
				0.756,
				0.044,
				1.133,
				0,
				1,
				1.422,
				-0.033,
				1.711,
				-18,
				2,
				-18,
				1,
				2.322,
				-18,
				2.644,
				-17.846,
				2.967,
				-15,
				1,
				3.278,
				-12.252,
				3.589,
				-4.532,
				3.9,
				0,
				1,
				4.178,
				4.046,
				4.456,
				8.152,
				4.733,
				11,
				1,
				5.044,
				14.19,
				5.356,
				15,
				5.667,
				15,
				1,
				6,
				15,
				6.333,
				1.805,
				6.667,
				1,
				1,
				7.111,
				-0.073,
				7.556,
				0.037,
				8,
				0.037
			]
		},
		{
			"Target": "Parameter",
			"Id": "ParamAngleY",
			"Segments": [
				0,
				0.022,
				1,
				0.378,
				0.022,
				0.756,
				11.53,
				1.133,
				16,
				1,
				1.422,
				19.418,
				1.711,
				19,
				2,
				19,
				1,
				2.322,
				19,
				2.644,
				-8,
				2.967,
				-8,
				1,
				3.278,
				-8,
				3.589,
				-7.404,
				3.9,
				-6,
				1,
				4.178,
				-4.746,
				4.456,
				-3.934,
				4.733,
				-2,
				1,
				5.044,
				0.166,
				5.356,
				5.644,
				5.667,
				9,
				1,
				6,
				12.595,
				6.333,
				14,
				6.667,
				14,
				1,
				7.111,
				14,
				7.556,
				0.047,
				8,
				0.047
			]
		},
		{
			"Target": "Parameter",
			"Id": "ParamAngleZ",
			"Segments": [
				0,
				-0.004,
				1,
				1.222,
				-0.004,
				2.444,
				-6,
				3.667,
				-6,
				1,
				5.111,
				-6,
				6.556,
				-0.005,
				8,
				-0.005
			]
		},
		{
			"Target": "Parameter",
			"Id": "ParamEyeLOpen",
			"Segments": [
				0,
				1,
				1,
				0.522,
				1,
				1.044,
				1,
				1.567,
				1,
				1,
				1.789,
				1,
				2.011,
				0,
				2.233,
				0,
				1,
				2.522,
				0,
				2.811,
				1,
				3.1,
				1,
				1,
				3.789,
				1,
				4.478,
				1,
				5.167,
				1,
				1,
				5.389,
				1,
				5.611,
				0,
				5.833,
				0,
				1,
				6.122,
				0,
				6.411,
				1,
				6.7,
				1,
				1,
				7.133,
				1,
				7.567,
				1,
				8,
				1
			]
		},
		{
			"Target": "Parameter",
			"Id": "ParamEyeLSmile",
			"Segments": [
				0,
				0,
				1,
				2.667,
				0,
				5.333,
				0,
				8,
				0
			]
		},
		{
			"Target": "Parameter",
			"Id": "ParamEyeROpen",
			"Segments": [
				0,
				1,
				1,
				0.522,
				1,
				1.044,
				1,
				1.567,
				1,
				1,
				1.789,
				1,
				2.011,
				0,
				2.233,
				0,
				1,
				2.522,
				0,
				2.811,
				1,
				3.1,
				1,
				1,
				3.789,
				1,
				4.478,
				1,
				5.167,
				1,
				1,
				5.389,
				1,
				5.611,
				0,
				5.833,
				0,
				1,
				6.122,
				0,
				6.411,
				1,
				6.7,
				1,
				1,
				7.133,
				1,
				7.567,
				1,
				8,
				1
			]
		},
		{
			"Target": "Parameter",
			"Id": "ParamEyeRSmile",
			"Segments": [
				0,
				0,
				1,
				2.667,
				0,
				5.333,
				0,
				8,
				0
			]
		},
		{
			"Target": "Parameter",
			"Id": "Param2",
			"Segments": [
				0,
				0,
				1,
				2.667,
				0,
				5.333,
				0,
				8,
				0
			]
		},
		{
			"Target": "Parameter",
			"Id": "Param",
			"Segments": [
				0,
				0,
				1,
				2.667,
				0,
				5.333,
				0,
				8,
				0
			]
		},
		{
			"Target": "Parameter",
			"Id": "ParamEyeBallX",
			"Segments": [
				0,
				0,
				1,
				0.522,
				0,
				1.044,
				-0.3,
				1.567,
				-0.3,
				1,
				1.789,
				-0.3,
				2.011,
				-0.3,
				2.233,
				-0.3,
				1,
				2.522,
				-0.3,
				2.811,
				-0.101,
				3.1,
				0,
				1,
				3.789,
				0.241,
				4.478,
				0.3,
				5.167,
				0.3,
				1,
				5.389,
				0.3,
				5.611,
				0.283,
				5.833,
				0.2,
				1,
				6.122,
				0.092,
				6.411,
				0,
				6.7,
				0,
				1,
				7.133,
				0,
				7.567,
				0,
				8,
				0
			]
		},
		{
			"Target": "Parameter",
			"Id": "ParamEyeBallY",
			"Segments": [
				0,
				0,
				1,
				0.522,
				0,
				1.044,
				0.3,
				1.567,
				0.3,
				1,
				1.789,
				0.3,
				2.011,
				-0.4,
				2.233,
				-0.4,
				1,
				2.522,
				-0.4,
				2.811,
				-0.073,
				3.1,
				0,
				1,
				3.789,
				0.174,
				4.478,
				0.2,
				5.167,
				0.2,
				1,
				5.389,
				0.2,
				5.611,
				-0.5,
				5.833,
				-0.5,
				1,
				6.122,
				-0.5,
				6.411,
				0,
				6.7,
				0,
				1,
				7.133,
				0,
				7.567,
				0,
				8,
				0
			]
		},
		{
			"Target": "Parameter",
			"Id": "ParamBrowRY",
			"Segments": [
				0,
				0,
				1,
				2.667,
				0,
				5.333,
				0,
				8,
				0
			]
		},
		{
			"Target": "Parameter",
			"Id": "ParamBrowRX",
			"Segments": [
				0,
				0,
				1,
				2.667,
				0,
				5.333,
				0,
				8,
				0
			]
		},
		{
			"Target": "Parameter",
			"Id": "ParamBrowLY",
			"Segments": [
				0,
				0,
				1,
				2.667,
				0,
				5.333,
				0,
				8,
				0
			]
		},
		{
			"Target": "Parameter",
			"Id": "ParamBrowLX",
			"Segments": [
				0,
				0,
				1,
				2.667,
				0,
				5.333,
				0,
				8,
				0
			]
		},
		{
			"Target": "Parameter",
			"Id": "ParamBrowLAngle",
			"Segments": [
				0,
				0,
				1,
				2.667,
				0,
				5.333,
				0,
				8,
				0
			]
		},
		{
			"Target": "Parameter",
			"Id": "ParamBrowRAngle",
			"Segments": [
				0,
				0,
				1,
				2.667,
				0,
				5.333,
				0,
				8,
				0
			]
		},
		{
			"Target": "Parameter",
			"Id": "Param67",
			"Segments": [
				0,
				0.043,
				1,
				0.167,
				0.043,
				0.333,
				-0.397,
				0.5,
				-0.6,
				1,
				0.667,
				-0.803,
				0.833,
				-0.8,
				1,
				-0.8,
				1,
				1.167,
				-0.8,
				1.333,
				-0.76,
				1.5,
				-0.6,
				1,
				1.667,
				-0.44,
				1.833,
				-0.2,
				2,
				0,
				1,
				2.167,
				0.2,
				2.333,
				0.44,
				2.5,
				0.6,
				1,
				2.667,
				0.76,
				2.833,
				0.8,
				3,
				0.8,
				1,
				3.167,
				0.8,
				3.333,
				0.76,
				3.5,
				0.6,
				1,
				3.667,
				0.44,
				3.833,
				0.2,
				4,
				0,
				1,
				4.167,
				-0.2,
				4.333,
				-0.44,
				4.5,
				-0.6,
				1,
				4.667,
				-0.76,
				4.833,
				-0.8,
				5,
				-0.8,
				1,
				5.167,
				-0.8,
				5.333,
				-0.76,
				5.5,
				-0.6,
				1,
				5.667,
				-0.44,
				5.833,
				-0.2,
				6,
				0,
				1,
				6.167,
				0.2,
				6.333,
				0.44,
				6.5,
				0.6,
				1,
				6.667,
				0.76,
				6.833,
				0.8,
				7,
				0.8,
				1,
				7.167,
				0.8,
				7.333,
				0.796,
				7.5,
				0.6,
				1,
				7.667,
				0.404,
				7.833,
				0.047,
				8,
				0.047
			]
		},
		{
			"Target": "Parameter",
			"Id": "Param68",
			"Segments": [
				0,
				0.795,
				1,
				0.167,
				0.795,
				0.333,
				0.757,
				0.5,
				0.6,
				1,
				0.667,
				0.443,
				0.833,
				0.2,
				1,
				0,
				1,
				1.167,
				-0.2,
				1.333,
				-0.44,
				1.5,
				-0.6,
				1,
				1.667,
				-0.76,
				1.833,
				-0.8,
				2,
				-0.8,
				1,
				2.167,
				-0.8,
				2.333,
				-0.76,
				2.5,
				-0.6,
				1,
				2.667,
				-0.44,
				2.833,
				-0.2,
				3,
				0,
				1,
				3.167,
				0.2,
				3.333,
				0.44,
				3.5,
				0.6,
				1,
				3.667,
				0.76,
				3.833,
				0.8,
				4,
				0.8,
				1,
				4.167,
				0.8,
				4.333,
				0.76,
				4.5,
				0.6,
				1,
				4.667,
				0.44,
				4.833,
				0.2,
				5,
				0,
				1,
				5.167,
				-0.2,
				5.333,
				-0.44,
				5.5,
				-0.6,
				1,
				5.667,
				-0.76,
				5.833,
				-0.8,
				6,
				-0.8,
				1,
				6.167,
				-0.8,
				6.333,
				-0.76,
				6.5,
				-0.6,
				1,
				6.667,
				-0.44,
				6.833,
				-0.2,
				7,
				0,
				1,
				7.167,
				0.2,
				7.333,
				0.443,
				7.5,
				0.6,
				1,
				7.667,
				0.757,
				7.833,
				0.794,
				8,
				0.794
			]
		},
		{
			"Target": "Parameter",
			"Id": "Param69",
			"Segments": [
				0,
				0.043,
				1,
				0.167,
				0.043,
				0.333,
				-0.397,
				0.5,
				-0.6,
				1,
				0.667,
				-0.803,
				0.833,
				-0.8,
				1,
				-0.8,
				1,
				1.167,
				-0.8,
				1.333,
				-0.76,
				1.5,
				-0.6,
				1,
				1.667,
				-0.44,
				1.833,
				-0.2,
				2,
				0,
				1,
				2.167,
				0.2,
				2.333,
				0.44,
				2.5,
				0.6,
				1,
				2.667,
				0.76,
				2.833,
				0.8,
				3,
				0.8,
				1,
				3.167,
				0.8,
				3.333,
				0.76,
				3.5,
				0.6,
				1,
				3.667,
				0.44,
				3.833,
				0.2,
				4,
				0,
				1,
				4.167,
				-0.2,
				4.333,
				-0.44,
				4.5,
				-0.6,
				1,
				4.667,
				-0.76,
				4.833,
				-0.8,
				5,
				-0.8,
				1,
				5.167,
				-0.8,
				5.333,
				-0.76,
				5.5,
				-0.6,
				1,
				5.667,
				-0.44,
				5.833,
				-0.2,
				6,
				0,
				1,
				6.167,
				0.2,
				6.333,
				0.44,
				6.5,
				0.6,
				1,
				6.667,
				0.76,
				6.833,
				0.8,
				7,
				0.8,
				1,
				7.167,
				0.8,
				7.333,
				0.796,
				7.5,
				0.6,
				1,
				7.667,
				0.404,
				7.833,
				0.047,
				8,
				0.047
			]
		},
		{
			"Target": "Parameter",
			"Id": "Param70",
			"Segments": [
				0,
				0.795,
				1,
				0.167,
				0.795,
				0.333,
				0.757,
				0.5,
				0.6,
				1,
				0.667,
				0.443,
				0.833,
				0.2,
				1,
				0,
				1,
				1.167,
				-0.2,
				1.333,
				-0.44,
				1.5,
				-0.6,
				1,
				1.667,
				-0.76,
				1.833,
				-0.8,
				2,
				-0.8,
				1,
				2.167,
				-0.8,
				2.333,
				-0.76,
				2.5,
				-0.6,
				1,
				2.667,
				-0.44,
				2.833,
				-0.2,
				3,
				0,
				1,
				3.167,
				0.2,
				3.333,
				0.44,
				3.5,
				0.6,
				1,
				3.667,
				0.76,
				3.833,
				0.8,
				4,
				0.8,
				1,
				4.167,
				0.8,
				4.333,
				0.76,
				4.5,
				0.6,
				1,
				4.667,
				0.44,
				4.833,
				0.2,
				5,
				0,
				1,
				5.167,
				-0.2,
				5.333,
				-0.44,
				5.5,
				-0.6,
				1,
				5.667,
				-0.76,
				5.833,
				-0.8,
				6,
				-0.8,
				1,
				6.167,
				-0.8,
				6.333,
				-0.76,
				6.5,
				-0.6,
				1,
				6.667,
				-0.44,
				6.833,
				-0.2,
				7,
				0,
				1,
				7.167,
				0.2,
				7.333,
				0.443,
				7.5,
				0.6,
				1,
				7.667,
				0.757,
				7.833,
				0.794,
				8,
				0.794
			]
		},
		{
			"Target": "Parameter",
			"Id": "ParamMouthOpenY",
			"Segments": [
				0,
				0,
				1,
				2.667,
				0,
				5.333,
				0,
				8,
				0
			]
		},
		{
			"Target": "Parameter",
			"Id": "ParamMouthForm",
			"Segments": [
				0,
				0,
				1,
				2.667,
				0,
				5.333,
				0,
				8,
				0
			]
		},
		{
			"Target": "Parameter",
			"Id": "ParamBodyAngleX",
			"Segments": [
				0,
				0,
				1,
				0.667,
				0,
				1.333,
				10,
				2,
				10,
				1,
				2.667,
				10,
				3.333,
				-10,
				4,
				-10,
				1,
				4.778,
				-10,
				5.556,
				3,
				6.333,
				3,
				1,
				6.889,
				3,
				7.444,
				0.003,
				8,
				0.003
			]
		},
		{
			"Target": "Parameter",
			"Id": "ParamBodyAngleY",
			"Segments": [
				0,
				-0.004,
				1,
				0.711,
				-0.004,
				1.422,
				5,
				2.133,
				5,
				1,
				2.478,
				5,
				2.822,
				4.684,
				3.167,
				2,
				1,
				3.489,
				-0.511,
				3.811,
				-4,
				4.133,
				-4,
				1,
				4.911,
				-4,
				5.689,
				2,
				6.467,
				2,
				1,
				6.978,
				2,
				7.489,
				-0.002,
				8,
				-0.002
			]
		},
		{
			"Target": "Parameter",
			"Id": "ParamBodyAngleZ",
			"Segments": [
				0,
				-0.002,
				1,
				0.567,
				-0.002,
				1.133,
				-6.029,
				1.7,
				-6.029,
				1,
				2.567,
				-6.029,
				3.433,
				6.119,
				4.3,
				6.119,
				1,
				4.944,
				6.119,
				5.589,
				-4.392,
				6.233,
				-4.392,
				1,
				6.822,
				-4.392,
				7.411,
				-0.007,
				8,
				-0.007
			]
		},
		{
			"Target": "Parameter",
			"Id": "Param22",
			"Segments": [
				0,
				-0.004,
				1,
				0.667,
				-0.004,
				1.333,
				5,
				2,
				5,
				1,
				2.989,
				5,
				3.978,
				-3,
				4.967,
				-3,
				1,
				5.978,
				-3,
				6.989,
				-0.005,
				8,
				-0.005
			]
		},
		{
			"Target": "Parameter",
			"Id": "ParamBreath",
			"Segments": [
				0,
				0.003,
				1,
				0.667,
				0.003,
				1.333,
				1,
				2,
				1,
				1,
				2.667,
				1,
				3.333,
				0,
				4,
				0,
				1,
				4.667,
				0,
				5.333,
				1,
				6,
				1,
				1,
				6.667,
				1,
				7.333,
				0.004,
				8,
				0.004
			]
		},
		{
			"Target": "Parameter",
			"Id": "Param4",
			"Segments": [
				0,
				-0.005,
				1,
				0.167,
				-0.005,
				0.333,
				-0.3,
				0.5,
				-0.3,
				1,
				0.944,
				-0.3,
				1.389,
				0.5,
				1.833,
				0.5,
				1,
				2.256,
				0.5,
				2.678,
				-0.3,
				3.1,
				-0.3,
				1,
				3.544,
				-0.3,
				3.989,
				0.5,
				4.433,
				0.5,
				1,
				4.856,
				0.5,
				5.278,
				-0.3,
				5.7,
				-0.3,
				1,
				6.144,
				-0.3,
				6.589,
				0.5,
				7.033,
				0.5,
				1,
				7.356,
				0.5,
				7.678,
				-0.004,
				8,
				-0.004
			]
		},
		{
			"Target": "Parameter",
			"Id": "Param3",
			"Segments": [
				0,
				-0.005,
				1,
				0.167,
				-0.005,
				0.333,
				-0.3,
				0.5,
				-0.3,
				1,
				0.944,
				-0.3,
				1.389,
				0.5,
				1.833,
				0.5,
				1,
				2.256,
				0.5,
				2.678,
				-0.3,
				3.1,
				-0.3,
				1,
				3.544,
				-0.3,
				3.989,
				0.5,
				4.433,
				0.5,
				1,
				4.856,
				0.5,
				5.278,
				-0.3,
				5.7,
				-0.3,
				1,
				6.144,
				-0.3,
				6.589,
				0.5,
				7.033,
				0.5,
				1,
				7.356,
				0.5,
				7.678,
				-0.004,
				8,
				-0.004
			]
		},
		{
			"Target": "Parameter",
			"Id": "ParamHairFront",
			"Segments": [
				0,
				-0.003,
				1,
				0.444,
				-0.003,
				0.889,
				-0.5,
				1.333,
				-0.5,
				1,
				1.756,
				-0.5,
				2.178,
				0,
				2.6,
				0,
				1,
				3.044,
				0,
				3.489,
				-0.5,
				3.933,
				-0.5,
				1,
				4.356,
				-0.5,
				4.778,
				0,
				5.2,
				0,
				1,
				5.644,
				0,
				6.089,
				-0.5,
				6.533,
				-0.5,
				1,
				7.022,
				-0.5,
				7.511,
				-0.004,
				8,
				-0.004
			]
		},
		{
			"Target": "Parameter",
			"Id": "Param6",
			"Segments": [
				0,
				-0.111,
				1,
				0.111,
				-0.111,
				0.222,
				0,
				0.333,
				0,
				1,
				0.778,
				0,
				1.222,
				-0.5,
				1.667,
				-0.5,
				1,
				2.089,
				-0.5,
				2.511,
				0,
				2.933,
				0,
				1,
				3.378,
				0,
				3.822,
				-0.5,
				4.267,
				-0.5,
				1,
				4.689,
				-0.5,
				5.111,
				0,
				5.533,
				0,
				1,
				5.978,
				0,
				6.422,
				-0.5,
				6.867,
				-0.5,
				1,
				7.244,
				-0.5,
				7.622,
				-0.112,
				8,
				-0.112
			]
		},
		{
			"Target": "Parameter",
			"Id": "Param5",
			"Segments": [
				0,
				-0.003,
				1,
				0.444,
				-0.003,
				0.889,
				-0.5,
				1.333,
				-0.5,
				1,
				1.756,
				-0.5,
				2.178,
				0,
				2.6,
				0,
				1,
				3.044,
				0,
				3.489,
				-0.5,
				3.933,
				-0.5,
				1,
				4.356,
				-0.5,
				4.778,
				0,
				5.2,
				0,
				1,
				5.644,
				0,
				6.089,
				-0.5,
				6.533,
				-0.5,
				1,
				7.022,
				-0.5,
				7.511,
				-0.004,
				8,
				-0.004
			]
		},
		{
			"Target": "Parameter",
			"Id": "Param7",
			"Segments": [
				0,
				-0.111,
				1,
				0.111,
				-0.111,
				0.222,
				0,
				0.333,
				0,
				1,
				0.778,
				0,
				1.222,
				-0.5,
				1.667,
				-0.5,
				1,
				2.089,
				-0.5,
				2.511,
				0,
				2.933,
				0,
				1,
				3.378,
				0,
				3.822,
				-0.5,
				4.267,
				-0.5,
				1,
				4.689,
				-0.5,
				5.111,
				0,
				5.533,
				0,
				1,
				5.978,
				0,
				6.422,
				-0.5,
				6.867,
				-0.5,
				1,
				7.244,
				-0.5,
				7.622,
				-0.112,
				8,
				-0.112
			]
		},
		{
			"Target": "Parameter",
			"Id": "ParamHairSide",
			"Segments": [
				0,
				-0.016,
				1,
				0.044,
				-0.016,
				0.089,
				0,
				0.133,
				0,
				1,
				0.578,
				0,
				1.022,
				-0.5,
				1.467,
				-0.5,
				1,
				1.889,
				-0.5,
				2.311,
				0,
				2.733,
				0,
				1,
				3.178,
				0,
				3.622,
				-0.5,
				4.067,
				-0.5,
				1,
				4.489,
				-0.5,
				4.911,
				0,
				5.333,
				0,
				1,
				5.778,
				0,
				6.222,
				-0.5,
				6.667,
				-0.5,
				1,
				7.111,
				-0.5,
				7.556,
				-0.017,
				8,
				-0.017
			]
		},
		{
			"Target": "Parameter",
			"Id": "Param8",
			"Segments": [
				0,
				0.016,
				1,
				0.044,
				0.016,
				0.089,
				0,
				0.133,
				0,
				1,
				0.578,
				0,
				1.022,
				0.5,
				1.467,
				0.5,
				1,
				1.889,
				0.5,
				2.311,
				0,
				2.733,
				0,
				1,
				3.178,
				0,
				3.622,
				0.5,
				4.067,
				0.5,
				1,
				4.489,
				0.5,
				4.911,
				0,
				5.333,
				0,
				1,
				5.778,
				0,
				6.222,
				0.5,
				6.667,
				0.5,
				1,
				7.111,
				0.5,
				7.556,
				0.017,
				8,
				0.017
			]
		},
		{
			"Target": "Parameter",
			"Id": "ParamHairBack",
			"Segments": [
				0,
				0.241,
				1,
				0.122,
				0.241,
				0.244,
				0.4,
				0.367,
				0.4,
				1,
				0.811,
				0.4,
				1.256,
				-0.5,
				1.7,
				-0.5,
				1,
				2.122,
				-0.5,
				2.544,
				0.4,
				2.967,
				0.4,
				1,
				3.411,
				0.4,
				3.856,
				-0.5,
				4.3,
				-0.5,
				1,
				4.722,
				-0.5,
				5.144,
				0.4,
				5.567,
				0.4,
				1,
				6.011,
				0.4,
				6.456,
				-0.5,
				6.9,
				-0.5,
				1,
				7.267,
				-0.5,
				7.633,
				0.239,
				8,
				0.239
			]
		},
		{
			"Target": "Parameter",
			"Id": "Param73",
			"Segments": [
				0,
				0.314,
				1,
				0.289,
				0.314,
				0.578,
				0.5,
				0.867,
				0.5,
				1,
				1.167,
				0.5,
				1.467,
				-0.4,
				1.767,
				-0.4,
				1,
				2.189,
				-0.4,
				2.611,
				0.5,
				3.033,
				0.5,
				1,
				3.478,
				0.5,
				3.922,
				-0.4,
				4.367,
				-0.4,
				1,
				4.789,
				-0.4,
				5.211,
				0.5,
				5.633,
				0.5,
				1,
				6.078,
				0.5,
				6.522,
				-0.4,
				6.967,
				-0.4,
				1,
				7.311,
				-0.4,
				7.656,
				0.312,
				8,
				0.312
			]
		},
		{
			"Target": "Parameter",
			"Id": "Param76",
			"Segments": [
				0,
				-0.194,
				1,
				0.122,
				-0.194,
				0.244,
				-0.3,
				0.367,
				-0.3,
				1,
				0.811,
				-0.3,
				1.256,
				0.3,
				1.7,
				0.3,
				1,
				2.122,
				0.3,
				2.544,
				-0.3,
				2.967,
				-0.3,
				1,
				3.411,
				-0.3,
				3.856,
				0.3,
				4.3,
				0.3,
				1,
				4.722,
				0.3,
				5.144,
				-0.3,
				5.567,
				-0.3,
				1,
				6.011,
				-0.3,
				6.456,
				0.3,
				6.9,
				0.3,
				1,
				7.267,
				0.3,
				7.633,
				-0.193,
				8,
				-0.193
			]
		},
		{
			"Target": "Parameter",
			"Id": "Param77",
			"Segments": [
				0,
				-0.31,
				1,
				0.289,
				-0.31,
				0.578,
				-0.5,
				0.867,
				-0.5,
				1,
				1.167,
				-0.5,
				1.467,
				0.3,
				1.767,
				0.3,
				1,
				2.189,
				0.3,
				2.611,
				-0.5,
				3.033,
				-0.5,
				1,
				3.478,
				-0.5,
				3.922,
				0.3,
				4.367,
				0.3,
				1,
				4.789,
				0.3,
				5.211,
				-0.5,
				5.633,
				-0.5,
				1,
				6.078,
				-0.5,
				6.522,
				0.3,
				6.967,
				0.3,
				1,
				7.311,
				0.3,
				7.656,
				-0.308,
				8,
				-0.308
			]
		},
		{
			"Target": "Parameter",
			"Id": "Param10",
			"Segments": [
				0,
				0.256,
				1,
				0.256,
				0.256,
				0.511,
				0,
				0.767,
				0,
				1,
				1.211,
				0,
				1.656,
				1,
				2.1,
				1,
				1,
				2.522,
				1,
				2.944,
				0,
				3.367,
				0,
				1,
				3.811,
				0,
				4.256,
				1,
				4.7,
				1,
				1,
				5.122,
				1,
				5.544,
				0,
				5.967,
				0,
				1,
				6.411,
				0,
				6.856,
				1,
				7.3,
				1,
				1,
				7.533,
				1,
				7.767,
				0.26,
				8,
				0.26
			]
		},
		{
			"Target": "Parameter",
			"Id": "Param78",
			"Segments": [
				0,
				0.066,
				1,
				0.244,
				0.066,
				0.489,
				-0.4,
				0.733,
				-0.4,
				1,
				1.178,
				-0.4,
				1.622,
				0.5,
				2.067,
				0.5,
				1,
				2.489,
				0.5,
				2.911,
				-0.4,
				3.333,
				-0.4,
				1,
				3.778,
				-0.4,
				4.222,
				0.5,
				4.667,
				0.5,
				1,
				5.089,
				0.5,
				5.511,
				-0.4,
				5.933,
				-0.4,
				1,
				6.378,
				-0.4,
				6.822,
				0.5,
				7.267,
				0.5,
				1,
				7.511,
				0.5,
				7.756,
				0.069,
				8,
				0.069
			]
		},
		{
			"Target": "Parameter",
			"Id": "Param79",
			"Segments": [
				0,
				0.128,
				1,
				0.267,
				0.128,
				0.533,
				-0.6,
				0.8,
				-0.6,
				1,
				1.244,
				-0.6,
				1.689,
				0.5,
				2.133,
				0.5,
				1,
				2.556,
				0.5,
				2.978,
				-0.6,
				3.4,
				-0.6,
				1,
				3.844,
				-0.6,
				4.289,
				0.5,
				4.733,
				0.5,
				1,
				5.156,
				0.5,
				5.578,
				-0.6,
				6,
				-0.6,
				1,
				6.444,
				-0.6,
				6.889,
				0.5,
				7.333,
				0.5,
				1,
				7.556,
				0.5,
				7.778,
				0.131,
				8,
				0.131
			]
		},
		{
			"Target": "Parameter",
			"Id": "Param11",
			"Segments": [
				0,
				0.169,
				1,
				0.156,
				0.169,
				0.311,
				0,
				0.467,
				0,
				1,
				0.911,
				0,
				1.356,
				0.5,
				1.8,
				0.5,
				1,
				2.222,
				0.5,
				2.644,
				0,
				3.067,
				0,
				1,
				3.511,
				0,
				3.956,
				0.5,
				4.4,
				0.5,
				1,
				4.822,
				0.5,
				5.244,
				0,
				5.667,
				0,
				1,
				6.111,
				0,
				6.556,
				0.5,
				7,
				0.5,
				1,
				7.333,
				0.5,
				7.667,
				0.17,
				8,
				0.17
			]
		},
		{
			"Target": "Parameter",
			"Id": "Param9",
			"Segments": [
				0,
				0.099,
				1,
				0.244,
				0.099,
				0.489,
				-0.4,
				0.733,
				-0.4,
				1,
				1.178,
				-0.4,
				1.622,
				0.5,
				2.067,
				0.5,
				1,
				2.489,
				0.5,
				2.911,
				-0.4,
				3.333,
				-0.4,
				1,
				3.778,
				-0.4,
				4.222,
				0.5,
				4.667,
				0.5,
				1,
				5.089,
				0.5,
				5.511,
				-0.4,
				5.933,
				-0.4,
				1,
				6.378,
				-0.4,
				6.822,
				0.5,
				7.267,
				0.5,
				1,
				7.511,
				0.5,
				7.756,
				0.102,
				8,
				0.102
			]
		},
		{
			"Target": "Parameter",
			"Id": "Param82",
			"Segments": [
				0,
				0.09,
				1,
				0.267,
				0.09,
				0.533,
				-0.6,
				0.8,
				-0.6,
				1,
				1.244,
				-0.6,
				1.689,
				0.5,
				2.133,
				0.5,
				1,
				2.556,
				0.5,
				2.978,
				-0.6,
				3.4,
				-0.6,
				1,
				3.844,
				-0.6,
				4.289,
				0.5,
				4.733,
				0.5,
				1,
				5.156,
				0.5,
				5.578,
				-0.6,
				6,
				-0.6,
				1,
				6.444,
				-0.6,
				6.889,
				0.5,
				7.333,
				0.5,
				1,
				7.556,
				0.5,
				7.778,
				0.092,
				8,
				0.092
			]
		},
		{
			"Target": "Parameter",
			"Id": "Param12",
			"Segments": [
				0,
				0.265,
				1,
				0.344,
				0.265,
				0.689,
				0,
				1.033,
				0,
				1,
				1.478,
				0,
				1.922,
				0.3,
				2.367,
				0.3,
				1,
				2.789,
				0.3,
				3.211,
				0,
				3.633,
				0,
				1,
				4.078,
				0,
				4.522,
				0.3,
				4.967,
				0.3,
				1,
				5.389,
				0.3,
				5.811,
				0,
				6.233,
				0,
				1,
				6.678,
				0,
				7.122,
				0.3,
				7.567,
				0.3,
				1,
				7.711,
				0.3,
				7.856,
				0.266,
				8,
				0.266
			]
		},
		{
			"Target": "Parameter",
			"Id": "Param14",
			"Segments": [
				0,
				0.169,
				1,
				0.156,
				0.169,
				0.311,
				0,
				0.467,
				0,
				1,
				0.911,
				0,
				1.356,
				0.5,
				1.8,
				0.5,
				1,
				2.222,
				0.5,
				2.644,
				0,
				3.067,
				0,
				1,
				3.511,
				0,
				3.956,
				0.5,
				4.4,
				0.5,
				1,
				4.822,
				0.5,
				5.244,
				0,
				5.667,
				0,
				1,
				6.111,
				0,
				6.556,
				0.5,
				7,
				0.5,
				1,
				7.333,
				0.5,
				7.667,
				0.17,
				8,
				0.17
			]
		},
		{
			"Target": "Parameter",
			"Id": "Param13",
			"Segments": [
				0,
				0.256,
				1,
				0.256,
				0.256,
				0.511,
				0,
				0.767,
				0,
				1,
				1.211,
				0,
				1.656,
				1,
				2.1,
				1,
				1,
				2.522,
				1,
				2.944,
				0,
				3.367,
				0,
				1,
				3.811,
				0,
				4.256,
				1,
				4.7,
				1,
				1,
				5.122,
				1,
				5.544,
				0,
				5.967,
				0,
				1,
				6.411,
				0,
				6.856,
				1,
				7.3,
				1,
				1,
				7.533,
				1,
				7.767,
				0.26,
				8,
				0.26
			]
		},
		{
			"Target": "Parameter",
			"Id": "Param15",
			"Segments": [
				0,
				0.265,
				1,
				0.344,
				0.265,
				0.689,
				0,
				1.033,
				0,
				1,
				1.478,
				0,
				1.922,
				0.3,
				2.367,
				0.3,
				1,
				2.789,
				0.3,
				3.211,
				0,
				3.633,
				0,
				1,
				4.078,
				0,
				4.522,
				0.3,
				4.967,
				0.3,
				1,
				5.389,
				0.3,
				5.811,
				0,
				6.233,
				0,
				1,
				6.678,
				0,
				7.122,
				0.3,
				7.567,
				0.3,
				1,
				7.711,
				0.3,
				7.856,
				0.266,
				8,
				0.266
			]
		},
		{
			"Target": "Parameter",
			"Id": "Param16",
			"Segments": [
				0,
				-0.006,
				1,
				0.444,
				-0.006,
				0.889,
				-1,
				1.333,
				-1,
				1,
				1.756,
				-1,
				2.178,
				0,
				2.6,
				0,
				1,
				3.044,
				0,
				3.489,
				-1,
				3.933,
				-1,
				1,
				4.356,
				-1,
				4.778,
				0,
				5.2,
				0,
				1,
				5.644,
				0,
				6.089,
				-1,
				6.533,
				-1,
				1,
				7.022,
				-1,
				7.511,
				-0.008,
				8,
				-0.008
			]
		},
		{
			"Target": "Parameter",
			"Id": "Param17",
			"Segments": [
				0,
				-0.737,
				1,
				0.167,
				-0.737,
				0.333,
				0,
				0.5,
				0,
				1,
				0.944,
				0,
				1.389,
				-2,
				1.833,
				-2,
				1,
				2.256,
				-2,
				2.678,
				0,
				3.1,
				0,
				1,
				3.544,
				0,
				3.989,
				-2,
				4.433,
				-2,
				1,
				4.856,
				-2,
				5.278,
				0,
				5.7,
				0,
				1,
				6.144,
				0,
				6.589,
				-2,
				7.033,
				-2,
				1,
				7.356,
				-2,
				7.678,
				-0.741,
				8,
				-0.741
			]
		},
		{
			"Target": "Parameter",
			"Id": "Param18",
			"Segments": [
				0,
				-0.013,
				1,
				0.444,
				-0.013,
				0.889,
				-2,
				1.333,
				-2,
				1,
				1.756,
				-2,
				2.178,
				-0.851,
				2.6,
				0,
				1,
				3.044,
				0.896,
				3.489,
				1,
				3.933,
				1,
				1,
				4.356,
				1,
				4.778,
				0.88,
				5.2,
				0,
				1,
				5.644,
				-0.927,
				6.089,
				-2,
				6.533,
				-2,
				1,
				7.022,
				-2,
				7.511,
				-0.015,
				8,
				-0.015
			]
		},
		{
			"Target": "Parameter",
			"Id": "Param19",
			"Segments": [
				0,
				-1.106,
				1,
				0.167,
				-1.106,
				0.333,
				0,
				0.5,
				0,
				1,
				0.944,
				0,
				1.389,
				-3,
				1.833,
				-3,
				1,
				2.256,
				-3,
				2.678,
				-1.947,
				3.1,
				0,
				1,
				3.544,
				2.05,
				3.989,
				3,
				4.433,
				3,
				1,
				4.856,
				3,
				5.278,
				1.947,
				5.7,
				0,
				1,
				6.144,
				-2.05,
				6.589,
				-3,
				7.033,
				-3,
				1,
				7.356,
				-3,
				7.678,
				-1.112,
				8,
				-1.112
			]
		},
		{
			"Target": "Parameter",
			"Id": "Param85",
			"Segments": [
				0,
				4,
				1,
				0.311,
				4,
				0.622,
				-4,
				0.933,
				-4,
				1,
				1.267,
				-4,
				1.6,
				-4,
				1.933,
				-4,
				1,
				2.267,
				-4,
				2.6,
				4,
				2.933,
				4,
				1,
				3.289,
				4,
				3.644,
				4,
				4,
				4,
				1,
				4.311,
				4,
				4.622,
				-4,
				4.933,
				-4,
				1,
				5.267,
				-4,
				5.6,
				-4,
				5.933,
				-4,
				1,
				6.267,
				-4,
				6.6,
				4,
				6.933,
				4,
				1,
				7.289,
				4,
				7.644,
				4,
				8,
				4
			]
		},
		{
			"Target": "Parameter",
			"Id": "Param88",
			"Segments": [
				0,
				3.802,
				1,
				0.311,
				3.802,
				0.622,
				4,
				0.933,
				4,
				1,
				1.267,
				4,
				1.6,
				-4,
				1.933,
				-4,
				1,
				2.267,
				-4,
				2.6,
				-4,
				2.933,
				-4,
				1,
				3.289,
				-4,
				3.644,
				4,
				4,
				4,
				1,
				4.311,
				4,
				4.622,
				4,
				4.933,
				4,
				1,
				5.267,
				4,
				5.6,
				-4,
				5.933,
				-4,
				1,
				6.267,
				-4,
				6.6,
				-4,
				6.933,
				-4,
				1,
				7.289,
				-4,
				7.644,
				3.781,
				8,
				3.781
			]
		},
		{
			"Target": "Parameter",
			"Id": "Param86",
			"Segments": [
				0,
				-3.802,
				1,
				0.311,
				-3.802,
				0.622,
				-4,
				0.933,
				-4,
				1,
				1.267,
				-4,
				1.6,
				4,
				1.933,
				4,
				1,
				2.267,
				4,
				2.6,
				4,
				2.933,
				4,
				1,
				3.289,
				4,
				3.644,
				-4,
				4,
				-4,
				1,
				4.311,
				-4,
				4.622,
				-4,
				4.933,
				-4,
				1,
				5.267,
				-4,
				5.6,
				4,
				5.933,
				4,
				1,
				6.267,
				4,
				6.6,
				4,
				6.933,
				4,
				1,
				7.289,
				4,
				7.644,
				-3.781,
				8,
				-3.781
			]
		},
		{
			"Target": "Parameter",
			"Id": "Param87",
			"Segments": [
				0,
				4,
				1,
				0.311,
				4,
				0.622,
				-4,
				0.933,
				-4,
				1,
				1.267,
				-4,
				1.6,
				-4,
				1.933,
				-4,
				1,
				2.267,
				-4,
				2.6,
				4,
				2.933,
				4,
				1,
				3.289,
				4,
				3.644,
				4,
				4,
				4,
				1,
				4.311,
				4,
				4.622,
				-4,
				4.933,
				-4,
				1,
				5.267,
				-4,
				5.6,
				-4,
				5.933,
				-4,
				1,
				6.267,
				-4,
				6.6,
				4,
				6.933,
				4,
				1,
				7.289,
				4,
				7.644,
				4,
				8,
				4
			]
		},
		{
			"Target": "Parameter",
			"Id": "Param20",
			"Segments": [
				0,
				-3.802,
				1,
				0.311,
				-3.802,
				0.622,
				-4,
				0.933,
				-4,
				1,
				1.267,
				-4,
				1.6,
				4,
				1.933,
				4,
				1,
				2.267,
				4,
				2.6,
				4,
				2.933,
				4,
				1,
				3.289,
				4,
				3.644,
				-4,
				4,
				-4,
				1,
				4.311,
				-4,
				4.622,
				-4,
				4.933,
				-4,
				1,
				5.267,
				-4,
				5.6,
				4,
				5.933,
				4,
				1,
				6.267,
				4,
				6.6,
				4,
				6.933,
				4,
				1,
				7.289,
				4,
				7.644,
				-3.781,
				8,
				-3.781
			]
		},
		{
			"Target": "Parameter",
			"Id": "Param89",
			"Segments": [
				0,
				4,
				1,
				0.311,
				4,
				0.622,
				-4,
				0.933,
				-4,
				1,
				1.267,
				-4,
				1.6,
				-4,
				1.933,
				-4,
				1,
				2.267,
				-4,
				2.6,
				4,
				2.933,
				4,
				1,
				3.289,
				4,
				3.644,
				4,
				4,
				4,
				1,
				4.311,
				4,
				4.622,
				-4,
				4.933,
				-4,
				1,
				5.267,
				-4,
				5.6,
				-4,
				5.933,
				-4,
				1,
				6.267,
				-4,
				6.6,
				4,
				6.933,
				4,
				1,
				7.289,
				4,
				7.644,
				4,
				8,
				4
			]
		},
		{
			"Target": "Parameter",
			"Id": "Param21",
			"Segments": [
				0,
				-3.802,
				1,
				0.311,
				-3.802,
				0.622,
				-4,
				0.933,
				-4,
				1,
				1.267,
				-4,
				1.6,
				4,
				1.933,
				4,
				1,
				2.267,
				4,
				2.6,
				4,
				2.933,
				4,
				1,
				3.289,
				4,
				3.644,
				-4,
				4,
				-4,
				1,
				4.311,
				-4,
				4.622,
				-4,
				4.933,
				-4,
				1,
				5.267,
				-4,
				5.6,
				4,
				5.933,
				4,
				1,
				6.267,
				4,
				6.6,
				4,
				6.933,
				4,
				1,
				7.289,
				4,
				7.644,
				-3.781,
				8,
				-3.781
			]
		},
		{
			"Target": "Parameter",
			"Id": "Param90",
			"Segments": [
				0,
				4,
				1,
				0.311,
				4,
				0.622,
				-4,
				0.933,
				-4,
				1,
				1.267,
				-4,
				1.6,
				-4,
				1.933,
				-4,
				1,
				2.267,
				-4,
				2.6,
				4,
				2.933,
				4,
				1,
				3.289,
				4,
				3.644,
				4,
				4,
				4,
				1,
				4.311,
				4,
				4.622,
				-4,
				4.933,
				-4,
				1,
				5.267,
				-4,
				5.6,
				-4,
				5.933,
				-4,
				1,
				6.267,
				-4,
				6.6,
				4,
				6.933,
				4,
				1,
				7.289,
				4,
				7.644,
				4,
				8,
				4
			]
		},
		{
			"Target": "Parameter",
			"Id": "Param24",
			"Segments": [
				0,
				-2,
				1,
				0.422,
				-2,
				0.844,
				4,
				1.267,
				4,
				1,
				1.433,
				4,
				1.6,
				4,
				1.767,
				4,
				1,
				1.933,
				4,
				2.1,
				4,
				2.267,
				4,
				1,
				2.433,
				4,
				2.6,
				3.333,
				2.767,
				2,
				1,
				2.933,
				0.667,
				3.1,
				0,
				3.267,
				0,
				1,
				3.433,
				0,
				3.6,
				1,
				3.767,
				1,
				1,
				3.933,
				1,
				4.1,
				1,
				4.267,
				1,
				1,
				4.433,
				1,
				4.6,
				0.941,
				4.767,
				2,
				1,
				4.933,
				3.059,
				5.1,
				6,
				5.267,
				6,
				1,
				5.433,
				6,
				5.6,
				5.142,
				5.767,
				4,
				1,
				5.933,
				2.858,
				6.1,
				1.8,
				6.267,
				1,
				1,
				6.433,
				0.2,
				6.6,
				-0.333,
				6.767,
				-1,
				1,
				6.933,
				-1.667,
				7.1,
				-2,
				7.267,
				-2,
				1,
				7.511,
				-2,
				7.756,
				-2,
				8,
				-2
			]
		},
		{
			"Target": "Parameter",
			"Id": "Param23",
			"Segments": [
				0,
				-2,
				1,
				0.456,
				-2,
				0.911,
				-0.372,
				1.367,
				2,
				1,
				1.533,
				2.868,
				1.7,
				3,
				1.867,
				3,
				1,
				2.033,
				3,
				2.2,
				3,
				2.367,
				3,
				1,
				2.533,
				3,
				2.7,
				2.888,
				2.867,
				2,
				1,
				3.033,
				1.112,
				3.2,
				0,
				3.367,
				0,
				1,
				3.533,
				0,
				3.7,
				1,
				3.867,
				1,
				1,
				4.033,
				1,
				4.2,
				1,
				4.367,
				1,
				1,
				4.533,
				1,
				4.7,
				1.004,
				4.867,
				2,
				1,
				5.033,
				2.996,
				5.2,
				5,
				5.367,
				5,
				1,
				5.533,
				5,
				5.7,
				4.8,
				5.867,
				4,
				1,
				6.033,
				3.2,
				6.2,
				1.8,
				6.367,
				1,
				1,
				6.533,
				0.2,
				6.7,
				-0.333,
				6.867,
				-1,
				1,
				7.033,
				-1.667,
				7.2,
				-2,
				7.367,
				-2,
				1,
				7.578,
				-2,
				7.789,
				-2,
				8,
				-2
			]
		},
		{
			"Target": "Parameter",
			"Id": "Param74",
			"Segments": [
				0,
				3.562,
				1,
				0.089,
				3.562,
				0.178,
				1.309,
				0.267,
				0,
				1,
				0.433,
				-2.454,
				0.6,
				-4.402,
				0.767,
				-6,
				1,
				0.933,
				-7.598,
				1.1,
				-8,
				1.267,
				-8,
				1,
				1.433,
				-8,
				1.6,
				-7.598,
				1.767,
				-6,
				1,
				1.933,
				-4.402,
				2.1,
				-1.818,
				2.267,
				0,
				1,
				2.433,
				1.818,
				2.6,
				3.182,
				2.767,
				5,
				1,
				2.933,
				6.818,
				3.1,
				8,
				3.267,
				8,
				1,
				3.433,
				8,
				3.6,
				7.598,
				3.767,
				6,
				1,
				3.933,
				4.402,
				4.1,
				2,
				4.267,
				0,
				1,
				4.433,
				-2,
				4.6,
				-4.402,
				4.767,
				-6,
				1,
				4.933,
				-7.598,
				5.1,
				-8,
				5.267,
				-8,
				1,
				5.433,
				-8,
				5.6,
				-7.598,
				5.767,
				-6,
				1,
				5.933,
				-4.402,
				6.1,
				-2,
				6.267,
				0,
				1,
				6.433,
				2,
				6.6,
				4.402,
				6.767,
				6,
				1,
				6.933,
				7.598,
				7.1,
				8,
				7.267,
				8,
				1,
				7.433,
				8,
				7.6,
				7.642,
				7.767,
				6,
				1,
				7.844,
				5.234,
				7.922,
				3.631,
				8,
				3.631
			]
		},
		{
			"Target": "Parameter",
			"Id": "Param75",
			"Segments": [
				0,
				7.23,
				1,
				0.089,
				7.23,
				0.178,
				8,
				0.267,
				8,
				1,
				0.433,
				8,
				0.6,
				7.598,
				0.767,
				6,
				1,
				0.933,
				4.402,
				1.1,
				2,
				1.267,
				0,
				1,
				1.433,
				-2,
				1.6,
				-4.402,
				1.767,
				-6,
				1,
				1.933,
				-7.598,
				2.1,
				-8,
				2.267,
				-8,
				1,
				2.433,
				-8,
				2.6,
				-8.031,
				2.767,
				-7,
				1,
				2.933,
				-5.969,
				3.1,
				-2.153,
				3.267,
				0,
				1,
				3.433,
				2.153,
				3.6,
				4.402,
				3.767,
				6,
				1,
				3.933,
				7.598,
				4.1,
				8,
				4.267,
				8,
				1,
				4.433,
				8,
				4.6,
				7.598,
				4.767,
				6,
				1,
				4.933,
				4.402,
				5.1,
				2,
				5.267,
				0,
				1,
				5.433,
				-2,
				5.6,
				-4.402,
				5.767,
				-6,
				1,
				5.933,
				-7.598,
				6.1,
				-8,
				6.267,
				-8,
				1,
				6.433,
				-8,
				6.6,
				-7.598,
				6.767,
				-6,
				1,
				6.933,
				-4.402,
				7.1,
				-2,
				7.267,
				0,
				1,
				7.433,
				2,
				7.6,
				4.092,
				7.767,
				6,
				1,
				7.844,
				6.891,
				7.922,
				7.217,
				8,
				7.217
			]
		},
		{
			"Target": "Parameter",
			"Id": "Param26",
			"Segments": [
				0,
				0.339,
				1,
				0.167,
				0.339,
				0.333,
				-3.079,
				0.5,
				-5,
				1,
				0.667,
				-6.921,
				0.833,
				-7,
				1,
				-7,
				1,
				1.167,
				-7,
				1.333,
				-6.481,
				1.5,
				-5,
				1,
				1.667,
				-3.519,
				1.833,
				-1.667,
				2,
				0,
				1,
				2.167,
				1.667,
				2.333,
				3.519,
				2.5,
				5,
				1,
				2.667,
				6.481,
				2.833,
				7,
				3,
				7,
				1,
				3.167,
				7,
				3.333,
				6.481,
				3.5,
				5,
				1,
				3.667,
				3.519,
				3.833,
				1.667,
				4,
				0,
				1,
				4.167,
				-1.667,
				4.333,
				-3.519,
				4.5,
				-5,
				1,
				4.667,
				-6.481,
				4.833,
				-7,
				5,
				-7,
				1,
				5.167,
				-7,
				5.333,
				-6.481,
				5.5,
				-5,
				1,
				5.667,
				-3.519,
				5.833,
				-1.667,
				6,
				0,
				1,
				6.167,
				1.667,
				6.333,
				3.519,
				6.5,
				5,
				1,
				6.667,
				6.481,
				6.833,
				7,
				7,
				7,
				1,
				7.167,
				7,
				7.333,
				6.849,
				7.5,
				5,
				1,
				7.667,
				3.151,
				7.833,
				0.37,
				8,
				0.37
			]
		},
		{
			"Target": "Parameter",
			"Id": "Param71",
			"Segments": [
				0,
				6.934,
				1,
				0.167,
				6.934,
				0.333,
				6.453,
				0.5,
				5,
				1,
				0.667,
				3.547,
				0.833,
				1.667,
				1,
				0,
				1,
				1.167,
				-1.667,
				1.333,
				-3.519,
				1.5,
				-5,
				1,
				1.667,
				-6.481,
				1.833,
				-7,
				2,
				-7,
				1,
				2.167,
				-7,
				2.333,
				-6.481,
				2.5,
				-5,
				1,
				2.667,
				-3.519,
				2.833,
				-1.667,
				3,
				0,
				1,
				3.167,
				1.667,
				3.333,
				3.519,
				3.5,
				5,
				1,
				3.667,
				6.481,
				3.833,
				7,
				4,
				7,
				1,
				4.167,
				7,
				4.333,
				6.481,
				4.5,
				5,
				1,
				4.667,
				3.519,
				4.833,
				1.667,
				5,
				0,
				1,
				5.167,
				-1.667,
				5.333,
				-3.519,
				5.5,
				-5,
				1,
				5.667,
				-6.481,
				5.833,
				-7,
				6,
				-7,
				1,
				6.167,
				-7,
				6.333,
				-6.481,
				6.5,
				-5,
				1,
				6.667,
				-3.519,
				6.833,
				-1.667,
				7,
				0,
				1,
				7.167,
				1.667,
				7.333,
				3.549,
				7.5,
				5,
				1,
				7.667,
				6.451,
				7.833,
				6.929,
				8,
				6.929
			]
		},
		{
			"Target": "Parameter",
			"Id": "Param25",
			"Segments": [
				0,
				0.339,
				1,
				0.167,
				0.339,
				0.333,
				-3.079,
				0.5,
				-5,
				1,
				0.667,
				-6.921,
				0.833,
				-7,
				1,
				-7,
				1,
				1.167,
				-7,
				1.333,
				-6.481,
				1.5,
				-5,
				1,
				1.667,
				-3.519,
				1.833,
				-1.667,
				2,
				0,
				1,
				2.167,
				1.667,
				2.333,
				3.519,
				2.5,
				5,
				1,
				2.667,
				6.481,
				2.833,
				7,
				3,
				7,
				1,
				3.167,
				7,
				3.333,
				6.481,
				3.5,
				5,
				1,
				3.667,
				3.519,
				3.833,
				1.667,
				4,
				0,
				1,
				4.167,
				-1.667,
				4.333,
				-3.519,
				4.5,
				-5,
				1,
				4.667,
				-6.481,
				4.833,
				-7,
				5,
				-7,
				1,
				5.167,
				-7,
				5.333,
				-6.481,
				5.5,
				-5,
				1,
				5.667,
				-3.519,
				5.833,
				-1.667,
				6,
				0,
				1,
				6.167,
				1.667,
				6.333,
				3.519,
				6.5,
				5,
				1,
				6.667,
				6.481,
				6.833,
				7,
				7,
				7,
				1,
				7.167,
				7,
				7.333,
				6.849,
				7.5,
				5,
				1,
				7.667,
				3.151,
				7.833,
				0.37,
				8,
				0.37
			]
		},
		{
			"Target": "Parameter",
			"Id": "Param72",
			"Segments": [
				0,
				6.934,
				1,
				0.167,
				6.934,
				0.333,
				6.453,
				0.5,
				5,
				1,
				0.667,
				3.547,
				0.833,
				1.667,
				1,
				0,
				1,
				1.167,
				-1.667,
				1.333,
				-3.519,
				1.5,
				-5,
				1,
				1.667,
				-6.481,
				1.833,
				-7,
				2,
				-7,
				1,
				2.167,
				-7,
				2.333,
				-6.481,
				2.5,
				-5,
				1,
				2.667,
				-3.519,
				2.833,
				-1.667,
				3,
				0,
				1,
				3.167,
				1.667,
				3.333,
				3.519,
				3.5,
				5,
				1,
				3.667,
				6.481,
				3.833,
				7,
				4,
				7,
				1,
				4.167,
				7,
				4.333,
				6.481,
				4.5,
				5,
				1,
				4.667,
				3.519,
				4.833,
				1.667,
				5,
				0,
				1,
				5.167,
				-1.667,
				5.333,
				-3.519,
				5.5,
				-5,
				1,
				5.667,
				-6.481,
				5.833,
				-7,
				6,
				-7,
				1,
				6.167,
				-7,
				6.333,
				-6.481,
				6.5,
				-5,
				1,
				6.667,
				-3.519,
				6.833,
				-1.667,
				7,
				0,
				1,
				7.167,
				1.667,
				7.333,
				3.549,
				7.5,
				5,
				1,
				7.667,
				6.451,
				7.833,
				6.929,
				8,
				6.929
			]
		},
		{
			"Target": "Parameter",
			"Id": "Param27",
			"Segments": [
				0,
				-0.792,
				1,
				0.056,
				-0.792,
				0.111,
				-1,
				0.167,
				-1,
				1,
				0.611,
				-1,
				1.056,
				1,
				1.5,
				1,
				1,
				1.944,
				1,
				2.389,
				-2,
				2.833,
				-2,
				1,
				3.278,
				-2,
				3.722,
				2,
				4.167,
				2,
				1,
				4.611,
				2,
				5.056,
				-1,
				5.5,
				-1,
				1,
				5.944,
				-1,
				6.389,
				1,
				6.833,
				1,
				1,
				7.222,
				1,
				7.611,
				-0.788,
				8,
				-0.788
			]
		},
		{
			"Target": "Parameter",
			"Id": "Param83",
			"Segments": [
				0,
				0.688,
				1,
				0.078,
				0.688,
				0.156,
				1,
				0.233,
				1,
				1,
				0.678,
				1,
				1.122,
				-1,
				1.567,
				-1,
				1,
				2.011,
				-1,
				2.456,
				2,
				2.9,
				2,
				1,
				3.344,
				2,
				3.789,
				-2,
				4.233,
				-2,
				1,
				4.678,
				-2,
				5.122,
				1,
				5.567,
				1,
				1,
				6.011,
				1,
				6.456,
				-1,
				6.9,
				-1,
				1,
				7.267,
				-1,
				7.633,
				0.683,
				8,
				0.683
			]
		},
		{
			"Target": "Parameter",
			"Id": "Param84",
			"Segments": [
				0,
				1.006,
				1,
				0.111,
				1.006,
				0.222,
				2,
				0.333,
				2,
				1,
				0.778,
				2,
				1.222,
				-2,
				1.667,
				-2,
				1,
				2.111,
				-2,
				2.556,
				3,
				3,
				3,
				1,
				3.444,
				3,
				3.889,
				-3,
				4.333,
				-3,
				1,
				4.778,
				-3,
				5.222,
				2,
				5.667,
				2,
				1,
				6.111,
				2,
				6.556,
				-2,
				7,
				-2,
				1,
				7.333,
				-2,
				7.667,
				0.997,
				8,
				0.997
			]
		},
		{
			"Target": "Parameter",
			"Id": "Param30",
			"Segments": [
				0,
				0,
				1,
				0.444,
				0,
				0.889,
				0.5,
				1.333,
				0.5,
				1,
				1.722,
				0.5,
				2.111,
				0,
				2.5,
				0,
				1,
				2.911,
				0,
				3.322,
				0.5,
				3.733,
				0.5,
				1,
				4.189,
				0.5,
				4.644,
				0,
				5.1,
				0,
				1,
				5.544,
				0,
				5.989,
				0.5,
				6.433,
				0.5,
				1,
				6.956,
				0.5,
				7.478,
				0.001,
				8,
				0.001
			]
		},
		{
			"Target": "Parameter",
			"Id": "Param40",
			"Segments": [
				0,
				0,
				1,
				0.667,
				0,
				1.333,
				-0.5,
				2,
				-0.5,
				1,
				2.667,
				-0.5,
				3.333,
				0,
				4,
				0,
				1,
				4.667,
				0,
				5.333,
				-0.5,
				6,
				-0.5,
				1,
				6.667,
				-0.5,
				7.333,
				0,
				8,
				0
			]
		},
		{
			"Target": "Parameter",
			"Id": "Param29",
			"Segments": [
				0,
				0,
				1,
				2.667,
				0,
				5.333,
				0,
				8,
				0
			]
		},
		{
			"Target": "Parameter",
			"Id": "Param28",
			"Segments": [
				0,
				0,
				1,
				0.333,
				0,
				0.667,
				1,
				1,
				1,
				1,
				1.333,
				1,
				1.667,
				0,
				2,
				0,
				1,
				2.333,
				0,
				2.667,
				1,
				3,
				1,
				1,
				3.333,
				1,
				3.667,
				0,
				4,
				0,
				1,
				4.333,
				0,
				4.667,
				1,
				5,
				1,
				1,
				5.333,
				1,
				5.667,
				0,
				6,
				0,
				1,
				6.333,
				0,
				6.667,
				1,
				7,
				1,
				1,
				7.333,
				1,
				7.667,
				0.003,
				8,
				0.003
			]
		},
		{
			"Target": "Parameter",
			"Id": "Param31",
			"Segments": [
				0,
				0.5,
				1,
				0.444,
				0.5,
				0.889,
				0,
				1.333,
				0,
				1,
				1.722,
				0,
				2.111,
				0.5,
				2.5,
				0.5,
				1,
				2.911,
				0.5,
				3.322,
				0,
				3.733,
				0,
				1,
				4.189,
				0,
				4.644,
				0.5,
				5.1,
				0.5,
				1,
				5.544,
				0.5,
				5.989,
				0,
				6.433,
				0,
				1,
				6.956,
				0,
				7.478,
				0.499,
				8,
				0.499
			]
		},
		{
			"Target": "Parameter",
			"Id": "Param41",
			"Segments": [
				0,
				0,
				1,
				0.667,
				0,
				1.333,
				0.3,
				2,
				0.3,
				1,
				2.667,
				0.3,
				3.333,
				0,
				4,
				0,
				1,
				4.667,
				0,
				5.333,
				0.3,
				6,
				0.3,
				1,
				6.667,
				0.3,
				7.333,
				0,
				8,
				0
			]
		},
		{
			"Target": "Parameter",
			"Id": "Param32",
			"Segments": [
				0,
				0,
				1,
				2.667,
				0,
				5.333,
				0,
				8,
				0
			]
		},
		{
			"Target": "Parameter",
			"Id": "Param33",
			"Segments": [
				0,
				0.583,
				1,
				0.167,
				0.583,
				0.333,
				0,
				0.5,
				0,
				1,
				0.833,
				0,
				1.167,
				1,
				1.5,
				1,
				1,
				1.833,
				1,
				2.167,
				0,
				2.5,
				0,
				1,
				2.833,
				0,
				3.167,
				1,
				3.5,
				1,
				1,
				3.833,
				1,
				4.167,
				0,
				4.5,
				0,
				1,
				4.833,
				0,
				5.167,
				1,
				5.5,
				1,
				1,
				5.833,
				1,
				6.167,
				0,
				6.5,
				0,
				1,
				6.833,
				0,
				7.167,
				1,
				7.5,
				1,
				1,
				7.667,
				1,
				7.833,
				0.588,
				8,
				0.588
			]
		},
		{
			"Target": "Parameter",
			"Id": "Param34",
			"Segments": [
				0,
				0.216,
				1,
				0.222,
				0.216,
				0.444,
				0,
				0.667,
				0,
				1,
				1.111,
				0,
				1.556,
				0.5,
				2,
				0.5,
				1,
				2.389,
				0.5,
				2.778,
				0,
				3.167,
				0,
				1,
				3.611,
				0,
				4.056,
				0.5,
				4.5,
				0.5,
				1,
				4.922,
				0.5,
				5.344,
				0,
				5.767,
				0,
				1,
				6.211,
				0,
				6.656,
				0.5,
				7.1,
				0.5,
				1,
				7.4,
				0.5,
				7.7,
				0.217,
				8,
				0.217
			]
		},
		{
			"Target": "Parameter",
			"Id": "Param44",
			"Segments": [
				0,
				0,
				1,
				0.444,
				0,
				0.889,
				0.5,
				1.333,
				0.5,
				1,
				1.722,
				0.5,
				2.111,
				0,
				2.5,
				0,
				1,
				2.944,
				0,
				3.389,
				0.5,
				3.833,
				0.5,
				1,
				4.256,
				0.5,
				4.678,
				0,
				5.1,
				0,
				1,
				5.544,
				0,
				5.989,
				0.5,
				6.433,
				0.5,
				1,
				6.956,
				0.5,
				7.478,
				0.001,
				8,
				0.001
			]
		},
		{
			"Target": "Parameter",
			"Id": "Param42",
			"Segments": [
				0,
				-0.3,
				1,
				0.333,
				-0.3,
				0.667,
				0.3,
				1,
				0.3,
				1,
				1.333,
				0.3,
				1.667,
				-0.3,
				2,
				-0.3,
				1,
				2.333,
				-0.3,
				2.667,
				0.3,
				3,
				0.3,
				1,
				3.333,
				0.3,
				3.667,
				-0.3,
				4,
				-0.3,
				1,
				4.333,
				-0.3,
				4.667,
				0.3,
				5,
				0.3,
				1,
				5.333,
				0.3,
				5.667,
				-0.3,
				6,
				-0.3,
				1,
				6.333,
				-0.3,
				6.667,
				0.3,
				7,
				0.3,
				1,
				7.333,
				0.3,
				7.667,
				-0.298,
				8,
				-0.298
			]
		},
		{
			"Target": "Parameter",
			"Id": "Param45",
			"Segments": [
				0,
				-0.114,
				1,
				0.111,
				-0.114,
				0.222,
				-0.3,
				0.333,
				-0.3,
				1,
				0.667,
				-0.3,
				1,
				0.3,
				1.333,
				0.3,
				1,
				1.667,
				0.3,
				2,
				-0.3,
				2.333,
				-0.3,
				1,
				2.667,
				-0.3,
				3,
				0.3,
				3.333,
				0.3,
				1,
				3.667,
				0.3,
				4,
				-0.3,
				4.333,
				-0.3,
				1,
				4.667,
				-0.3,
				5,
				0.3,
				5.333,
				0.3,
				1,
				5.667,
				0.3,
				6,
				-0.3,
				6.333,
				-0.3,
				1,
				6.667,
				-0.3,
				7,
				0.3,
				7.333,
				0.3,
				1,
				7.556,
				0.3,
				7.778,
				-0.112,
				8,
				-0.112
			]
		},
		{
			"Target": "Parameter",
			"Id": "Param35",
			"Segments": [
				0,
				8,
				1,
				2.667,
				8,
				5.333,
				8,
				8,
				8
			]
		},
		{
			"Target": "Parameter",
			"Id": "Param36",
			"Segments": [
				0,
				1.748,
				1,
				0.233,
				1.748,
				0.467,
				0,
				0.7,
				0,
				1,
				1.033,
				0,
				1.367,
				2,
				1.7,
				2,
				1,
				2.033,
				2,
				2.367,
				0,
				2.7,
				0,
				1,
				3.033,
				0,
				3.367,
				2,
				3.7,
				2,
				1,
				4.033,
				2,
				4.367,
				0,
				4.7,
				0,
				1,
				5.033,
				0,
				5.367,
				2,
				5.7,
				2,
				1,
				6.033,
				2,
				6.367,
				0,
				6.7,
				0,
				1,
				7.033,
				0,
				7.367,
				2,
				7.7,
				2,
				1,
				7.8,
				2,
				7.9,
				1.755,
				8,
				1.755
			]
		},
		{
			"Target": "Parameter",
			"Id": "Param37",
			"Segments": [
				0,
				0,
				1,
				0.111,
				0,
				0.222,
				0.5,
				0.333,
				0.5,
				1,
				0.778,
				0.5,
				1.222,
				0,
				1.667,
				0,
				1,
				2.056,
				0,
				2.444,
				0.5,
				2.833,
				0.5,
				1,
				3.278,
				0.5,
				3.722,
				0,
				4.167,
				0,
				1,
				4.556,
				0,
				4.944,
				0.5,
				5.333,
				0.5,
				1,
				5.778,
				0.5,
				6.222,
				0,
				6.667,
				0,
				1,
				7.111,
				0,
				7.556,
				0,
				8,
				0
			]
		},
		{
			"Target": "Parameter",
			"Id": "Param46",
			"Segments": [
				0,
				0,
				1,
				0.444,
				0,
				0.889,
				0,
				1.333,
				0,
				1,
				1.722,
				0,
				2.111,
				0.5,
				2.5,
				0.5,
				1,
				2.944,
				0.5,
				3.389,
				0,
				3.833,
				0,
				1,
				4.222,
				0,
				4.611,
				0.5,
				5,
				0.5,
				1,
				5.444,
				0.5,
				5.889,
				0,
				6.333,
				0,
				1,
				6.889,
				0,
				7.444,
				0,
				8,
				0
			]
		},
		{
			"Target": "Parameter",
			"Id": "Param43",
			"Segments": [
				0,
				-0.2,
				1,
				0.333,
				-0.2,
				0.667,
				0.2,
				1,
				0.2,
				1,
				1.333,
				0.2,
				1.667,
				-0.2,
				2,
				-0.2,
				1,
				2.333,
				-0.2,
				2.667,
				0.2,
				3,
				0.2,
				1,
				3.333,
				0.2,
				3.667,
				-0.2,
				4,
				-0.2,
				1,
				4.333,
				-0.2,
				4.667,
				0.2,
				5,
				0.2,
				1,
				5.333,
				0.2,
				5.667,
				-0.2,
				6,
				-0.2,
				1,
				6.333,
				-0.2,
				6.667,
				0.2,
				7,
				0.2,
				1,
				7.333,
				0.2,
				7.667,
				-0.199,
				8,
				-0.199
			]
		},
		{
			"Target": "Parameter",
			"Id": "Param47",
			"Segments": [
				0,
				-0.076,
				1,
				0.111,
				-0.076,
				0.222,
				-0.2,
				0.333,
				-0.2,
				1,
				0.667,
				-0.2,
				1,
				0.2,
				1.333,
				0.2,
				1,
				1.667,
				0.2,
				2,
				-0.2,
				2.333,
				-0.2,
				1,
				2.667,
				-0.2,
				3,
				0.2,
				3.333,
				0.2,
				1,
				3.667,
				0.2,
				4,
				-0.2,
				4.333,
				-0.2,
				1,
				4.667,
				-0.2,
				5,
				0.2,
				5.333,
				0.2,
				1,
				5.667,
				0.2,
				6,
				-0.2,
				6.333,
				-0.2,
				1,
				6.667,
				-0.2,
				7,
				0.2,
				7.333,
				0.2,
				1,
				7.556,
				0.2,
				7.778,
				-0.074,
				8,
				-0.074
			]
		},
		{
			"Target": "Parameter",
			"Id": "Param38",
			"Segments": [
				0,
				-8,
				1,
				2.667,
				-8,
				5.333,
				-8,
				8,
				-8
			]
		},
		{
			"Target": "Parameter",
			"Id": "Param39",
			"Segments": [
				0,
				0.181,
				1,
				0.056,
				0.181,
				0.111,
				0,
				0.167,
				0,
				1,
				0.5,
				0,
				0.833,
				2,
				1.167,
				2,
				1,
				1.5,
				2,
				1.833,
				0,
				2.167,
				0,
				1,
				2.5,
				0,
				2.833,
				2,
				3.167,
				2,
				1,
				3.5,
				2,
				3.833,
				0,
				4.167,
				0,
				1,
				4.5,
				0,
				4.833,
				2,
				5.167,
				2,
				1,
				5.5,
				2,
				5.833,
				0,
				6.167,
				0,
				1,
				6.5,
				0,
				6.833,
				2,
				7.167,
				2,
				1,
				7.444,
				2,
				7.722,
				0.189,
				8,
				0.189
			]
		},
		{
			"Target": "Parameter",
			"Id": "Param48",
			"Segments": [
				0,
				0,
				1,
				0.333,
				0,
				0.667,
				1,
				1,
				1,
				1,
				1.333,
				1,
				1.667,
				0,
				2,
				0,
				1,
				2.333,
				0,
				2.667,
				1,
				3,
				1,
				1,
				3.333,
				1,
				3.667,
				0,
				4,
				0,
				1,
				4.333,
				0,
				4.667,
				1,
				5,
				1,
				1,
				5.333,
				1,
				5.667,
				0,
				6,
				0,
				1,
				6.333,
				0,
				6.667,
				1,
				7,
				1,
				1,
				7.333,
				1,
				7.667,
				0.003,
				8,
				0.003
			]
		},
		{
			"Target": "Parameter",
			"Id": "Param49",
			"Segments": [
				0,
				0,
				1,
				0.333,
				0,
				0.667,
				0,
				1,
				0,
				1,
				1.333,
				0,
				1.667,
				0,
				2,
				0,
				1,
				2.333,
				0,
				2.667,
				0,
				3,
				0,
				1,
				3.333,
				0,
				3.667,
				0,
				4,
				0,
				1,
				4.333,
				0,
				4.667,
				0,
				5,
				0,
				1,
				5.333,
				0,
				5.667,
				0,
				6,
				0,
				1,
				6.333,
				0,
				6.667,
				0,
				7,
				0,
				1,
				7.333,
				0,
				7.667,
				0,
				8,
				0
			]
		},
		{
			"Target": "Parameter",
			"Id": "Param50",
			"Segments": [
				0,
				0,
				1,
				0.333,
				0,
				0.667,
				0.2,
				1,
				0.2,
				1,
				1.333,
				0.2,
				1.667,
				0,
				2,
				0,
				1,
				2.333,
				0,
				2.667,
				0.2,
				3,
				0.2,
				1,
				3.333,
				0.2,
				3.667,
				0,
				4,
				0,
				1,
				4.333,
				0,
				4.667,
				0.2,
				5,
				0.2,
				1,
				5.333,
				0.2,
				5.667,
				0,
				6,
				0,
				1,
				6.333,
				0,
				6.667,
				0.2,
				7,
				0.2,
				1,
				7.333,
				0.2,
				7.667,
				0.001,
				8,
				0.001
			]
		},
		{
			"Target": "Parameter",
			"Id": "Param51",
			"Segments": [
				0,
				0.583,
				1,
				0.167,
				0.583,
				0.333,
				0,
				0.5,
				0,
				1,
				0.833,
				0,
				1.167,
				1,
				1.5,
				1,
				1,
				1.833,
				1,
				2.167,
				0,
				2.5,
				0,
				1,
				2.833,
				0,
				3.167,
				1,
				3.5,
				1,
				1,
				3.833,
				1,
				4.167,
				0,
				4.5,
				0,
				1,
				4.833,
				0,
				5.167,
				1,
				5.5,
				1,
				1,
				5.833,
				1,
				6.167,
				0,
				6.5,
				0,
				1,
				6.833,
				0,
				7.167,
				1,
				7.5,
				1,
				1,
				7.667,
				1,
				7.833,
				0.588,
				8,
				0.588
			]
		},
		{
			"Target": "Parameter",
			"Id": "Param52",
			"Segments": [
				0,
				0,
				1,
				0.089,
				0,
				0.178,
				0,
				0.267,
				0,
				1,
				0.6,
				0,
				0.933,
				0,
				1.267,
				0,
				1,
				1.6,
				0,
				1.933,
				0,
				2.267,
				0,
				1,
				2.6,
				0,
				2.933,
				0,
				3.267,
				0,
				1,
				3.6,
				0,
				3.933,
				0,
				4.267,
				0,
				1,
				4.6,
				0,
				4.933,
				0,
				5.267,
				0,
				1,
				5.6,
				0,
				5.933,
				0,
				6.267,
				0,
				1,
				6.6,
				0,
				6.933,
				0,
				7.267,
				0,
				1,
				7.511,
				0,
				7.756,
				0,
				8,
				0
			]
		},
		{
			"Target": "Parameter",
			"Id": "Param53",
			"Segments": [
				0,
				0.042,
				1,
				0.089,
				0.042,
				0.178,
				0,
				0.267,
				0,
				1,
				0.6,
				0,
				0.933,
				0.2,
				1.267,
				0.2,
				1,
				1.6,
				0.2,
				1.933,
				0,
				2.267,
				0,
				1,
				2.6,
				0,
				2.933,
				0.2,
				3.267,
				0.2,
				1,
				3.6,
				0.2,
				3.933,
				0,
				4.267,
				0,
				1,
				4.6,
				0,
				4.933,
				0.2,
				5.267,
				0.2,
				1,
				5.6,
				0.2,
				5.933,
				0,
				6.267,
				0,
				1,
				6.6,
				0,
				6.933,
				0.2,
				7.267,
				0.2,
				1,
				7.511,
				0.2,
				7.756,
				0.043,
				8,
				0.043
			]
		},
		{
			"Target": "Parameter",
			"Id": "Param54",
			"Segments": [
				0,
				0,
				1,
				0.333,
				0,
				0.667,
				1,
				1,
				1,
				1,
				1.333,
				1,
				1.667,
				0,
				2,
				0,
				1,
				2.333,
				0,
				2.667,
				1,
				3,
				1,
				1,
				3.333,
				1,
				3.667,
				0,
				4,
				0,
				1,
				4.333,
				0,
				4.667,
				1,
				5,
				1,
				1,
				5.333,
				1,
				5.667,
				0,
				6,
				0,
				1,
				6.333,
				0,
				6.667,
				1,
				7,
				1,
				1,
				7.333,
				1,
				7.667,
				0.003,
				8,
				0.003
			]
		},
		{
			"Target": "Parameter",
			"Id": "Param55",
			"Segments": [
				0,
				0,
				1,
				0.167,
				0,
				0.333,
				0,
				0.5,
				0,
				1,
				0.833,
				0,
				1.167,
				0,
				1.5,
				0,
				1,
				1.833,
				0,
				2.167,
				0,
				2.5,
				0,
				1,
				2.833,
				0,
				3.167,
				0,
				3.5,
				0,
				1,
				3.833,
				0,
				4.167,
				0,
				4.5,
				0,
				1,
				4.833,
				0,
				5.167,
				0,
				5.5,
				0,
				1,
				5.833,
				0,
				6.167,
				0,
				6.5,
				0,
				1,
				6.833,
				0,
				7.167,
				0,
				7.5,
				0,
				1,
				7.667,
				0,
				7.833,
				0,
				8,
				0
			]
		},
		{
			"Target": "Parameter",
			"Id": "Param56",
			"Segments": [
				0,
				0.117,
				1,
				0.167,
				0.117,
				0.333,
				0,
				0.5,
				0,
				1,
				0.833,
				0,
				1.167,
				0.2,
				1.5,
				0.2,
				1,
				1.833,
				0.2,
				2.167,
				0,
				2.5,
				0,
				1,
				2.833,
				0,
				3.167,
				0.2,
				3.5,
				0.2,
				1,
				3.833,
				0.2,
				4.167,
				0,
				4.5,
				0,
				1,
				4.833,
				0,
				5.167,
				0.2,
				5.5,
				0.2,
				1,
				5.833,
				0.2,
				6.167,
				0,
				6.5,
				0,
				1,
				6.833,
				0,
				7.167,
				0.2,
				7.5,
				0.2,
				1,
				7.667,
				0.2,
				7.833,
				0.118,
				8,
				0.118
			]
		},
		{
			"Target": "Parameter",
			"Id": "Param57",
			"Segments": [
				0,
				0,
				1,
				0.333,
				0,
				0.667,
				1,
				1,
				1,
				1,
				1.333,
				1,
				1.667,
				0,
				2,
				0,
				1,
				2.333,
				0,
				2.667,
				1,
				3,
				1,
				1,
				3.333,
				1,
				3.667,
				0,
				4,
				0,
				1,
				4.333,
				0,
				4.667,
				1,
				5,
				1,
				1,
				5.333,
				1,
				5.667,
				0,
				6,
				0,
				1,
				6.333,
				0,
				6.667,
				1,
				7,
				1,
				1,
				7.333,
				1,
				7.667,
				0.003,
				8,
				0.003
			]
		},
		{
			"Target": "Parameter",
			"Id": "Param58",
			"Segments": [
				0,
				0,
				1,
				0.333,
				0,
				0.667,
				0,
				1,
				0,
				1,
				1.333,
				0,
				1.667,
				0,
				2,
				0,
				1,
				2.333,
				0,
				2.667,
				0,
				3,
				0,
				1,
				3.333,
				0,
				3.667,
				0,
				4,
				0,
				1,
				4.333,
				0,
				4.667,
				0,
				5,
				0,
				1,
				5.333,
				0,
				5.667,
				0,
				6,
				0,
				1,
				6.333,
				0,
				6.667,
				0,
				7,
				0,
				1,
				7.333,
				0,
				7.667,
				0,
				8,
				0
			]
		},
		{
			"Target": "Parameter",
			"Id": "Param59",
			"Segments": [
				0,
				0,
				1,
				0.333,
				0,
				0.667,
				0.2,
				1,
				0.2,
				1,
				1.333,
				0.2,
				1.667,
				0,
				2,
				0,
				1,
				2.333,
				0,
				2.667,
				0.2,
				3,
				0.2,
				1,
				3.333,
				0.2,
				3.667,
				0,
				4,
				0,
				1,
				4.333,
				0,
				4.667,
				0.2,
				5,
				0.2,
				1,
				5.333,
				0.2,
				5.667,
				0,
				6,
				0,
				1,
				6.333,
				0,
				6.667,
				0.2,
				7,
				0.2,
				1,
				7.333,
				0.2,
				7.667,
				0.001,
				8,
				0.001
			]
		},
		{
			"Target": "Parameter",
			"Id": "Param60",
			"Segments": [
				0,
				0.583,
				1,
				0.167,
				0.583,
				0.333,
				0,
				0.5,
				0,
				1,
				0.833,
				0,
				1.167,
				1,
				1.5,
				1,
				1,
				1.833,
				1,
				2.167,
				0,
				2.5,
				0,
				1,
				2.833,
				0,
				3.167,
				1,
				3.5,
				1,
				1,
				3.833,
				1,
				4.167,
				0,
				4.5,
				0,
				1,
				4.833,
				0,
				5.167,
				1,
				5.5,
				1,
				1,
				5.833,
				1,
				6.167,
				0,
				6.5,
				0,
				1,
				6.833,
				0,
				7.167,
				1,
				7.5,
				1,
				1,
				7.667,
				1,
				7.833,
				0.588,
				8,
				0.588
			]
		},
		{
			"Target": "Parameter",
			"Id": "Param61",
			"Segments": [
				0,
				0,
				1,
				0.078,
				0,
				0.156,
				0,
				0.233,
				0,
				1,
				0.567,
				0,
				0.9,
				0,
				1.233,
				0,
				1,
				1.567,
				0,
				1.9,
				0,
				2.233,
				0,
				1,
				2.567,
				0,
				2.9,
				0,
				3.233,
				0,
				1,
				3.567,
				0,
				3.9,
				0,
				4.233,
				0,
				1,
				4.567,
				0,
				4.9,
				0,
				5.233,
				0,
				1,
				5.567,
				0,
				5.9,
				0,
				6.233,
				0,
				1,
				6.567,
				0,
				6.9,
				0,
				7.233,
				0,
				1,
				7.489,
				0,
				7.744,
				0,
				8,
				0
			]
		},
		{
			"Target": "Parameter",
			"Id": "Param62",
			"Segments": [
				0,
				0.033,
				1,
				0.078,
				0.033,
				0.156,
				0,
				0.233,
				0,
				1,
				0.567,
				0,
				0.9,
				0.2,
				1.233,
				0.2,
				1,
				1.567,
				0.2,
				1.9,
				0,
				2.233,
				0,
				1,
				2.567,
				0,
				2.9,
				0.2,
				3.233,
				0.2,
				1,
				3.567,
				0.2,
				3.9,
				0,
				4.233,
				0,
				1,
				4.567,
				0,
				4.9,
				0.2,
				5.233,
				0.2,
				1,
				5.567,
				0.2,
				5.9,
				0,
				6.233,
				0,
				1,
				6.567,
				0,
				6.9,
				0.2,
				7.233,
				0.2,
				1,
				7.489,
				0.2,
				7.744,
				0.034,
				8,
				0.034
			]
		},
		{
			"Target": "Parameter",
			"Id": "Param63",
			"Segments": [
				0,
				0,
				1,
				0.333,
				0,
				0.667,
				1,
				1,
				1,
				1,
				1.333,
				1,
				1.667,
				0,
				2,
				0,
				1,
				2.333,
				0,
				2.667,
				1,
				3,
				1,
				1,
				3.333,
				1,
				3.667,
				0,
				4,
				0,
				1,
				4.333,
				0,
				4.667,
				1,
				5,
				1,
				1,
				5.333,
				1,
				5.667,
				0,
				6,
				0,
				1,
				6.333,
				0,
				6.667,
				1,
				7,
				1,
				1,
				7.333,
				1,
				7.667,
				0.003,
				8,
				0.003
			]
		},
		{
			"Target": "Parameter",
			"Id": "Param64",
			"Segments": [
				0,
				0,
				1,
				0.167,
				0,
				0.333,
				0,
				0.5,
				0,
				1,
				0.833,
				0,
				1.167,
				0,
				1.5,
				0,
				1,
				1.833,
				0,
				2.167,
				0,
				2.5,
				0,
				1,
				2.833,
				0,
				3.167,
				0,
				3.5,
				0,
				1,
				3.833,
				0,
				4.167,
				0,
				4.5,
				0,
				1,
				4.833,
				0,
				5.167,
				0,
				5.5,
				0,
				1,
				5.833,
				0,
				6.167,
				0,
				6.5,
				0,
				1,
				6.833,
				0,
				7.167,
				0,
				7.5,
				0,
				1,
				7.667,
				0,
				7.833,
				0,
				8,
				0
			]
		},
		{
			"Target": "Parameter",
			"Id": "Param65",
			"Segments": [
				0,
				0.117,
				1,
				0.167,
				0.117,
				0.333,
				0,
				0.5,
				0,
				1,
				0.833,
				0,
				1.167,
				0.2,
				1.5,
				0.2,
				1,
				1.833,
				0.2,
				2.167,
				0,
				2.5,
				0,
				1,
				2.833,
				0,
				3.167,
				0.2,
				3.5,
				0.2,
				1,
				3.833,
				0.2,
				4.167,
				0,
				4.5,
				0,
				1,
				4.833,
				0,
				5.167,
				0.2,
				5.5,
				0.2,
				1,
				5.833,
				0.2,
				6.167,
				0,
				6.5,
				0,
				1,
				6.833,
				0,
				7.167,
				0.2,
				7.5,
				0.2,
				1,
				7.667,
				0.2,
				7.833,
				0.118,
				8,
				0.118
			]
		},
		{
			"Target": "Parameter",
			"Id": "Param80",
			"Segments": [
				0,
				0,
				0,
				8,
				0
			]
		},
		{
			"Target": "Parameter",
			"Id": "Param81",
			"Segments": [
				0,
				0,
				0,
				8,
				0
			]
		},
		{
			"Target": "Parameter",
			"Id": "Param66",
			"Segments": [
				0,
				0,
				1,
				2.667,
				0,
				5.333,
				0,
				8,
				0
			]
		}
	]
}