{
	"Version": 3,
	"Meta": {
		"Duration": 4,
		"Fps": 30.0,
		"Loop": true,
		"AreBeziersRestricted": true,
		"CurveCount": 89,
		"TotalSegmentCount": 560,
		"TotalPointCount": 1687,
		"UserDataCount": 0,
		"TotalUserDataSize": 0
	},
	"Curves": [
		{
			"Target": "Parameter",
			"Id": "Param93",
			"Segments": [
				0,
				0,
				1,
				1.333,
				0,
				2.667,
				0,
				4,
				0
			]
		},
		{
			"Target": "Parameter",
			"Id": "Param94",
			"Segments": [
				0,
				0,
				1,
				1.333,
				0,
				2.667,
				0,
				4,
				0
			]
		},
		{
			"Target": "Parameter",
			"Id": "Param95",
			"Segments": [
				0,
				0,
				1,
				1.333,
				0,
				2.667,
				0,
				4,
				0
			]
		},
		{
			"Target": "Parameter",
			"Id": "Param96",
			"Segments": [
				0,
				0,
				1,
				1.333,
				0,
				2.667,
				0,
				4,
				0
			]
		},
		{
			"Target": "Parameter",
			"Id": "Param97",
			"Segments": [
				0,
				0,
				1,
				1.333,
				0,
				2.667,
				0,
				4,
				0
			]
		},
		{
			"Target": "Parameter",
			"Id": "Param85",
			"Segments": [
				0,
				0,
				0,
				1.5,
				1,
				0,
				4,
				1
			]
		},
		{
			"Target": "Parameter",
			"Id": "Param86",
			"Segments": [
				0,
				0,
				0,
				0.667,
				0,
				0,
				1.767,
				1,
				0,
				4,
				1
			]
		},
		{
			"Target": "Parameter",
			"Id": "Param87",
			"Segments": [
				0,
				0,
				0,
				0.333,
				0,
				0,
				2.767,
				1,
				0,
				4,
				1
			]
		},
		{
			"Target": "Parameter",
			"Id": "Param88",
			"Segments": [
				0,
				0,
				0,
				2.967,
				0,
				0,
				4,
				1
			]
		},
		{
			"Target": "Parameter",
			"Id": "Param89",
			"Segments": [
				0,
				0,
				0,
				2,
				0,
				0,
				2.7,
				1,
				0,
				4,
				1
			]
		},
		{
			"Target": "Parameter",
			"Id": "Param90",
			"Segments": [
				0,
				0,
				0,
				4,
				0
			]
		},
		{
			"Target": "Parameter",
			"Id": "Param91",
			"Segments": [
				0,
				0,
				0,
				2.2,
				0,
				0,
				3.467,
				0,
				0,
				4,
				0
			]
		},
		{
			"Target": "Parameter",
			"Id": "Param92",
			"Segments": [
				0,
				0,
				0,
				1.5,
				0,
				0,
				2.567,
				1,
				0,
				2.9,
				1,
				0,
				4,
				1
			]
		},
		{
			"Target": "Parameter",
			"Id": "Param47",
			"Segments": [
				0,
				0,
				0,
				4,
				0
			]
		},
		{
			"Target": "Parameter",
			"Id": "Param",
			"Segments": [
				0,
				0,
				0,
				4,
				0
			]
		},
		{
			"Target": "Parameter",
			"Id": "Param30",
			"Segments": [
				0,
				16,
				1,
				0.278,
				16,
				0.556,
				-12,
				0.833,
				-12,
				1,
				1.111,
				-12,
				1.389,
				14,
				1.667,
				14,
				0,
				4,
				14
			]
		},
		{
			"Target": "Parameter",
			"Id": "Param31",
			"Segments": [
				0,
				12,
				1,
				0.222,
				12,
				0.444,
				-24,
				0.667,
				-24,
				1,
				0.889,
				-24,
				1.111,
				22,
				1.333,
				22,
				0,
				4,
				22
			]
		},
		{
			"Target": "Parameter",
			"Id": "Param32",
			"Segments": [
				0,
				-1,
				1,
				0.111,
				4.492,
				0.222,
				10,
				0.333,
				10,
				1,
				0.444,
				10,
				0.556,
				6.982,
				0.667,
				0,
				1,
				0.778,
				-6.982,
				0.889,
				-11,
				1,
				-11,
				1,
				1.111,
				-11,
				1.222,
				-7.982,
				1.333,
				-1,
				1,
				1.444,
				5.982,
				1.556,
				10,
				1.667,
				10,
				1,
				1.778,
				10,
				1.889,
				6.982,
				2,
				0,
				1,
				2.111,
				-6.982,
				2.222,
				-11,
				2.333,
				-11,
				1,
				2.444,
				-11,
				2.556,
				-7.982,
				2.667,
				-1,
				1,
				2.778,
				5.982,
				2.889,
				10,
				3,
				10,
				1,
				3.111,
				10,
				3.222,
				6.982,
				3.333,
				0,
				1,
				3.444,
				-6.982,
				3.556,
				-11,
				3.667,
				-11,
				1,
				3.778,
				-11,
				3.889,
				-7.982,
				4,
				-1
			]
		},
		{
			"Target": "Parameter",
			"Id": "Param33",
			"Segments": [
				0,
				16,
				1,
				0.111,
				16,
				0.222,
				10.333,
				0.333,
				-1,
				1,
				0.444,
				-12.333,
				0.556,
				-18,
				0.667,
				-18,
				1,
				0.778,
				-18,
				0.889,
				-12.333,
				1,
				-1,
				1,
				1.111,
				10.333,
				1.222,
				16,
				1.333,
				16,
				1,
				1.444,
				16,
				1.556,
				10.333,
				1.667,
				-1,
				1,
				1.778,
				-12.333,
				1.889,
				-18,
				2,
				-18,
				1,
				2.111,
				-18,
				2.222,
				-12.333,
				2.333,
				-1,
				1,
				2.444,
				10.333,
				2.556,
				16,
				2.667,
				16,
				1,
				2.778,
				16,
				2.889,
				10.333,
				3,
				-1,
				1,
				3.111,
				-12.333,
				3.222,
				-18,
				3.333,
				-18,
				1,
				3.444,
				-18,
				3.556,
				-12.333,
				3.667,
				-1,
				1,
				3.778,
				10.333,
				3.889,
				16,
				4,
				16
			]
		},
		{
			"Target": "Parameter",
			"Id": "Param62",
			"Segments": [
				0,
				0,
				1,
				0.333,
				0,
				0.667,
				1,
				1,
				1,
				1,
				1.333,
				1,
				1.667,
				0,
				2,
				0,
				1,
				2.333,
				0,
				2.667,
				1,
				3,
				1,
				1,
				3.333,
				1,
				3.667,
				0,
				4,
				0
			]
		},
		{
			"Target": "Parameter",
			"Id": "Param22",
			"Segments": [
				0,
				-22,
				1,
				0.111,
				-22,
				0.222,
				-13.585,
				0.333,
				0,
				1,
				0.444,
				13.585,
				0.556,
				19,
				0.667,
				19,
				1,
				0.778,
				19,
				0.889,
				13.585,
				1,
				0,
				1,
				1.111,
				-13.585,
				1.222,
				-22,
				1.333,
				-22,
				1,
				1.444,
				-22,
				1.556,
				-13.585,
				1.667,
				0,
				1,
				1.778,
				13.585,
				1.889,
				19,
				2,
				19,
				1,
				2.111,
				19,
				2.222,
				13.585,
				2.333,
				0,
				1,
				2.444,
				-13.585,
				2.556,
				-22,
				2.667,
				-22,
				1,
				2.778,
				-22,
				2.889,
				-13.585,
				3,
				0,
				1,
				3.111,
				13.585,
				3.222,
				19,
				3.333,
				19,
				1,
				3.444,
				19,
				3.556,
				13.585,
				3.667,
				0,
				1,
				3.778,
				-13.585,
				3.889,
				-22,
				4,
				-22
			]
		},
		{
			"Target": "Parameter",
			"Id": "Param23",
			"Segments": [
				0,
				-1,
				1,
				0.111,
				7.223,
				0.222,
				18,
				0.333,
				18,
				1,
				0.444,
				18,
				0.556,
				11.323,
				0.667,
				-1,
				1,
				0.778,
				-13.323,
				0.889,
				-19,
				1,
				-19,
				1,
				1.111,
				-19,
				1.222,
				-13.323,
				1.333,
				-1,
				1,
				1.444,
				11.323,
				1.556,
				18,
				1.667,
				18,
				1,
				1.778,
				18,
				1.889,
				11.323,
				2,
				-1,
				1,
				2.111,
				-13.323,
				2.222,
				-19,
				2.333,
				-19,
				1,
				2.444,
				-19,
				2.556,
				-13.323,
				2.667,
				-1,
				1,
				2.778,
				11.323,
				2.889,
				18,
				3,
				18,
				1,
				3.111,
				18,
				3.222,
				11.323,
				3.333,
				-1,
				1,
				3.444,
				-13.323,
				3.556,
				-19,
				3.667,
				-19,
				1,
				3.778,
				-19,
				3.889,
				-13.323,
				4,
				-1
			]
		},
		{
			"Target": "Parameter",
			"Id": "Param27",
			"Segments": [
				0,
				-9,
				1,
				0.167,
				-9,
				0.333,
				19,
				0.5,
				19,
				1,
				0.833,
				19,
				1.167,
				-22,
				1.5,
				-22,
				1,
				1.722,
				-22,
				1.944,
				17,
				2.167,
				17,
				1,
				2.389,
				17,
				2.611,
				-12,
				2.833,
				-12,
				1,
				3.056,
				-12,
				3.278,
				8,
				3.5,
				8,
				1,
				3.667,
				8,
				3.833,
				-9,
				4,
				-9
			]
		},
		{
			"Target": "Parameter",
			"Id": "Param24",
			"Segments": [
				0,
				-6,
				1,
				0.278,
				-6,
				0.556,
				17,
				0.833,
				17,
				1,
				1.111,
				17,
				1.389,
				-18,
				1.667,
				-18,
				1,
				1.889,
				-18,
				2.111,
				16,
				2.333,
				16,
				1,
				2.556,
				16,
				2.778,
				-11,
				3,
				-11,
				1,
				3.167,
				-11,
				3.333,
				11.244,
				3.5,
				11.244,
				1,
				3.667,
				11.244,
				3.833,
				-6,
				4,
				-6
			]
		},
		{
			"Target": "Parameter",
			"Id": "Param25",
			"Segments": [
				0,
				-9,
				1,
				0.111,
				-9,
				0.222,
				-6,
				0.333,
				0,
				1,
				0.444,
				6,
				0.556,
				9,
				0.667,
				9,
				1,
				0.778,
				9,
				0.889,
				6,
				1,
				0,
				1,
				1.111,
				-6,
				1.222,
				-9,
				1.333,
				-9,
				1,
				1.444,
				-9,
				1.556,
				-6,
				1.667,
				0,
				1,
				1.778,
				6,
				1.889,
				9,
				2,
				9,
				1,
				2.111,
				9,
				2.222,
				6,
				2.333,
				0,
				1,
				2.444,
				-6,
				2.556,
				-9,
				2.667,
				-9,
				1,
				2.778,
				-9,
				2.889,
				-6,
				3,
				0,
				1,
				3.111,
				6,
				3.222,
				9,
				3.333,
				9,
				1,
				3.444,
				9,
				3.556,
				6,
				3.667,
				0,
				1,
				3.778,
				-6,
				3.889,
				-9,
				4,
				-9
			]
		},
		{
			"Target": "Parameter",
			"Id": "Param26",
			"Segments": [
				0,
				-2,
				1,
				0.111,
				-7.834,
				0.222,
				-14,
				0.333,
				-14,
				1,
				0.444,
				-14,
				0.556,
				-11.116,
				0.667,
				-2,
				1,
				0.778,
				7.116,
				0.889,
				14,
				1,
				14,
				1,
				1.111,
				14,
				1.222,
				7.116,
				1.333,
				-2,
				1,
				1.444,
				-11.116,
				1.556,
				-14,
				1.667,
				-14,
				1,
				1.778,
				-14,
				1.889,
				-11.116,
				2,
				-2,
				1,
				2.111,
				7.116,
				2.222,
				14,
				2.333,
				14,
				1,
				2.444,
				14,
				2.556,
				7.116,
				2.667,
				-2,
				1,
				2.778,
				-11.116,
				2.889,
				-14,
				3,
				-14,
				1,
				3.111,
				-14,
				3.222,
				-11.116,
				3.333,
				-2,
				1,
				3.444,
				7.116,
				3.556,
				14,
				3.667,
				14,
				1,
				3.778,
				14,
				3.889,
				7.116,
				4,
				-2
			]
		},
		{
			"Target": "Parameter",
			"Id": "Param28",
			"Segments": [
				0,
				-12,
				1,
				0.222,
				-12,
				0.444,
				26,
				0.667,
				26,
				1,
				0.944,
				26,
				1.222,
				-13,
				1.5,
				-13,
				1,
				1.778,
				-13,
				2.056,
				15,
				2.333,
				15,
				1,
				2.556,
				15,
				2.778,
				-12,
				3,
				-12,
				1,
				3.167,
				-12,
				3.333,
				13,
				3.5,
				13,
				1,
				3.667,
				13,
				3.833,
				-12,
				4,
				-12
			]
		},
		{
			"Target": "Parameter",
			"Id": "Param29",
			"Segments": [
				0,
				-8,
				1,
				0.278,
				-8,
				0.556,
				30,
				0.833,
				30,
				1,
				1.111,
				30,
				1.389,
				-15,
				1.667,
				-15,
				1,
				1.944,
				-15,
				2.222,
				30,
				2.5,
				30,
				1,
				2.722,
				30,
				2.944,
				-12,
				3.167,
				-12,
				1,
				3.333,
				-12,
				3.5,
				9,
				3.667,
				9,
				1,
				3.778,
				9,
				3.889,
				-8,
				4,
				-8
			]
		},
		{
			"Target": "Parameter",
			"Id": "Param19",
			"Segments": [
				0,
				-1,
				1,
				0.389,
				-1,
				0.778,
				-16,
				1.167,
				-16,
				1,
				1.622,
				-16,
				2.078,
				4,
				2.533,
				4,
				0,
				4,
				4
			]
		},
		{
			"Target": "Parameter",
			"Id": "Param20",
			"Segments": [
				0,
				0,
				1,
				0.056,
				0,
				0.111,
				1,
				0.167,
				1,
				1,
				0.2,
				1,
				0.233,
				0,
				0.267,
				0,
				1,
				0.789,
				0,
				1.311,
				0,
				1.833,
				0,
				1,
				1.889,
				0,
				1.944,
				1,
				2,
				1,
				1,
				2.033,
				1,
				2.067,
				0,
				2.1,
				0,
				1,
				2.4,
				0,
				2.7,
				0,
				3,
				0,
				1,
				3.056,
				0,
				3.111,
				1,
				3.167,
				1,
				1,
				3.2,
				1,
				3.233,
				0,
				3.267,
				0,
				0,
				4,
				0
			]
		},
		{
			"Target": "Parameter",
			"Id": "Param21",
			"Segments": [
				0,
				0,
				1,
				0.056,
				0,
				0.111,
				1,
				0.167,
				1,
				1,
				0.2,
				1,
				0.233,
				0,
				0.267,
				0,
				1,
				0.789,
				0,
				1.311,
				0,
				1.833,
				0,
				1,
				1.889,
				0,
				1.944,
				1,
				2,
				1,
				1,
				2.033,
				1,
				2.067,
				0,
				2.1,
				0,
				1,
				2.4,
				0,
				2.7,
				0,
				3,
				0,
				1,
				3.056,
				0,
				3.111,
				1,
				3.167,
				1,
				1,
				3.2,
				1,
				3.233,
				0,
				3.267,
				0,
				0,
				4,
				0
			]
		},
		{
			"Target": "Parameter",
			"Id": "Param43",
			"Segments": [
				0,
				-16,
				1,
				0.056,
				-16,
				0.111,
				17,
				0.167,
				17,
				1,
				0.222,
				17,
				0.278,
				-12.803,
				0.333,
				-13,
				1,
				0.944,
				-15.169,
				1.556,
				-16,
				2.167,
				-16,
				1,
				2.222,
				-16,
				2.278,
				17,
				2.333,
				17,
				1,
				2.389,
				17,
				2.444,
				-13,
				2.5,
				-13,
				0,
				4,
				-13
			]
		},
		{
			"Target": "Parameter",
			"Id": "Param44",
			"Segments": [
				0,
				-14,
				0,
				0.367,
				-14,
				1,
				0.422,
				-14,
				0.478,
				14,
				0.533,
				14,
				1,
				0.589,
				14,
				0.644,
				-14,
				0.7,
				-14,
				1,
				1.311,
				-14,
				1.922,
				-14,
				2.533,
				-14,
				1,
				2.589,
				-14,
				2.644,
				14,
				2.7,
				14,
				1,
				2.756,
				14,
				2.811,
				-14,
				2.867,
				-14,
				0,
				4,
				-14
			]
		},
		{
			"Target": "Parameter",
			"Id": "Param53",
			"Segments": [
				0,
				-26,
				1,
				0.278,
				-26,
				0.556,
				11,
				0.833,
				11,
				1,
				1.111,
				11,
				1.389,
				-16,
				1.667,
				-16,
				1,
				2,
				-16,
				2.333,
				12,
				2.667,
				12,
				1,
				3.111,
				12,
				3.556,
				-26,
				4,
				-26
			]
		},
		{
			"Target": "Parameter",
			"Id": "Param54",
			"Segments": [
				0,
				-16,
				1,
				0.333,
				-16,
				0.667,
				17,
				1,
				17,
				1,
				1.278,
				17,
				1.556,
				-16,
				1.833,
				-16,
				1,
				2.167,
				-16,
				2.5,
				13,
				2.833,
				13,
				1,
				3.222,
				13,
				3.611,
				-16,
				4,
				-16
			]
		},
		{
			"Target": "Parameter",
			"Id": "Param99",
			"Segments": [
				0,
				-15,
				1,
				0.333,
				-15,
				0.667,
				18,
				1,
				18,
				1,
				1.333,
				18,
				1.667,
				-16,
				2,
				-16,
				1,
				2.333,
				-16,
				2.667,
				17,
				3,
				17,
				1,
				3.333,
				17,
				3.667,
				-15,
				4,
				-15
			]
		},
		{
			"Target": "Parameter",
			"Id": "Param12",
			"Segments": [
				0,
				-12,
				1,
				0.111,
				-12,
				0.222,
				-7.667,
				0.333,
				1,
				1,
				0.444,
				9.667,
				0.556,
				14,
				0.667,
				14,
				1,
				0.778,
				14,
				0.889,
				7.431,
				1,
				-1,
				1,
				1.111,
				-9.431,
				1.222,
				-12,
				1.333,
				-12,
				1,
				1.444,
				-12,
				1.556,
				-7.667,
				1.667,
				1,
				1,
				1.778,
				9.667,
				1.889,
				14,
				2,
				14,
				1,
				2.111,
				14,
				2.222,
				7.431,
				2.333,
				-1,
				1,
				2.444,
				-9.431,
				2.556,
				-12,
				2.667,
				-12,
				1,
				2.778,
				-12,
				2.889,
				-7.667,
				3,
				1,
				1,
				3.111,
				9.667,
				3.222,
				14,
				3.333,
				14,
				1,
				3.444,
				14,
				3.556,
				7.431,
				3.667,
				-1,
				1,
				3.778,
				-9.431,
				3.889,
				-12,
				4,
				-12
			]
		},
		{
			"Target": "Parameter",
			"Id": "Param13",
			"Segments": [
				0,
				0,
				1,
				0.111,
				-6.632,
				0.222,
				-16,
				0.333,
				-16,
				1,
				0.444,
				-16,
				0.556,
				-12.478,
				0.667,
				-2,
				1,
				0.778,
				8.478,
				0.889,
				16,
				1,
				16,
				1,
				1.111,
				16,
				1.222,
				10.667,
				1.333,
				0,
				1,
				1.444,
				-10.667,
				1.556,
				-16,
				1.667,
				-16,
				1,
				1.778,
				-16,
				1.889,
				-12.478,
				2,
				-2,
				1,
				2.111,
				8.478,
				2.222,
				16,
				2.333,
				16,
				1,
				2.444,
				16,
				2.556,
				10.667,
				2.667,
				0,
				1,
				2.778,
				-10.667,
				2.889,
				-16,
				3,
				-16,
				1,
				3.111,
				-16,
				3.222,
				-12.478,
				3.333,
				-2,
				1,
				3.444,
				8.478,
				3.556,
				16,
				3.667,
				16,
				1,
				3.778,
				16,
				3.889,
				10.667,
				4,
				0
			]
		},
		{
			"Target": "Parameter",
			"Id": "Param14",
			"Segments": [
				0,
				0,
				1,
				0.111,
				-5.655,
				0.222,
				-12,
				0.333,
				-12,
				1,
				0.444,
				-12,
				0.556,
				-8.608,
				0.667,
				0,
				1,
				0.778,
				8.608,
				0.889,
				14,
				1,
				14,
				1,
				1.111,
				14,
				1.222,
				8.608,
				1.333,
				0,
				1,
				1.444,
				-8.608,
				1.556,
				-12,
				1.667,
				-12,
				1,
				1.778,
				-12,
				1.889,
				-8.608,
				2,
				0,
				1,
				2.111,
				8.608,
				2.222,
				14,
				2.333,
				14,
				1,
				2.444,
				14,
				2.556,
				8.608,
				2.667,
				0,
				1,
				2.778,
				-8.608,
				2.889,
				-12,
				3,
				-12,
				1,
				3.111,
				-12,
				3.222,
				-8.608,
				3.333,
				0,
				1,
				3.444,
				8.608,
				3.556,
				14,
				3.667,
				14,
				1,
				3.778,
				14,
				3.889,
				7.093,
				4,
				0
			]
		},
		{
			"Target": "Parameter",
			"Id": "Param15",
			"Segments": [
				0,
				19,
				1,
				0.111,
				19,
				0.222,
				11.242,
				0.333,
				-1,
				1,
				0.444,
				-13.242,
				0.556,
				-18,
				0.667,
				-18,
				1,
				0.778,
				-18,
				0.889,
				-12.323,
				1,
				0,
				1,
				1.111,
				12.323,
				1.222,
				19,
				1.333,
				19,
				1,
				1.444,
				19,
				1.556,
				11.242,
				1.667,
				-1,
				1,
				1.778,
				-13.242,
				1.889,
				-18,
				2,
				-18,
				1,
				2.111,
				-18,
				2.222,
				-12.323,
				2.333,
				0,
				1,
				2.444,
				12.323,
				2.556,
				19,
				2.667,
				19,
				1,
				2.778,
				19,
				2.889,
				11.242,
				3,
				-1,
				1,
				3.111,
				-13.242,
				3.222,
				-18,
				3.333,
				-18,
				1,
				3.444,
				-18,
				3.556,
				-12.323,
				3.667,
				0,
				1,
				3.778,
				12.323,
				3.889,
				19,
				4,
				19
			]
		},
		{
			"Target": "Parameter",
			"Id": "Param9",
			"Segments": [
				0,
				-23,
				1,
				0.111,
				-23,
				0.222,
				-19.935,
				0.333,
				-9,
				1,
				0.444,
				1.935,
				0.556,
				11,
				0.667,
				11,
				1,
				0.778,
				11,
				0.889,
				-2.249,
				1,
				-12,
				1,
				1.111,
				-21.751,
				1.222,
				-23,
				1.333,
				-23,
				1,
				1.444,
				-23,
				1.556,
				-19.935,
				1.667,
				-9,
				1,
				1.778,
				1.935,
				1.889,
				11,
				2,
				11,
				1,
				2.111,
				11,
				2.222,
				-2.249,
				2.333,
				-12,
				1,
				2.444,
				-21.751,
				2.556,
				-23,
				2.667,
				-23,
				1,
				2.778,
				-23,
				2.889,
				-19.935,
				3,
				-9,
				1,
				3.111,
				1.935,
				3.222,
				11,
				3.333,
				11,
				1,
				3.444,
				11,
				3.556,
				-2.249,
				3.667,
				-12,
				1,
				3.778,
				-21.751,
				3.889,
				-23,
				4,
				-23
			]
		},
		{
			"Target": "Parameter",
			"Id": "Param10",
			"Segments": [
				0,
				0,
				1,
				0.111,
				8.604,
				0.222,
				18,
				0.333,
				18,
				1,
				0.444,
				18,
				0.556,
				12.627,
				0.667,
				0,
				1,
				0.778,
				-12.627,
				0.889,
				-20,
				1,
				-20,
				1,
				1.111,
				-20,
				1.222,
				-12.627,
				1.333,
				0,
				1,
				1.444,
				12.627,
				1.556,
				18,
				1.667,
				18,
				1,
				1.778,
				18,
				1.889,
				12.627,
				2,
				0,
				1,
				2.111,
				-12.627,
				2.222,
				-20,
				2.333,
				-20,
				1,
				2.444,
				-20,
				2.556,
				-12.627,
				2.667,
				0,
				1,
				2.778,
				12.627,
				2.889,
				18,
				3,
				18,
				1,
				3.111,
				18,
				3.222,
				12.627,
				3.333,
				0,
				1,
				3.444,
				-12.627,
				3.556,
				-20,
				3.667,
				-20,
				1,
				3.778,
				-20,
				3.889,
				-12.627,
				4,
				0
			]
		},
		{
			"Target": "Parameter",
			"Id": "Param11",
			"Segments": [
				0,
				-8,
				1,
				0.111,
				-8,
				0.222,
				-8,
				0.333,
				-8,
				1,
				0.444,
				-8,
				0.556,
				-5.644,
				0.667,
				0,
				1,
				0.778,
				5.644,
				0.889,
				9,
				1,
				9,
				1,
				1.167,
				9,
				1.333,
				5.083,
				1.5,
				1,
				1,
				1.778,
				-5.806,
				2.056,
				-8,
				2.333,
				-8,
				1,
				2.633,
				-8,
				2.933,
				8,
				3.233,
				8,
				1,
				3.489,
				8,
				3.744,
				-8,
				4,
				-8
			]
		},
		{
			"Target": "Parameter",
			"Id": "Param18",
			"Segments": [
				0,
				-1,
				1,
				0.111,
				-1,
				0.222,
				-1.218,
				0.333,
				1,
				1,
				0.444,
				3.218,
				0.556,
				18,
				0.667,
				18,
				1,
				0.778,
				18,
				0.889,
				6.25,
				1,
				-1,
				1,
				1.167,
				-11.875,
				1.333,
				-14,
				1.5,
				-14,
				1,
				1.778,
				-14,
				2.056,
				-9.319,
				2.333,
				-1,
				1,
				2.633,
				7.985,
				2.933,
				12,
				3.233,
				12,
				1,
				3.489,
				12,
				3.744,
				-1,
				4,
				-1
			]
		},
		{
			"Target": "Parameter",
			"Id": "Param34",
			"Segments": [
				0,
				0,
				1,
				0.111,
				0,
				0.222,
				0,
				0.333,
				0,
				1,
				0.389,
				0,
				0.444,
				1,
				0.5,
				1,
				1,
				0.667,
				1,
				0.833,
				1,
				1,
				1,
				1,
				1.111,
				1,
				1.222,
				0,
				1.333,
				0,
				1,
				1.756,
				0,
				2.178,
				0,
				2.6,
				0,
				1,
				2.622,
				0,
				2.644,
				1,
				2.667,
				1,
				1,
				2.7,
				1,
				2.733,
				1,
				2.767,
				1,
				1,
				2.789,
				1,
				2.811,
				0,
				2.833,
				0,
				0,
				4,
				0
			]
		},
		{
			"Target": "Parameter",
			"Id": "Param35",
			"Segments": [
				0,
				0,
				1,
				0.111,
				0,
				0.222,
				0,
				0.333,
				0,
				1,
				0.389,
				0,
				0.444,
				1,
				0.5,
				1,
				1,
				0.667,
				1,
				0.833,
				1,
				1,
				1,
				1,
				1.111,
				1,
				1.222,
				0,
				1.333,
				0,
				1,
				1.756,
				0,
				2.178,
				0,
				2.6,
				0,
				1,
				2.622,
				0,
				2.644,
				1,
				2.667,
				1,
				1,
				2.7,
				1,
				2.733,
				1,
				2.767,
				1,
				1,
				2.789,
				1,
				2.811,
				0,
				2.833,
				0,
				0,
				4,
				0
			]
		},
		{
			"Target": "Parameter",
			"Id": "Param38",
			"Segments": [
				0,
				0,
				0,
				4,
				0
			]
		},
		{
			"Target": "Parameter",
			"Id": "Param58",
			"Segments": [
				0,
				-9,
				1,
				0.056,
				-9,
				0.111,
				-10,
				0.167,
				-10,
				1,
				0.211,
				-10,
				0.256,
				9,
				0.3,
				9,
				1,
				0.344,
				9,
				0.389,
				-7,
				0.433,
				-7,
				1,
				0.478,
				-7,
				0.522,
				5,
				0.567,
				5,
				1,
				0.767,
				5,
				0.967,
				-10,
				1.167,
				-10,
				1,
				1.211,
				-10,
				1.256,
				9,
				1.3,
				9,
				1,
				1.344,
				9,
				1.389,
				-7,
				1.433,
				-7,
				1,
				1.478,
				-7,
				1.522,
				5,
				1.567,
				5,
				1,
				1.989,
				5,
				2.411,
				-10,
				2.833,
				-10,
				1,
				2.878,
				-10,
				2.922,
				9,
				2.967,
				9,
				1,
				3.011,
				9,
				3.056,
				-7,
				3.1,
				-7,
				1,
				3.144,
				-7,
				3.189,
				5,
				3.233,
				5,
				0,
				4,
				5
			]
		},
		{
			"Target": "Parameter",
			"Id": "Param98",
			"Segments": [
				0,
				-15,
				1,
				0.333,
				-15,
				0.667,
				16,
				1,
				16,
				1,
				1.278,
				16,
				1.556,
				-16,
				1.833,
				-16,
				1,
				2.167,
				-16,
				2.5,
				16,
				2.833,
				16,
				1,
				3.222,
				16,
				3.611,
				-15,
				4,
				-15
			]
		},
		{
			"Target": "Parameter",
			"Id": "Param100",
			"Segments": [
				0,
				-13,
				1,
				0.444,
				-13,
				0.889,
				7,
				1.333,
				7,
				1,
				1.833,
				7,
				2.333,
				-1.738,
				2.833,
				-8,
				1,
				3.222,
				-12.87,
				3.611,
				-13,
				4,
				-13
			]
		},
		{
			"Target": "Parameter",
			"Id": "Param5",
			"Segments": [
				0,
				-15,
				1,
				0.111,
				-15,
				0.222,
				-2,
				0.333,
				-2,
				1,
				0.444,
				-2,
				0.556,
				-5.392,
				0.667,
				-14,
				1,
				0.778,
				-22.608,
				0.889,
				-28,
				1,
				-28,
				1,
				1.111,
				-28,
				1.222,
				-23.667,
				1.333,
				-15,
				1,
				1.444,
				-6.333,
				1.556,
				-2,
				1.667,
				-2,
				1,
				1.778,
				-2,
				1.889,
				-5.392,
				2,
				-14,
				1,
				2.111,
				-22.608,
				2.222,
				-28,
				2.333,
				-28,
				1,
				2.444,
				-28,
				2.556,
				-23.667,
				2.667,
				-15,
				1,
				2.778,
				-6.333,
				2.889,
				-2,
				3,
				-2,
				1,
				3.111,
				-2,
				3.222,
				-5.392,
				3.333,
				-14,
				1,
				3.444,
				-22.608,
				3.556,
				-28,
				3.667,
				-28,
				1,
				3.778,
				-28,
				3.889,
				-23.667,
				4,
				-15
			]
		},
		{
			"Target": "Parameter",
			"Id": "Param6",
			"Segments": [
				0,
				0,
				1,
				0.111,
				0,
				0.222,
				-6.051,
				0.333,
				-16,
				1,
				0.444,
				-25.949,
				0.556,
				-30,
				0.667,
				-30,
				1,
				0.778,
				-30,
				0.889,
				-25.949,
				1,
				-16,
				1,
				1.111,
				-6.051,
				1.222,
				0,
				1.333,
				0,
				1,
				1.444,
				0,
				1.556,
				-6.051,
				1.667,
				-16,
				1,
				1.778,
				-25.949,
				1.889,
				-30,
				2,
				-30,
				1,
				2.111,
				-30,
				2.222,
				-25.949,
				2.333,
				-16,
				1,
				2.444,
				-6.051,
				2.556,
				0,
				2.667,
				0,
				1,
				2.778,
				0,
				2.889,
				-6.051,
				3,
				-16,
				1,
				3.111,
				-25.949,
				3.222,
				-30,
				3.333,
				-30,
				1,
				3.444,
				-30,
				3.556,
				-25.949,
				3.667,
				-16,
				1,
				3.778,
				-6.051,
				3.889,
				0,
				4,
				0
			]
		},
		{
			"Target": "Parameter",
			"Id": "Param8",
			"Segments": [
				0,
				25.119,
				1,
				0.056,
				23.159,
				0.111,
				20.159,
				0.167,
				16,
				1,
				0.278,
				7.682,
				0.389,
				3,
				0.5,
				3,
				1,
				0.611,
				3,
				0.722,
				7.682,
				0.833,
				16,
				1,
				0.944,
				24.318,
				1.056,
				28,
				1.167,
				28,
				1,
				1.278,
				28,
				1.389,
				24.318,
				1.5,
				16,
				1,
				1.611,
				7.682,
				1.722,
				3,
				1.833,
				3,
				1,
				1.944,
				3,
				2.056,
				7.682,
				2.167,
				16,
				1,
				2.278,
				24.318,
				2.389,
				28,
				2.5,
				28,
				1,
				2.611,
				28,
				2.722,
				24.318,
				2.833,
				16,
				1,
				2.944,
				7.682,
				3.056,
				3,
				3.167,
				3,
				1,
				3.278,
				3,
				3.389,
				7.682,
				3.5,
				16,
				1,
				3.611,
				24.318,
				3.722,
				28,
				3.833,
				28,
				1,
				3.889,
				28,
				3.944,
				27.709,
				4,
				26.973
			]
		},
		{
			"Target": "Parameter",
			"Id": "Param7",
			"Segments": [
				0,
				3.594,
				1,
				0.056,
				1.646,
				0.111,
				1,
				0.167,
				1,
				1,
				0.278,
				1,
				0.389,
				7.127,
				0.5,
				16,
				1,
				0.611,
				24.873,
				0.722,
				28,
				0.833,
				28,
				1,
				0.944,
				28,
				1.056,
				20.984,
				1.167,
				14,
				1,
				1.278,
				5.014,
				1.389,
				1,
				1.5,
				1,
				1,
				1.611,
				1,
				1.722,
				7.127,
				1.833,
				16,
				1,
				1.944,
				24.873,
				2.056,
				28,
				2.167,
				28,
				1,
				2.278,
				28,
				2.389,
				19.663,
				2.5,
				14,
				1,
				2.611,
				5.014,
				2.722,
				1,
				2.833,
				1,
				1,
				2.944,
				1,
				3.056,
				7.127,
				3.167,
				16,
				1,
				3.278,
				24.873,
				3.389,
				28,
				3.5,
				28,
				1,
				3.611,
				28,
				3.722,
				19.741,
				3.833,
				14,
				1,
				3.889,
				10.618,
				3.944,
				8.047,
				4,
				6.121
			]
		},
		{
			"Target": "Parameter",
			"Id": "ParamHairBack",
			"Segments": [
				0,
				-0.8,
				1,
				0.278,
				-0.8,
				0.556,
				0.8,
				0.833,
				0.8,
				1,
				1.167,
				0.8,
				1.5,
				-0.7,
				1.833,
				-0.7,
				1,
				2,
				-0.7,
				2.167,
				0.1,
				2.333,
				0.1,
				1,
				2.889,
				0.1,
				3.444,
				-0.8,
				4,
				-0.8
			]
		},
		{
			"Target": "Parameter",
			"Id": "ParamHairFront",
			"Segments": [
				0,
				-0.8,
				1,
				0.267,
				-0.8,
				0.533,
				0.9,
				0.8,
				0.9,
				1,
				1.022,
				0.9,
				1.244,
				-0.8,
				1.467,
				-0.8,
				1,
				1.767,
				-0.8,
				2.067,
				0.7,
				2.367,
				0.7,
				1,
				2.911,
				0.7,
				3.456,
				-0.8,
				4,
				-0.8
			]
		},
		{
			"Target": "Parameter",
			"Id": "ParamHairSide",
			"Segments": [
				0,
				-0.1,
				1,
				0.244,
				-0.1,
				0.489,
				0.9,
				0.733,
				0.9,
				1,
				0.956,
				0.9,
				1.178,
				-0.3,
				1.4,
				-0.3,
				1,
				1.733,
				-0.3,
				2.067,
				0.8,
				2.4,
				0.8,
				1,
				2.933,
				0.8,
				3.467,
				-0.1,
				4,
				-0.1
			]
		},
		{
			"Target": "Parameter",
			"Id": "Param2",
			"Segments": [
				0,
				-20,
				1,
				0.256,
				-20,
				0.511,
				21,
				0.767,
				21,
				1,
				0.967,
				21,
				1.167,
				-0.848,
				1.367,
				-8,
				1,
				1.689,
				-19.523,
				2.011,
				-21,
				2.333,
				-21,
				1,
				2.678,
				-21,
				3.022,
				-9,
				3.367,
				-9,
				1,
				3.578,
				-9,
				3.789,
				-20,
				4,
				-20
			]
		},
		{
			"Target": "Parameter",
			"Id": "Param3",
			"Segments": [
				0,
				-12,
				1,
				0.267,
				-12,
				0.533,
				21,
				0.8,
				21,
				1,
				1.044,
				21,
				1.289,
				-18,
				1.533,
				-18,
				1,
				1.911,
				-18,
				2.289,
				19,
				2.667,
				19,
				1,
				3.111,
				19,
				3.556,
				-12,
				4,
				-12
			]
		},
		{
			"Target": "Parameter",
			"Id": "Param4",
			"Segments": [
				0,
				-14,
				1,
				0.267,
				-14,
				0.533,
				24,
				0.8,
				24,
				1,
				1.067,
				24,
				1.333,
				-19,
				1.6,
				-19,
				1,
				1.967,
				-19,
				2.333,
				21,
				2.7,
				21,
				1,
				3.133,
				21,
				3.567,
				-14,
				4,
				-14
			]
		},
		{
			"Target": "Parameter",
			"Id": "Param55",
			"Segments": [
				0,
				-15,
				1,
				0.278,
				-15,
				0.556,
				22,
				0.833,
				22,
				1,
				1.1,
				22,
				1.367,
				-16,
				1.633,
				-16,
				1,
				2.078,
				-16,
				2.522,
				17,
				2.967,
				17,
				1,
				3.311,
				17,
				3.656,
				-15,
				4,
				-15
			]
		},
		{
			"Target": "Parameter",
			"Id": "Param56",
			"Segments": [
				0,
				-13,
				1,
				0.289,
				-13,
				0.578,
				24,
				0.867,
				24,
				1,
				1.133,
				24,
				1.4,
				-15,
				1.667,
				-15,
				1,
				2.1,
				-15,
				2.533,
				18,
				2.967,
				18,
				1,
				3.311,
				18,
				3.656,
				-13,
				4,
				-13
			]
		},
		{
			"Target": "Parameter",
			"Id": "Param57",
			"Segments": [
				0,
				-17,
				1,
				0.278,
				-17,
				0.556,
				22,
				0.833,
				22,
				1,
				1.067,
				22,
				1.3,
				-12,
				1.533,
				-12,
				1,
				2.022,
				-12,
				2.511,
				21,
				3,
				21,
				1,
				3.333,
				21,
				3.667,
				-17,
				4,
				-17
			]
		},
		{
			"Target": "Parameter",
			"Id": "ParamAngleX",
			"Segments": [
				0,
				-24,
				1,
				0.167,
				1.523,
				0.667,
				18,
				1,
				18,
				1,
				1.3,
				18,
				1.6,
				-14,
				1.9,
				-14,
				1,
				2.156,
				-14,
				2.411,
				1,
				2.667,
				1,
				1,
				3.111,
				1,
				3.556,
				-24,
				4,
				-24
			]
		},
		{
			"Target": "Parameter",
			"Id": "ParamAngleZ",
			"Segments": [
				0,
				1,
				1,
				0.278,
				1,
				0.556,
				7,
				0.833,
				7,
				1,
				1.333,
				7,
				1.833,
				-1,
				2.333,
				-1,
				1,
				2.667,
				-1,
				3,
				-1,
				3.333,
				-1,
				1,
				3.556,
				-1,
				3.778,
				1,
				4,
				1
			]
		},
		{
			"Target": "Parameter",
			"Id": "ParamEyeLOpen",
			"Segments": [
				0,
				1,
				1,
				0.111,
				1,
				0.222,
				1,
				0.333,
				1,
				1,
				0.389,
				1,
				0.444,
				0,
				0.5,
				0,
				1,
				0.556,
				0,
				0.611,
				1,
				0.667,
				1,
				1,
				1.333,
				1,
				2,
				1,
				2.667,
				1,
				1,
				2.678,
				1,
				2.689,
				0,
				2.7,
				0,
				1,
				2.722,
				0,
				2.744,
				1,
				2.767,
				1,
				0,
				4,
				1
			]
		},
		{
			"Target": "Parameter",
			"Id": "ParamEyeROpen",
			"Segments": [
				0,
				1,
				1,
				0.111,
				1,
				0.222,
				1,
				0.333,
				1,
				1,
				0.389,
				1,
				0.444,
				0,
				0.5,
				0,
				1,
				0.556,
				0,
				0.611,
				1,
				0.667,
				1,
				1,
				1.333,
				1,
				2,
				1,
				2.667,
				1,
				1,
				2.678,
				1,
				2.689,
				0,
				2.7,
				0,
				1,
				2.722,
				0,
				2.744,
				1,
				2.767,
				1,
				0,
				4,
				1
			]
		},
		{
			"Target": "Parameter",
			"Id": "ParamEyeBallX",
			"Segments": [
				0,
				0,
				1,
				0.289,
				0,
				0.578,
				0.4,
				0.867,
				0.4,
				1,
				1.244,
				0.4,
				1.622,
				-0.417,
				2,
				-0.5,
				1,
				2.5,
				-0.61,
				3,
				-0.6,
				3.5,
				-0.6,
				0,
				4,
				-0.6
			]
		},
		{
			"Target": "Parameter",
			"Id": "ParamEyeBallY",
			"Segments": [
				0,
				0,
				1,
				0.289,
				0,
				0.578,
				0.1,
				0.867,
				0.1,
				1,
				1.244,
				0.1,
				1.622,
				0.056,
				2,
				0,
				1,
				2.5,
				-0.075,
				3,
				-0.1,
				3.5,
				-0.1,
				0,
				4,
				-0.1
			]
		},
		{
			"Target": "Parameter",
			"Id": "ParamMouthOpenY",
			"Segments": [
				0,
				0,
				1,
				0.167,
				0,
				0.333,
				0.4,
				0.5,
				0.4,
				1,
				0.722,
				0.4,
				0.944,
				0,
				1.167,
				0,
				0,
				4,
				0
			]
		},
		{
			"Target": "Parameter",
			"Id": "ParamBodyAngleX",
			"Segments": [
				0,
				-1,
				1,
				0.444,
				-1,
				0.889,
				3,
				1.333,
				3,
				1,
				1.522,
				3,
				1.711,
				-2,
				1.9,
				-2,
				1,
				2.6,
				-2,
				3.3,
				-1,
				4,
				-1
			]
		},
		{
			"Target": "Parameter",
			"Id": "ParamBodyAngleZ",
			"Segments": [
				0,
				0,
				1,
				0.333,
				0,
				0.667,
				2,
				1,
				2,
				1,
				1.411,
				2,
				1.822,
				-1,
				2.233,
				-1,
				1,
				2.567,
				-1,
				2.9,
				2,
				3.233,
				2,
				1,
				3.489,
				2,
				3.744,
				0,
				4,
				0
			]
		},
		{
			"Target": "Parameter",
			"Id": "ParamBreath",
			"Segments": [
				0,
				0,
				1,
				0.278,
				0,
				0.556,
				1,
				0.833,
				1,
				1,
				1.222,
				1,
				1.611,
				0,
				2,
				0,
				1,
				2.389,
				0,
				2.778,
				1,
				3.167,
				1,
				1,
				3.444,
				1,
				3.722,
				0,
				4,
				0
			]
		},
		{
			"Target": "Parameter",
			"Id": "Param48",
			"Segments": [
				0,
				4.4,
				1,
				0.389,
				4.4,
				0.778,
				15,
				1.167,
				15,
				1,
				1.544,
				15,
				1.922,
				2,
				2.3,
				2,
				1,
				2.689,
				2,
				3.078,
				15,
				3.467,
				15,
				1,
				3.644,
				15,
				3.822,
				4.4,
				4,
				4.4
			]
		},
		{
			"Target": "Parameter",
			"Id": "Param78",
			"Segments": [
				0,
				3.9,
				1,
				0.267,
				3.9,
				0.533,
				8,
				0.8,
				8,
				1,
				1.189,
				8,
				1.578,
				0,
				1.967,
				0,
				1,
				2.389,
				0,
				2.811,
				8,
				3.233,
				8,
				1,
				3.489,
				8,
				3.744,
				3.9,
				4,
				3.9
			]
		},
		{
			"Target": "Parameter",
			"Id": "Param101",
			"Segments": [
				0,
				-6,
				1,
				0.444,
				-6,
				0.889,
				16,
				1.333,
				16,
				1,
				1.722,
				16,
				2.111,
				-11,
				2.5,
				-11,
				1,
				2.778,
				-11,
				3.056,
				6,
				3.333,
				6,
				1,
				3.556,
				6,
				3.778,
				-6,
				4,
				-6
			]
		},
		{
			"Target": "Parameter",
			"Id": "Param49",
			"Segments": [
				0,
				0,
				1,
				0.111,
				0,
				0.222,
				4.85,
				0.333,
				11,
				1,
				0.444,
				17.15,
				0.556,
				19,
				0.667,
				19,
				1,
				0.778,
				19,
				0.889,
				16.313,
				1,
				10,
				1,
				1.111,
				3.687,
				1.222,
				0,
				1.333,
				0,
				1,
				1.444,
				0,
				1.556,
				4.85,
				1.667,
				11,
				1,
				1.778,
				17.15,
				1.889,
				19,
				2,
				19,
				1,
				2.111,
				19,
				2.222,
				16.313,
				2.333,
				10,
				1,
				2.444,
				3.687,
				2.556,
				0,
				2.667,
				0,
				1,
				2.778,
				0,
				2.889,
				4.85,
				3,
				11,
				1,
				3.111,
				17.15,
				3.222,
				19,
				3.333,
				19,
				1,
				3.444,
				19,
				3.556,
				16.313,
				3.667,
				10,
				1,
				3.778,
				3.687,
				3.889,
				0,
				4,
				0
			]
		},
		{
			"Target": "Parameter",
			"Id": "Param50",
			"Segments": [
				0,
				5,
				1,
				0.111,
				-3.052,
				0.222,
				-12,
				0.333,
				-12,
				1,
				0.444,
				-12,
				0.556,
				-3.509,
				0.667,
				9,
				1,
				0.778,
				21.509,
				0.889,
				26,
				1,
				26,
				1,
				1.111,
				26,
				1.222,
				17.509,
				1.333,
				5,
				1,
				1.444,
				-7.509,
				1.556,
				-12,
				1.667,
				-12,
				1,
				1.778,
				-12,
				1.889,
				-3.509,
				2,
				9,
				1,
				2.111,
				21.509,
				2.222,
				26,
				2.333,
				26,
				1,
				2.444,
				26,
				2.556,
				17.509,
				2.667,
				5,
				1,
				2.778,
				-7.509,
				2.889,
				-12,
				3,
				-12,
				1,
				3.111,
				-12,
				3.222,
				-3.509,
				3.333,
				9,
				1,
				3.444,
				21.509,
				3.556,
				26,
				3.667,
				26,
				1,
				3.778,
				26,
				3.889,
				17.509,
				4,
				5
			]
		},
		{
			"Target": "Parameter",
			"Id": "Param67",
			"Segments": [
				0,
				5,
				1,
				0.111,
				5,
				0.222,
				9.85,
				0.333,
				16,
				1,
				0.444,
				22.15,
				0.556,
				24,
				0.667,
				24,
				1,
				0.778,
				24,
				0.889,
				20.313,
				1,
				14,
				1,
				1.111,
				7.687,
				1.222,
				5,
				1.333,
				5,
				1,
				1.444,
				5,
				1.556,
				9.85,
				1.667,
				16,
				1,
				1.778,
				22.15,
				1.889,
				24,
				2,
				24,
				1,
				2.111,
				24,
				2.222,
				20.313,
				2.333,
				14,
				1,
				2.444,
				7.687,
				2.556,
				5,
				2.667,
				5,
				1,
				2.778,
				5,
				2.889,
				9.85,
				3,
				16,
				1,
				3.111,
				22.15,
				3.222,
				24,
				3.333,
				24,
				1,
				3.444,
				24,
				3.556,
				20.313,
				3.667,
				14,
				1,
				3.778,
				7.687,
				3.889,
				5,
				4,
				5
			]
		},
		{
			"Target": "Parameter",
			"Id": "Param68",
			"Segments": [
				0,
				-1,
				1,
				0.111,
				9.295,
				0.222,
				21,
				0.333,
				21,
				1,
				0.444,
				21,
				0.556,
				14.325,
				0.667,
				0,
				1,
				0.778,
				-14.325,
				0.889,
				-22,
				1,
				-22,
				1,
				1.111,
				-22,
				1.222,
				-15.325,
				1.333,
				-1,
				1,
				1.444,
				13.325,
				1.556,
				21,
				1.667,
				21,
				1,
				1.778,
				21,
				1.889,
				14.325,
				2,
				0,
				1,
				2.111,
				-14.325,
				2.222,
				-22,
				2.333,
				-22,
				1,
				2.444,
				-22,
				2.556,
				-15.325,
				2.667,
				-1,
				1,
				2.778,
				13.325,
				2.889,
				21,
				3,
				21,
				1,
				3.111,
				21,
				3.222,
				14.325,
				3.333,
				0,
				1,
				3.444,
				-14.325,
				3.556,
				-22,
				3.667,
				-22,
				1,
				3.778,
				-22,
				3.889,
				-15.325,
				4,
				-1
			]
		},
		{
			"Target": "Parameter",
			"Id": "Param16",
			"Segments": [
				0,
				-6,
				1,
				0.111,
				-6,
				0.222,
				-4.769,
				0.333,
				0,
				1,
				0.444,
				4.769,
				0.556,
				9,
				0.667,
				9,
				1,
				0.778,
				9,
				0.889,
				3.368,
				1,
				-1,
				1,
				1.111,
				-5.368,
				1.222,
				-6,
				1.333,
				-6,
				1,
				1.444,
				-6,
				1.556,
				-4.769,
				1.667,
				0,
				1,
				1.778,
				4.769,
				1.889,
				9,
				2,
				9,
				1,
				2.111,
				9,
				2.222,
				3.368,
				2.333,
				-1,
				1,
				2.444,
				-5.368,
				2.556,
				-6,
				2.667,
				-6,
				1,
				2.778,
				-6,
				2.889,
				-4.769,
				3,
				0,
				1,
				3.111,
				4.769,
				3.222,
				9,
				3.333,
				9,
				1,
				3.444,
				9,
				3.556,
				3.368,
				3.667,
				-1,
				1,
				3.778,
				-5.368,
				3.889,
				-6,
				4,
				-6
			]
		},
		{
			"Target": "Parameter",
			"Id": "Param17",
			"Segments": [
				0,
				-1,
				1,
				0.111,
				4.189,
				0.222,
				11,
				0.333,
				11,
				1,
				0.444,
				11,
				0.556,
				5.835,
				0.667,
				-1,
				1,
				0.778,
				-7.835,
				0.889,
				-10,
				1,
				-10,
				1,
				1.111,
				-10,
				1.222,
				-7.835,
				1.333,
				-1,
				1,
				1.444,
				5.835,
				1.556,
				11,
				1.667,
				11,
				1,
				1.778,
				11,
				1.889,
				5.835,
				2,
				-1,
				1,
				2.111,
				-7.835,
				2.222,
				-10,
				2.333,
				-10,
				1,
				2.444,
				-10,
				2.556,
				-7.835,
				2.667,
				-1,
				1,
				2.778,
				5.835,
				2.889,
				11,
				3,
				11,
				1,
				3.111,
				11,
				3.222,
				5.835,
				3.333,
				-1,
				1,
				3.444,
				-7.835,
				3.556,
				-10,
				3.667,
				-10,
				1,
				3.778,
				-10,
				3.889,
				-7.835,
				4,
				-1
			]
		},
		{
			"Target": "Parameter",
			"Id": "Param69",
			"Segments": [
				0,
				-7,
				1,
				0.111,
				-7,
				0.222,
				-4.333,
				0.333,
				1,
				1,
				0.444,
				6.333,
				0.556,
				9,
				0.667,
				9,
				1,
				0.778,
				9,
				0.889,
				5.237,
				1,
				0,
				1,
				1.111,
				-5.237,
				1.222,
				-7,
				1.333,
				-7,
				1,
				1.444,
				-7,
				1.556,
				-4.333,
				1.667,
				1,
				1,
				1.778,
				6.333,
				1.889,
				9,
				2,
				9,
				1,
				2.111,
				9,
				2.222,
				5.237,
				2.333,
				0,
				1,
				2.444,
				-5.237,
				2.556,
				-7,
				2.667,
				-7,
				1,
				2.778,
				-7,
				2.889,
				-4.333,
				3,
				1,
				1,
				3.111,
				6.333,
				3.222,
				9,
				3.333,
				9,
				1,
				3.444,
				9,
				3.556,
				5.237,
				3.667,
				0,
				1,
				3.778,
				-5.237,
				3.889,
				-7,
				4,
				-7
			]
		},
		{
			"Target": "Parameter",
			"Id": "Param70",
			"Segments": [
				0,
				0,
				1,
				0.111,
				5.661,
				0.222,
				12,
				0.333,
				12,
				1,
				0.444,
				12,
				0.556,
				5.25,
				0.667,
				-2,
				1,
				0.778,
				-9.25,
				0.889,
				-11,
				1,
				-11,
				1,
				1.111,
				-11,
				1.222,
				-7.65,
				1.333,
				0,
				1,
				1.444,
				7.65,
				1.556,
				12,
				1.667,
				12,
				1,
				1.778,
				12,
				1.889,
				5.25,
				2,
				-2,
				1,
				2.111,
				-9.25,
				2.222,
				-11,
				2.333,
				-11,
				1,
				2.444,
				-11,
				2.556,
				-7.65,
				2.667,
				0,
				1,
				2.778,
				7.65,
				2.889,
				12,
				3,
				12,
				1,
				3.111,
				12,
				3.222,
				5.25,
				3.333,
				-2,
				1,
				3.444,
				-9.25,
				3.556,
				-11,
				3.667,
				-11,
				1,
				3.778,
				-11,
				3.889,
				-7.65,
				4,
				0
			]
		},
		{
			"Target": "Parameter",
			"Id": "Param51",
			"Segments": [
				0,
				-4,
				1,
				0.333,
				-4,
				0.667,
				8,
				1,
				8,
				1,
				1.556,
				8,
				2.111,
				-9,
				2.667,
				-9,
				1,
				3.111,
				-9,
				3.556,
				-4,
				4,
				-4
			]
		},
		{
			"Target": "Parameter",
			"Id": "Param52",
			"Segments": [
				0,
				-4,
				1,
				0.167,
				-4,
				0.333,
				-4,
				0.5,
				-4,
				1,
				0.778,
				-4,
				1.056,
				9,
				1.333,
				9,
				1,
				1.878,
				9,
				2.422,
				-8,
				2.967,
				-8,
				1,
				3.311,
				-8,
				3.656,
				-4,
				4,
				-4
			]
		},
		{
			"Target": "Parameter",
			"Id": "Param63",
			"Segments": [
				0,
				0,
				0,
				4,
				0
			]
		},
		{
			"Target": "Parameter",
			"Id": "Param79",
			"Segments": [
				0,
				7,
				1,
				0.289,
				7,
				0.578,
				-3,
				0.867,
				-3,
				1,
				1.311,
				-3,
				1.756,
				-3.127,
				2.2,
				-2,
				1,
				2.556,
				-1.098,
				2.911,
				9,
				3.267,
				9,
				1,
				3.511,
				9,
				3.756,
				7,
				4,
				7
			]
		},
		{
			"Target": "Parameter",
			"Id": "Param80",
			"Segments": [
				0,
				0,
				1,
				0.267,
				0,
				0.533,
				7,
				0.8,
				7,
				1,
				1.244,
				7,
				1.689,
				7,
				2.133,
				7,
				1,
				2.489,
				7,
				2.844,
				0,
				3.2,
				0,
				1,
				3.467,
				0,
				3.733,
				0,
				4,
				0
			]
		}
	]
}