{
	"Version": 3,
	"Meta": {
		"Duration": 7,
		"Fps": 30.0,
		"Loop": true,
		"AreBeziersRestricted": true,
		"CurveCount": 150,
		"TotalSegmentCount": 995,
		"TotalPointCount": 3019,
		"UserDataCount": 0,
		"TotalUserDataSize": 0
	},
	"Curves": [
		{
			"Target": "Model",
			"Id": "Opacity",
			"Segments": [
				0,
				1,
				0,
				7,
				1
			]
		},
		{
			"Target": "Model",
			"Id": "EyeBlink",
			"Segments": [
				0,
				1,
				0,
				7,
				1
			]
		},
		{
			"Target": "Model",
			"Id": "LipSync",
			"Segments": [
				0,
				0,
				0,
				7,
				0
			]
		},
		{
			"Target": "Parameter",
			"Id": "Param85",
			"Segments": [
				0,
				0,
				1,
				0.111,
				0,
				0.222,
				-0.609,
				0.333,
				-0.609,
				1,
				0.744,
				-0.609,
				1.156,
				0.62,
				1.567,
				0.62,
				1,
				1.989,
				0.62,
				2.411,
				-0.609,
				2.833,
				-0.609,
				1,
				3.244,
				-0.609,
				3.656,
				0.62,
				4.067,
				0.62,
				1,
				4.478,
				0.62,
				4.889,
				-0.609,
				5.3,
				-0.609,
				1,
				5.711,
				-0.609,
				6.122,
				0.62,
				6.533,
				0.62,
				1,
				6.689,
				0.62,
				6.844,
				0.453,
				7,
				0.242
			]
		},
		{
			"Target": "Parameter",
			"Id": "Param86",
			"Segments": [
				0,
				0,
				1,
				0.344,
				0,
				0.689,
				1.036,
				1.033,
				1.036,
				1,
				1.444,
				1.036,
				1.856,
				-1.124,
				2.267,
				-1.124,
				1,
				2.689,
				-1.124,
				3.111,
				1.036,
				3.533,
				1.036,
				1,
				3.944,
				1.036,
				4.356,
				-1.124,
				4.767,
				-1.124,
				1,
				5.178,
				-1.124,
				5.589,
				1.036,
				6,
				1.036,
				1,
				6.333,
				1.036,
				6.667,
				-0.384,
				7,
				-0.921
			]
		},
		{
			"Target": "Parameter",
			"Id": "Param87",
			"Segments": [
				0,
				0,
				1,
				0.411,
				0,
				0.822,
				-0.686,
				1.233,
				-0.686,
				1,
				1.656,
				-0.686,
				2.078,
				0.521,
				2.5,
				0.521,
				1,
				2.911,
				0.521,
				3.322,
				-0.686,
				3.733,
				-0.686,
				1,
				4.144,
				-0.686,
				4.556,
				0.521,
				4.967,
				0.521,
				1,
				5.378,
				0.521,
				5.789,
				-0.686,
				6.2,
				-0.686,
				1,
				6.467,
				-0.686,
				6.733,
				-0.204,
				7,
				0.15
			]
		},
		{
			"Target": "Parameter",
			"Id": "Param88",
			"Segments": [
				0,
				0,
				1,
				0.233,
				0,
				0.467,
				-0.823,
				0.7,
				-0.823,
				1,
				1.111,
				-0.823,
				1.522,
				1.003,
				1.933,
				1.003,
				1,
				2.356,
				1.003,
				2.778,
				-0.823,
				3.2,
				-0.823,
				1,
				3.611,
				-0.823,
				4.022,
				1.003,
				4.433,
				1.003,
				1,
				4.844,
				1.003,
				5.256,
				-0.823,
				5.667,
				-0.823,
				1,
				6.078,
				-0.823,
				6.489,
				1.003,
				6.9,
				1.003,
				1,
				6.933,
				1.003,
				6.967,
				0.992,
				7,
				0.971
			]
		},
		{
			"Target": "Parameter",
			"Id": "Param89",
			"Segments": [
				0,
				0,
				1,
				0.133,
				0,
				0.267,
				-0.445,
				0.4,
				-0.445,
				1,
				0.811,
				-0.445,
				1.222,
				0.55,
				1.633,
				0.55,
				1,
				2.056,
				0.55,
				2.478,
				-0.445,
				2.9,
				-0.445,
				1,
				3.311,
				-0.445,
				3.722,
				0.55,
				4.133,
				0.55,
				1,
				4.544,
				0.55,
				4.956,
				-0.445,
				5.367,
				-0.445,
				1,
				5.778,
				-0.445,
				6.189,
				0.55,
				6.6,
				0.55,
				1,
				6.733,
				0.55,
				6.867,
				0.451,
				7,
				0.315
			]
		},
		{
			"Target": "Parameter",
			"Id": "Param90",
			"Segments": [
				0,
				0,
				1,
				0.367,
				0,
				0.733,
				0.772,
				1.1,
				0.772,
				1,
				1.511,
				0.772,
				1.922,
				-0.745,
				2.333,
				-0.745,
				1,
				2.756,
				-0.745,
				3.178,
				0.772,
				3.6,
				0.772,
				1,
				4.011,
				0.772,
				4.422,
				-0.745,
				4.833,
				-0.745,
				1,
				5.244,
				-0.745,
				5.656,
				0.772,
				6.067,
				0.772,
				1,
				6.378,
				0.772,
				6.689,
				-0.097,
				7,
				-0.52
			]
		},
		{
			"Target": "Parameter",
			"Id": "Param91",
			"Segments": [
				0,
				0,
				1,
				0.322,
				0,
				0.644,
				1.677,
				0.967,
				1.677,
				1,
				1.389,
				1.677,
				1.811,
				-2.076,
				2.233,
				-2.076,
				1,
				2.644,
				-2.076,
				3.056,
				1.677,
				3.467,
				1.677,
				1,
				3.878,
				1.677,
				4.289,
				-2.076,
				4.7,
				-2.076,
				1,
				5.111,
				-2.076,
				5.522,
				1.677,
				5.933,
				1.677,
				1,
				6.289,
				1.677,
				6.644,
				-0.985,
				7,
				-1.825
			]
		},
		{
			"Target": "Parameter",
			"Id": "Param92",
			"Segments": [
				0,
				0,
				1,
				0.144,
				0,
				0.289,
				2.717,
				0.433,
				2.717,
				1,
				0.844,
				2.717,
				1.256,
				-3.103,
				1.667,
				-3.103,
				1,
				2.089,
				-3.103,
				2.511,
				2.717,
				2.933,
				2.717,
				1,
				3.344,
				2.717,
				3.756,
				-3.103,
				4.167,
				-3.103,
				1,
				4.578,
				-3.103,
				4.989,
				2.717,
				5.4,
				2.717,
				1,
				5.811,
				2.717,
				6.222,
				-3.103,
				6.633,
				-3.103,
				1,
				6.756,
				-3.103,
				6.878,
				-2.615,
				7,
				-1.922
			]
		},
		{
			"Target": "Parameter",
			"Id": "Param93",
			"Segments": [
				0,
				0,
				1,
				0.389,
				0,
				0.778,
				0.233,
				1.167,
				0.233,
				1,
				1.589,
				0.233,
				2.011,
				-0.346,
				2.433,
				-0.346,
				1,
				2.844,
				-0.346,
				3.256,
				0.233,
				3.667,
				0.233,
				1,
				4.078,
				0.233,
				4.489,
				-0.346,
				4.9,
				-0.346,
				1,
				5.311,
				-0.346,
				5.722,
				0.233,
				6.133,
				0.233,
				1,
				6.422,
				0.233,
				6.711,
				-0.038,
				7,
				-0.21
			]
		},
		{
			"Target": "Parameter",
			"Id": "Param94",
			"Segments": [
				0,
				0,
				1,
				0.211,
				0,
				0.422,
				0.511,
				0.633,
				0.511,
				1,
				1.044,
				0.511,
				1.456,
				-0.489,
				1.867,
				-0.489,
				1,
				2.289,
				-0.489,
				2.711,
				0.511,
				3.133,
				0.511,
				1,
				3.544,
				0.511,
				3.956,
				-0.489,
				4.367,
				-0.489,
				1,
				4.778,
				-0.489,
				5.189,
				0.511,
				5.6,
				0.511,
				1,
				6.011,
				0.511,
				6.422,
				-0.489,
				6.833,
				-0.489,
				1,
				6.889,
				-0.489,
				6.944,
				-0.471,
				7,
				-0.441
			]
		},
		{
			"Target": "Parameter",
			"Id": "Param95",
			"Segments": [
				0,
				0,
				1,
				0.411,
				0,
				0.822,
				0.472,
				1.233,
				0.472,
				1,
				1.656,
				0.472,
				2.078,
				-0.511,
				2.5,
				-0.511,
				1,
				2.911,
				-0.511,
				3.322,
				0.472,
				3.733,
				0.472,
				1,
				4.144,
				0.472,
				4.556,
				-0.511,
				4.967,
				-0.511,
				1,
				5.378,
				-0.511,
				5.789,
				0.472,
				6.2,
				0.472,
				1,
				6.467,
				0.472,
				6.733,
				0.08,
				7,
				-0.209
			]
		},
		{
			"Target": "Parameter",
			"Id": "Param96",
			"Segments": [
				0,
				0,
				1,
				0.233,
				0,
				0.467,
				0.736,
				0.7,
				0.736,
				1,
				1.111,
				0.736,
				1.522,
				-0.869,
				1.933,
				-0.869,
				1,
				2.356,
				-0.869,
				2.778,
				0.736,
				3.2,
				0.736,
				1,
				3.611,
				0.736,
				4.022,
				-0.869,
				4.433,
				-0.869,
				1,
				4.844,
				-0.869,
				5.256,
				0.736,
				5.667,
				0.736,
				1,
				6.078,
				0.736,
				6.489,
				-0.869,
				6.9,
				-0.869,
				1,
				6.933,
				-0.869,
				6.967,
				-0.859,
				7,
				-0.84
			]
		},
		{
			"Target": "Parameter",
			"Id": "Param100",
			"Segments": [
				0,
				0,
				0,
				2.3,
				-30,
				0,
				3.233,
				-30,
				0,
				7,
				-59.98
			]
		},
		{
			"Target": "Parameter",
			"Id": "Param101",
			"Segments": [
				0,
				-30,
				1,
				1.256,
				-30,
				2.511,
				0,
				3.767,
				0,
				0,
				7,
				0
			]
		},
		{
			"Target": "Parameter",
			"Id": "Param102",
			"Segments": [
				0,
				0,
				0,
				2.9,
				30,
				0,
				3.733,
				30,
				0,
				7,
				60.34
			]
		},
		{
			"Target": "Parameter",
			"Id": "Param103",
			"Segments": [
				0,
				-30,
				1,
				1.256,
				-30,
				2.511,
				0,
				3.767,
				0,
				0,
				7,
				0
			]
		},
		{
			"Target": "Parameter",
			"Id": "ParamBrowRX",
			"Segments": [
				0,
				0,
				1,
				0.556,
				0,
				1.111,
				0,
				1.667,
				0,
				0,
				7,
				0
			]
		},
		{
			"Target": "Parameter",
			"Id": "ParamBrowRY",
			"Segments": [
				0,
				0,
				1,
				0.556,
				0,
				1.111,
				0,
				1.667,
				0,
				1,
				1.833,
				0,
				2,
				-0.1,
				2.167,
				-0.1,
				1,
				2.4,
				-0.1,
				2.633,
				0,
				2.867,
				0,
				1,
				4.244,
				0,
				5.622,
				0,
				7,
				0
			]
		},
		{
			"Target": "Parameter",
			"Id": "ParamBrowRAngle",
			"Segments": [
				0,
				0,
				1,
				0.556,
				0,
				1.111,
				0,
				1.667,
				0,
				0,
				7,
				0
			]
		},
		{
			"Target": "Parameter",
			"Id": "ParamBrowRForm",
			"Segments": [
				0,
				1,
				0,
				7,
				1
			]
		},
		{
			"Target": "Parameter",
			"Id": "ParamMouthForm",
			"Segments": [
				0,
				-1,
				1,
				0.044,
				-1,
				0.089,
				-0.79,
				0.133,
				-0.79,
				1,
				0.178,
				-0.79,
				0.222,
				-1,
				0.267,
				-1,
				1,
				0.311,
				-1,
				0.356,
				-0.799,
				0.4,
				-0.799,
				1,
				0.467,
				-0.799,
				0.533,
				-1,
				0.6,
				-1,
				1,
				0.644,
				-1,
				0.689,
				-0.8,
				0.733,
				-0.8,
				1,
				0.789,
				-0.8,
				0.844,
				-1,
				0.9,
				-1,
				1,
				0.944,
				-1,
				0.989,
				-0.8,
				1.033,
				-0.8,
				1,
				1.089,
				-0.8,
				1.144,
				-1,
				1.2,
				-1,
				1,
				1.244,
				-1,
				1.289,
				-0.8,
				1.333,
				-0.8,
				1,
				1.378,
				-0.8,
				1.422,
				-1,
				1.467,
				-1,
				1,
				1.867,
				-1,
				2.267,
				-0.79,
				2.667,
				-0.79,
				1,
				2.711,
				-0.79,
				2.756,
				-1,
				2.8,
				-1,
				1,
				2.844,
				-1,
				2.889,
				-0.769,
				2.933,
				-0.769,
				1,
				3,
				-0.769,
				3.067,
				-1,
				3.133,
				-1,
				1,
				3.178,
				-1,
				3.222,
				-0.8,
				3.267,
				-0.8,
				1,
				3.322,
				-0.8,
				3.378,
				-1,
				3.433,
				-1,
				1,
				3.478,
				-1,
				3.522,
				-0.8,
				3.567,
				-0.8,
				1,
				3.622,
				-0.8,
				3.678,
				-1,
				3.733,
				-1,
				1,
				3.778,
				-1,
				3.822,
				-0.8,
				3.867,
				-0.8,
				1,
				3.911,
				-0.8,
				3.956,
				-1,
				4,
				-1,
				1,
				4.078,
				-1,
				4.156,
				-0.4,
				4.233,
				-0.4,
				1,
				4.278,
				-0.4,
				4.322,
				-1,
				4.367,
				-1,
				1,
				4.411,
				-1,
				4.456,
				-0.6,
				4.5,
				-0.6,
				1,
				4.567,
				-0.6,
				4.633,
				-1,
				4.7,
				-1,
				1,
				4.744,
				-1,
				4.789,
				-0.8,
				4.833,
				-0.8,
				1,
				4.889,
				-0.8,
				4.944,
				-1,
				5,
				-1,
				0,
				7,
				-1
			]
		},
		{
			"Target": "Parameter",
			"Id": "ParamMouthOpenY",
			"Segments": [
				0,
				0,
				1,
				0.044,
				0,
				0.089,
				0.965,
				0.133,
				0.965,
				1,
				0.178,
				0.965,
				0.222,
				0.741,
				0.267,
				0.741,
				1,
				0.289,
				0.741,
				0.311,
				0.808,
				0.333,
				0.808,
				1,
				0.356,
				0.808,
				0.378,
				0.4,
				0.4,
				0.4,
				1,
				0.422,
				0.4,
				0.444,
				0.929,
				0.467,
				0.929,
				1,
				0.489,
				0.929,
				0.511,
				0,
				0.533,
				0,
				1,
				0.556,
				0,
				0.578,
				0.561,
				0.6,
				0.561,
				1,
				0.622,
				0.561,
				0.644,
				0.129,
				0.667,
				0.129,
				1,
				0.689,
				0.129,
				0.711,
				0.682,
				0.733,
				0.682,
				1,
				0.756,
				0.682,
				0.778,
				0.451,
				0.8,
				0.451,
				1,
				0.822,
				0.451,
				0.844,
				0.671,
				0.867,
				0.671,
				1,
				0.889,
				0.671,
				0.911,
				0.027,
				0.933,
				0.027,
				1,
				0.956,
				0.027,
				0.978,
				0.745,
				1,
				0.745,
				1,
				1.022,
				0.745,
				1.044,
				0.051,
				1.067,
				0.051,
				1,
				1.089,
				0.051,
				1.111,
				0.647,
				1.133,
				0.647,
				1,
				1.156,
				0.647,
				1.178,
				0.396,
				1.2,
				0.396,
				1,
				1.244,
				0.396,
				1.289,
				0.643,
				1.333,
				0.643,
				1,
				1.356,
				0.643,
				1.378,
				0.357,
				1.4,
				0.357,
				1,
				1.422,
				0.357,
				1.444,
				0.886,
				1.467,
				0.886,
				1,
				1.6,
				0.886,
				1.733,
				0,
				1.867,
				0,
				1,
				2.133,
				0,
				2.4,
				0,
				2.667,
				0,
				1,
				2.689,
				0,
				2.711,
				0.2,
				2.733,
				0.2,
				1,
				2.756,
				0.2,
				2.778,
				0.094,
				2.8,
				0.094,
				1,
				2.844,
				0.094,
				2.889,
				0.384,
				2.933,
				0.384,
				1,
				2.956,
				0.384,
				2.978,
				0.102,
				3,
				0.102,
				1,
				3.022,
				0.102,
				3.044,
				0.933,
				3.067,
				0.933,
				1,
				3.133,
				0.933,
				3.2,
				0.173,
				3.267,
				0.173,
				1,
				3.311,
				0.173,
				3.356,
				0.851,
				3.4,
				0.851,
				1,
				3.422,
				0.851,
				3.444,
				0.012,
				3.467,
				0.012,
				1,
				3.489,
				0.012,
				3.511,
				0.42,
				3.533,
				0.42,
				1,
				3.556,
				0.42,
				3.578,
				0,
				3.6,
				0,
				1,
				3.622,
				0,
				3.644,
				0.988,
				3.667,
				0.988,
				1,
				3.711,
				0.988,
				3.756,
				0.11,
				3.8,
				0.11,
				1,
				3.822,
				0.11,
				3.844,
				0.89,
				3.867,
				0.89,
				1,
				3.911,
				0.89,
				3.956,
				0.216,
				4,
				0.216,
				1,
				4.044,
				0.216,
				4.089,
				0.902,
				4.133,
				0.902,
				1,
				4.156,
				0.902,
				4.178,
				0.098,
				4.2,
				0.098,
				1,
				4.267,
				0.098,
				4.333,
				0.812,
				4.4,
				0.812,
				1,
				4.422,
				0.812,
				4.444,
				0.812,
				4.467,
				0.812,
				1,
				4.489,
				0.812,
				4.511,
				0.322,
				4.533,
				0.322,
				1,
				4.556,
				0.322,
				4.578,
				0.337,
				4.6,
				0.337,
				1,
				4.622,
				0.337,
				4.644,
				0.035,
				4.667,
				0.035,
				1,
				4.689,
				0.035,
				4.711,
				0.145,
				4.733,
				0.145,
				1,
				4.778,
				0.145,
				4.822,
				0,
				4.867,
				0,
				1,
				4.911,
				0,
				4.956,
				1,
				5,
				1,
				0,
				7,
				1
			]
		},
		{
			"Target": "Parameter",
			"Id": "Param3",
			"Segments": [
				0,
				0,
				0,
				7,
				0
			]
		},
		{
			"Target": "Parameter",
			"Id": "Param4",
			"Segments": [
				0,
				0,
				0,
				7,
				0
			]
		},
		{
			"Target": "Parameter",
			"Id": "Param5",
			"Segments": [
				0,
				-0.6,
				0,
				7,
				-0.6
			]
		},
		{
			"Target": "Parameter",
			"Id": "ParamEyeLOpen",
			"Segments": [
				0,
				1,
				0,
				7,
				1
			]
		},
		{
			"Target": "Parameter",
			"Id": "ParamEyeLSmile",
			"Segments": [
				0,
				0,
				0,
				7,
				0
			]
		},
		{
			"Target": "Parameter",
			"Id": "ParamEyeROpen",
			"Segments": [
				0,
				0.8,
				1,
				0.089,
				0.8,
				0.178,
				0.8,
				0.267,
				0.8,
				1,
				0.356,
				0.8,
				0.444,
				0,
				0.533,
				0,
				1,
				0.611,
				0,
				0.689,
				0.8,
				0.767,
				0.8,
				1,
				1.689,
				0.8,
				2.611,
				0.8,
				3.533,
				0.8,
				1,
				3.667,
				0.8,
				3.8,
				0,
				3.933,
				0,
				1,
				4.067,
				0,
				4.2,
				0.8,
				4.333,
				0.8,
				0,
				7,
				0.8
			]
		},
		{
			"Target": "Parameter",
			"Id": "ParamEyeRSmile",
			"Segments": [
				0,
				0,
				0,
				7,
				0
			]
		},
		{
			"Target": "Parameter",
			"Id": "ParamEyeBallX",
			"Segments": [
				0,
				0,
				0,
				7,
				0
			]
		},
		{
			"Target": "Parameter",
			"Id": "ParamEyeBallY",
			"Segments": [
				0,
				0,
				0,
				7,
				0
			]
		},
		{
			"Target": "Parameter",
			"Id": "Param",
			"Segments": [
				0,
				0,
				0,
				7,
				0
			]
		},
		{
			"Target": "Parameter",
			"Id": "Param2",
			"Segments": [
				0,
				0,
				0,
				7,
				0
			]
		},
		{
			"Target": "Parameter",
			"Id": "ParamHairFront",
			"Segments": [
				0,
				0,
				1,
				0.333,
				0,
				0.667,
				1,
				1,
				1,
				1,
				1.367,
				1,
				1.733,
				-1,
				2.1,
				-1,
				1,
				2.444,
				-1,
				2.789,
				1,
				3.133,
				1,
				1,
				3.489,
				1,
				3.844,
				-1,
				4.2,
				-1,
				1,
				4.544,
				-1,
				4.889,
				1,
				5.233,
				1,
				1,
				5.6,
				1,
				5.967,
				-1,
				6.333,
				-1,
				1,
				6.556,
				-1,
				6.778,
				-0.219,
				7,
				0.367
			]
		},
		{
			"Target": "Parameter",
			"Id": "ParamHairSide",
			"Segments": [
				0,
				0,
				1,
				0.156,
				0,
				0.311,
				-1,
				0.467,
				-1,
				1,
				0.8,
				-1,
				1.133,
				1,
				1.467,
				1,
				1,
				1.833,
				1,
				2.2,
				-1,
				2.567,
				-1,
				1,
				2.911,
				-1,
				3.256,
				1,
				3.6,
				1,
				1,
				3.967,
				1,
				4.333,
				-1,
				4.7,
				-1,
				1,
				5.033,
				-1,
				5.367,
				1,
				5.7,
				1,
				1,
				6.078,
				1,
				6.456,
				-1,
				6.833,
				-1,
				1,
				6.889,
				-1,
				6.944,
				-0.948,
				7,
				-0.861
			]
		},
		{
			"Target": "Parameter",
			"Id": "ParamHairBack",
			"Segments": [
				0,
				0,
				1,
				0.289,
				0,
				0.578,
				0.818,
				0.867,
				0.818,
				1,
				1.211,
				0.818,
				1.556,
				-0.832,
				1.9,
				-0.832,
				1,
				2.267,
				-0.832,
				2.633,
				0.818,
				3,
				0.818,
				1,
				3.344,
				0.818,
				3.689,
				-0.832,
				4.033,
				-0.832,
				1,
				4.389,
				-0.832,
				4.744,
				0.818,
				5.1,
				0.818,
				1,
				5.456,
				0.818,
				5.811,
				-0.832,
				6.167,
				-0.832,
				1,
				6.444,
				-0.832,
				6.722,
				0.115,
				7,
				0.574
			]
		},
		{
			"Target": "Parameter",
			"Id": "Param14",
			"Segments": [
				0,
				0,
				1,
				0.233,
				0,
				0.467,
				1,
				0.7,
				1,
				1,
				1.078,
				1,
				1.456,
				-0.818,
				1.833,
				-0.818,
				1,
				2.178,
				-0.818,
				2.522,
				1,
				2.867,
				1,
				1,
				3.233,
				1,
				3.6,
				-0.818,
				3.967,
				-0.818,
				1,
				4.311,
				-0.818,
				4.656,
				1,
				5,
				1,
				1,
				5.367,
				1,
				5.733,
				-0.818,
				6.1,
				-0.818,
				1,
				6.4,
				-0.818,
				6.7,
				0.561,
				7,
				0.917
			]
		},
		{
			"Target": "Parameter",
			"Id": "Param15",
			"Segments": [
				0,
				0,
				1,
				0.089,
				0,
				0.178,
				1,
				0.267,
				1,
				1,
				0.622,
				1,
				0.978,
				-0.989,
				1.333,
				-0.989,
				1,
				1.689,
				-0.989,
				2.044,
				1,
				2.4,
				1,
				1,
				2.767,
				1,
				3.133,
				-0.989,
				3.5,
				-0.989,
				1,
				3.844,
				-0.989,
				4.189,
				1,
				4.533,
				1,
				1,
				4.9,
				1,
				5.267,
				-0.989,
				5.633,
				-0.989,
				1,
				5.978,
				-0.989,
				6.322,
				1,
				6.667,
				1,
				1,
				6.778,
				1,
				6.889,
				0.817,
				7,
				0.563
			]
		},
		{
			"Target": "Parameter",
			"Id": "Param6",
			"Segments": [
				0,
				0,
				1,
				0.333,
				0,
				0.667,
				0.832,
				1,
				0.832,
				1,
				1.367,
				0.832,
				1.733,
				-0.818,
				2.1,
				-0.818,
				1,
				2.444,
				-0.818,
				2.789,
				0.832,
				3.133,
				0.832,
				1,
				3.489,
				0.832,
				3.844,
				-0.818,
				4.2,
				-0.818,
				1,
				4.544,
				-0.818,
				4.889,
				0.832,
				5.233,
				0.832,
				1,
				5.6,
				0.832,
				5.967,
				-0.818,
				6.333,
				-0.818,
				1,
				6.556,
				-0.818,
				6.778,
				-0.173,
				7,
				0.31
			]
		},
		{
			"Target": "Parameter",
			"Id": "Param7",
			"Segments": [
				0,
				0,
				1,
				0.189,
				0,
				0.378,
				0.922,
				0.567,
				0.922,
				1,
				0.922,
				0.922,
				1.278,
				-0.989,
				1.633,
				-0.989,
				1,
				1.978,
				-0.989,
				2.322,
				0.922,
				2.667,
				0.922,
				1,
				3.033,
				0.922,
				3.4,
				-0.989,
				3.767,
				-0.989,
				1,
				4.111,
				-0.989,
				4.456,
				0.922,
				4.8,
				0.922,
				1,
				5.156,
				0.922,
				5.511,
				-0.989,
				5.867,
				-0.989,
				1,
				6.222,
				-0.989,
				6.578,
				0.922,
				6.933,
				0.922,
				1,
				6.956,
				0.922,
				6.978,
				0.914,
				7,
				0.9
			]
		},
		{
			"Target": "Parameter",
			"Id": "Param8",
			"Segments": [
				0,
				0,
				1,
				0.1,
				0,
				0.2,
				-0.818,
				0.3,
				-0.818,
				1,
				0.633,
				-0.818,
				0.967,
				0.832,
				1.3,
				0.832,
				1,
				1.678,
				0.832,
				2.056,
				-0.818,
				2.433,
				-0.818,
				1,
				2.778,
				-0.818,
				3.122,
				0.832,
				3.467,
				0.832,
				1,
				3.822,
				0.832,
				4.178,
				-0.818,
				4.533,
				-0.818,
				1,
				4.889,
				-0.818,
				5.244,
				0.832,
				5.6,
				0.832,
				1,
				5.967,
				0.832,
				6.333,
				-0.818,
				6.7,
				-0.818,
				1,
				6.8,
				-0.818,
				6.9,
				-0.679,
				7,
				-0.482
			]
		},
		{
			"Target": "Parameter",
			"Id": "Param9",
			"Segments": [
				0,
				0,
				1,
				0.289,
				0,
				0.578,
				0.922,
				0.867,
				0.922,
				1,
				1.222,
				0.922,
				1.578,
				-0.989,
				1.933,
				-0.989,
				1,
				2.289,
				-0.989,
				2.644,
				0.922,
				3,
				0.922,
				1,
				3.367,
				0.922,
				3.733,
				-0.989,
				4.1,
				-0.989,
				1,
				4.433,
				-0.989,
				4.767,
				0.922,
				5.1,
				0.922,
				1,
				5.478,
				0.922,
				5.856,
				-0.989,
				6.233,
				-0.989,
				1,
				6.489,
				-0.989,
				6.744,
				0.063,
				7,
				0.605
			]
		},
		{
			"Target": "Parameter",
			"Id": "Param16",
			"Segments": [
				0,
				0,
				1,
				0.333,
				0,
				0.667,
				0.832,
				1,
				0.832,
				1,
				1.367,
				0.832,
				1.733,
				-0.818,
				2.1,
				-0.818,
				1,
				2.444,
				-0.818,
				2.789,
				0.832,
				3.133,
				0.832,
				1,
				3.489,
				0.832,
				3.844,
				-0.818,
				4.2,
				-0.818,
				1,
				4.544,
				-0.818,
				4.889,
				0.832,
				5.233,
				0.832,
				1,
				5.6,
				0.832,
				5.967,
				-0.818,
				6.333,
				-0.818,
				1,
				6.556,
				-0.818,
				6.778,
				-0.173,
				7,
				0.31
			]
		},
		{
			"Target": "Parameter",
			"Id": "Param17",
			"Segments": [
				0,
				0,
				1,
				0.189,
				0,
				0.378,
				0.922,
				0.567,
				0.922,
				1,
				0.922,
				0.922,
				1.278,
				-0.989,
				1.633,
				-0.989,
				1,
				1.978,
				-0.989,
				2.322,
				0.922,
				2.667,
				0.922,
				1,
				3.033,
				0.922,
				3.4,
				-0.989,
				3.767,
				-0.989,
				1,
				4.111,
				-0.989,
				4.456,
				0.922,
				4.8,
				0.922,
				1,
				5.156,
				0.922,
				5.511,
				-0.989,
				5.867,
				-0.989,
				1,
				6.222,
				-0.989,
				6.578,
				0.922,
				6.933,
				0.922,
				1,
				6.956,
				0.922,
				6.978,
				0.914,
				7,
				0.9
			]
		},
		{
			"Target": "Parameter",
			"Id": "Param24",
			"Segments": [
				0,
				0,
				1,
				0.144,
				0,
				0.289,
				1,
				0.433,
				1,
				1,
				0.8,
				1,
				1.167,
				-1,
				1.533,
				-1,
				1,
				1.867,
				-1,
				2.2,
				1,
				2.533,
				1,
				1,
				2.9,
				1,
				3.267,
				-1,
				3.633,
				-1,
				1,
				3.978,
				-1,
				4.322,
				1,
				4.667,
				1,
				1,
				5.033,
				1,
				5.4,
				-1,
				5.767,
				-1,
				1,
				6.122,
				-1,
				6.478,
				1,
				6.833,
				1,
				1,
				6.889,
				1,
				6.944,
				0.951,
				7,
				0.869
			]
		},
		{
			"Target": "Parameter",
			"Id": "Param25",
			"Segments": [
				0,
				0,
				1,
				0.356,
				0,
				0.711,
				-1,
				1.067,
				-1,
				1,
				1.411,
				-1,
				1.756,
				1,
				2.1,
				1,
				1,
				2.456,
				1,
				2.811,
				-1,
				3.167,
				-1,
				1,
				3.511,
				-1,
				3.856,
				1,
				4.2,
				1,
				1,
				4.567,
				1,
				4.933,
				-1,
				5.3,
				-1,
				1,
				5.644,
				-1,
				5.989,
				1,
				6.333,
				1,
				1,
				6.556,
				1,
				6.778,
				0.265,
				7,
				-0.313
			]
		},
		{
			"Target": "Parameter",
			"Id": "Param20",
			"Segments": [
				0,
				0,
				1,
				0.044,
				0,
				0.089,
				0.809,
				0.133,
				0.809,
				1,
				0.511,
				0.809,
				0.889,
				-0.832,
				1.267,
				-0.832,
				1,
				1.611,
				-0.832,
				1.956,
				0.809,
				2.3,
				0.809,
				1,
				2.667,
				0.809,
				3.033,
				-0.832,
				3.4,
				-0.832,
				1,
				3.744,
				-0.832,
				4.089,
				0.809,
				4.433,
				0.809,
				1,
				4.789,
				0.809,
				5.144,
				-0.832,
				5.5,
				-0.832,
				1,
				5.856,
				-0.832,
				6.211,
				0.809,
				6.567,
				0.809,
				1,
				6.711,
				0.809,
				6.856,
				0.554,
				7,
				0.246
			]
		},
		{
			"Target": "Parameter",
			"Id": "Param21",
			"Segments": [
				0,
				0,
				1,
				0.256,
				0,
				0.511,
				-0.921,
				0.767,
				-0.921,
				1,
				1.111,
				-0.921,
				1.456,
				0.98,
				1.8,
				0.98,
				1,
				2.178,
				0.98,
				2.556,
				-0.921,
				2.933,
				-0.921,
				1,
				3.278,
				-0.921,
				3.622,
				0.98,
				3.967,
				0.98,
				1,
				4.333,
				0.98,
				4.7,
				-0.921,
				5.067,
				-0.921,
				1,
				5.4,
				-0.921,
				5.733,
				0.98,
				6.067,
				0.98,
				1,
				6.378,
				0.98,
				6.689,
				-0.309,
				7,
				-0.765
			]
		},
		{
			"Target": "Parameter",
			"Id": "Param31",
			"Segments": [
				0,
				0,
				1,
				0.311,
				0,
				0.622,
				-0.655,
				0.933,
				-0.655,
				1,
				1.3,
				-0.655,
				1.667,
				0.622,
				2.033,
				0.622,
				1,
				2.378,
				0.622,
				2.722,
				-0.655,
				3.067,
				-0.655,
				1,
				3.433,
				-0.655,
				3.8,
				0.622,
				4.167,
				0.622,
				1,
				4.5,
				0.622,
				4.833,
				-0.655,
				5.167,
				-0.655,
				1,
				5.544,
				-0.655,
				5.922,
				0.622,
				6.3,
				0.622,
				1,
				6.533,
				0.622,
				6.767,
				0.036,
				7,
				-0.342
			]
		},
		{
			"Target": "Parameter",
			"Id": "Param32",
			"Segments": [
				0,
				0,
				1,
				0.167,
				0,
				0.333,
				-0.744,
				0.5,
				-0.744,
				1,
				0.856,
				-0.744,
				1.211,
				0.794,
				1.567,
				0.794,
				1,
				1.911,
				0.794,
				2.256,
				-0.744,
				2.6,
				-0.744,
				1,
				2.967,
				-0.744,
				3.333,
				0.794,
				3.7,
				0.794,
				1,
				4.044,
				0.794,
				4.389,
				-0.744,
				4.733,
				-0.744,
				1,
				5.089,
				-0.744,
				5.444,
				0.794,
				5.8,
				0.794,
				1,
				6.156,
				0.794,
				6.511,
				-0.744,
				6.867,
				-0.744,
				1,
				6.911,
				-0.744,
				6.956,
				-0.721,
				7,
				-0.681
			]
		},
		{
			"Target": "Parameter",
			"Id": "Param26",
			"Segments": [
				0,
				0,
				1,
				0.144,
				0,
				0.289,
				-0.522,
				0.433,
				-0.522,
				1,
				0.8,
				-0.522,
				1.167,
				0.429,
				1.533,
				0.429,
				1,
				1.867,
				0.429,
				2.2,
				-0.522,
				2.533,
				-0.522,
				1,
				2.9,
				-0.522,
				3.267,
				0.429,
				3.633,
				0.429,
				1,
				3.978,
				0.429,
				4.322,
				-0.522,
				4.667,
				-0.522,
				1,
				5.033,
				-0.522,
				5.4,
				0.429,
				5.767,
				0.429,
				1,
				6.122,
				0.429,
				6.478,
				-0.522,
				6.833,
				-0.522,
				1,
				6.889,
				-0.522,
				6.944,
				-0.499,
				7,
				-0.46
			]
		},
		{
			"Target": "Parameter",
			"Id": "Param27",
			"Segments": [
				0,
				0,
				1,
				0.356,
				0,
				0.711,
				0.6,
				1.067,
				0.6,
				1,
				1.411,
				0.6,
				1.756,
				-0.612,
				2.1,
				-0.612,
				1,
				2.456,
				-0.612,
				2.811,
				0.6,
				3.167,
				0.6,
				1,
				3.511,
				0.6,
				3.856,
				-0.612,
				4.2,
				-0.612,
				1,
				4.567,
				-0.612,
				4.933,
				0.6,
				5.3,
				0.6,
				1,
				5.644,
				0.6,
				5.989,
				-0.612,
				6.333,
				-0.612,
				1,
				6.556,
				-0.612,
				6.778,
				-0.167,
				7,
				0.184
			]
		},
		{
			"Target": "Parameter",
			"Id": "Param40",
			"Segments": [
				0,
				0,
				1,
				0.089,
				0,
				0.178,
				0.832,
				0.267,
				0.832,
				1,
				0.633,
				0.832,
				1,
				-0.818,
				1.367,
				-0.818,
				1,
				1.711,
				-0.818,
				2.056,
				0.832,
				2.4,
				0.832,
				1,
				2.767,
				0.832,
				3.133,
				-0.818,
				3.5,
				-0.818,
				1,
				3.844,
				-0.818,
				4.189,
				0.832,
				4.533,
				0.832,
				1,
				4.911,
				0.832,
				5.289,
				-0.818,
				5.667,
				-0.818,
				1,
				6,
				-0.818,
				6.333,
				0.832,
				6.667,
				0.832,
				1,
				6.778,
				0.832,
				6.889,
				0.681,
				7,
				0.47
			]
		},
		{
			"Target": "Parameter",
			"Id": "Param22",
			"Segments": [
				0,
				0,
				1,
				0.089,
				0,
				0.178,
				1,
				0.267,
				1,
				1,
				0.622,
				1,
				0.978,
				-0.975,
				1.333,
				-0.975,
				1,
				1.689,
				-0.975,
				2.044,
				1,
				2.4,
				1,
				1,
				2.756,
				1,
				3.111,
				-0.975,
				3.467,
				-0.975,
				1,
				3.822,
				-0.975,
				4.178,
				1,
				4.533,
				1,
				1,
				4.9,
				1,
				5.267,
				-0.975,
				5.633,
				-0.975,
				1,
				5.978,
				-0.975,
				6.322,
				1,
				6.667,
				1,
				1,
				6.778,
				1,
				6.889,
				0.807,
				7,
				0.542
			]
		},
		{
			"Target": "Parameter",
			"Id": "Param23",
			"Segments": [
				0,
				0,
				1,
				0.289,
				0,
				0.578,
				-1,
				0.867,
				-1,
				1,
				1.222,
				-1,
				1.578,
				1,
				1.933,
				1,
				1,
				2.289,
				1,
				2.644,
				-1,
				3,
				-1,
				1,
				3.356,
				-1,
				3.711,
				1,
				4.067,
				1,
				1,
				4.411,
				1,
				4.756,
				-1,
				5.1,
				-1,
				1,
				5.478,
				-1,
				5.856,
				1,
				6.233,
				1,
				1,
				6.489,
				1,
				6.744,
				-0.101,
				7,
				-0.669
			]
		},
		{
			"Target": "Parameter",
			"Id": "Param30",
			"Segments": [
				0,
				0,
				1,
				0.322,
				0,
				0.644,
				0.832,
				0.967,
				0.832,
				1,
				1.333,
				0.832,
				1.7,
				-0.818,
				2.067,
				-0.818,
				1,
				2.411,
				-0.818,
				2.756,
				0.832,
				3.1,
				0.832,
				1,
				3.467,
				0.832,
				3.833,
				-0.818,
				4.2,
				-0.818,
				1,
				4.533,
				-0.818,
				4.867,
				0.832,
				5.2,
				0.832,
				1,
				5.578,
				0.832,
				5.956,
				-0.818,
				6.333,
				-0.818,
				1,
				6.556,
				-0.818,
				6.778,
				-0.131,
				7,
				0.356
			]
		},
		{
			"Target": "Parameter",
			"Id": "Param28",
			"Segments": [
				0,
				0,
				1,
				0.333,
				0,
				0.667,
				0.908,
				1,
				0.908,
				1,
				1.356,
				0.908,
				1.711,
				-0.891,
				2.067,
				-0.891,
				1,
				2.422,
				-0.891,
				2.778,
				0.908,
				3.133,
				0.908,
				1,
				3.489,
				0.908,
				3.844,
				-0.891,
				4.2,
				-0.891,
				1,
				4.544,
				-0.891,
				4.889,
				0.908,
				5.233,
				0.908,
				1,
				5.6,
				0.908,
				5.967,
				-0.891,
				6.333,
				-0.891,
				1,
				6.556,
				-0.891,
				6.778,
				-0.188,
				7,
				0.339
			]
		},
		{
			"Target": "Parameter",
			"Id": "Param29",
			"Segments": [
				0,
				0,
				1,
				0.189,
				0,
				0.378,
				0.997,
				0.567,
				0.997,
				1,
				0.911,
				0.997,
				1.256,
				-0.989,
				1.6,
				-0.989,
				1,
				1.956,
				-0.989,
				2.311,
				0.997,
				2.667,
				0.997,
				1,
				3.022,
				0.997,
				3.378,
				-0.989,
				3.733,
				-0.989,
				1,
				4.089,
				-0.989,
				4.444,
				0.997,
				4.8,
				0.997,
				1,
				5.144,
				0.997,
				5.489,
				-0.989,
				5.833,
				-0.989,
				1,
				6.2,
				-0.989,
				6.567,
				0.997,
				6.933,
				0.997,
				1,
				6.956,
				0.997,
				6.978,
				0.989,
				7,
				0.973
			]
		},
		{
			"Target": "Parameter",
			"Id": "Param39",
			"Segments": [
				0,
				0,
				1,
				0.067,
				0,
				0.133,
				-0.818,
				0.2,
				-0.818,
				1,
				0.544,
				-0.818,
				0.889,
				0.832,
				1.233,
				0.832,
				1,
				1.611,
				0.832,
				1.989,
				-0.818,
				2.367,
				-0.818,
				1,
				2.711,
				-0.818,
				3.056,
				0.832,
				3.4,
				0.832,
				1,
				3.756,
				0.832,
				4.111,
				-0.818,
				4.467,
				-0.818,
				1,
				4.811,
				-0.818,
				5.156,
				0.832,
				5.5,
				0.832,
				1,
				5.867,
				0.832,
				6.233,
				-0.818,
				6.6,
				-0.818,
				1,
				6.733,
				-0.818,
				6.867,
				-0.571,
				7,
				-0.268
			]
		},
		{
			"Target": "Parameter",
			"Id": "Param18",
			"Segments": [
				0,
				0,
				1,
				0.056,
				0,
				0.111,
				0.832,
				0.167,
				0.832,
				1,
				0.533,
				0.832,
				0.9,
				-0.818,
				1.267,
				-0.818,
				1,
				1.622,
				-0.818,
				1.978,
				0.832,
				2.333,
				0.832,
				1,
				2.689,
				0.832,
				3.044,
				-0.818,
				3.4,
				-0.818,
				1,
				3.744,
				-0.818,
				4.089,
				0.832,
				4.433,
				0.832,
				1,
				4.811,
				0.832,
				5.189,
				-0.818,
				5.567,
				-0.818,
				1,
				5.911,
				-0.818,
				6.256,
				0.832,
				6.6,
				0.832,
				1,
				6.733,
				0.832,
				6.867,
				0.6,
				7,
				0.31
			]
		},
		{
			"Target": "Parameter",
			"Id": "Param19",
			"Segments": [
				0,
				0,
				1,
				0.267,
				0,
				0.533,
				-0.989,
				0.8,
				-0.989,
				1,
				1.156,
				-0.989,
				1.511,
				0.922,
				1.867,
				0.922,
				1,
				2.233,
				0.922,
				2.6,
				-0.989,
				2.967,
				-0.989,
				1,
				3.3,
				-0.989,
				3.633,
				0.922,
				3.967,
				0.922,
				1,
				4.333,
				0.922,
				4.7,
				-0.989,
				5.067,
				-0.989,
				1,
				5.422,
				-0.989,
				5.778,
				0.922,
				6.133,
				0.922,
				1,
				6.422,
				0.922,
				6.711,
				-0.34,
				7,
				-0.813
			]
		},
		{
			"Target": "Parameter",
			"Id": "ParamAngleX",
			"Segments": [
				0,
				0,
				1,
				0.089,
				0,
				0.178,
				-30,
				0.267,
				-30,
				1,
				0.378,
				-30,
				0.489,
				15,
				0.6,
				15,
				1,
				0.878,
				15,
				1.156,
				-30,
				1.433,
				-30,
				1,
				1.578,
				-30,
				1.722,
				13.594,
				1.867,
				14,
				1,
				2.2,
				14.938,
				2.533,
				15,
				2.867,
				15,
				1,
				3.056,
				15,
				3.244,
				-30,
				3.433,
				-30,
				1,
				4.622,
				-30,
				5.811,
				0,
				7,
				0
			]
		},
		{
			"Target": "Parameter",
			"Id": "ParamAngleY",
			"Segments": [
				0,
				0,
				1,
				0.056,
				0,
				0.111,
				4,
				0.167,
				4,
				1,
				0.278,
				4,
				0.389,
				-11,
				0.5,
				-11,
				1,
				0.7,
				-11,
				0.9,
				5.364,
				1.1,
				6,
				1,
				1.3,
				6.636,
				1.5,
				6.582,
				1.7,
				7,
				1,
				1.956,
				7.534,
				2.211,
				8,
				2.467,
				8,
				1,
				2.678,
				8,
				2.889,
				-3,
				3.1,
				-3,
				1,
				3.256,
				-3,
				3.411,
				0.143,
				3.567,
				4.386,
				1,
				3.722,
				8.629,
				3.878,
				10,
				4.033,
				10,
				1,
				4.3,
				10,
				4.567,
				-5.801,
				4.833,
				-5.801,
				1,
				5.233,
				-5.801,
				5.633,
				4.386,
				6.033,
				4.386,
				1,
				6.356,
				4.386,
				6.678,
				-1.547,
				7,
				-4.357
			]
		},
		{
			"Target": "Parameter",
			"Id": "ParamAngleZ",
			"Segments": [
				0,
				0,
				1,
				0.111,
				0,
				0.222,
				5,
				0.333,
				5,
				1,
				0.478,
				5,
				0.622,
				-5,
				0.767,
				-5,
				1,
				1.189,
				-5,
				1.611,
				3.556,
				2.033,
				5,
				1,
				2.267,
				5.798,
				2.5,
				5.508,
				2.733,
				6,
				1,
				2.878,
				6.304,
				3.022,
				8,
				3.167,
				8,
				1,
				3.611,
				8,
				4.056,
				8.037,
				4.5,
				5.014,
				1,
				4.9,
				2.293,
				5.3,
				-4.992,
				5.7,
				-4.992,
				1,
				6.122,
				-4.992,
				6.544,
				5.014,
				6.967,
				5.014,
				1,
				6.978,
				5.014,
				6.989,
				5.006,
				7,
				4.991
			]
		},
		{
			"Target": "Parameter",
			"Id": "Param123",
			"Segments": [
				0,
				0,
				0,
				0.267,
				0,
				1,
				0.378,
				0,
				0.489,
				-15,
				0.6,
				-15,
				1,
				0.878,
				-15,
				1.156,
				0,
				1.433,
				0,
				1,
				1.578,
				0,
				1.722,
				-9.841,
				1.867,
				-11,
				1,
				2.2,
				-13.675,
				2.533,
				-14,
				2.867,
				-14,
				1,
				3.056,
				-14,
				3.244,
				0,
				3.433,
				0,
				0,
				7,
				0
			]
		},
		{
			"Target": "Parameter",
			"Id": "ParamBodyAngleX",
			"Segments": [
				0,
				0,
				1,
				0.056,
				0,
				0.111,
				-4,
				0.167,
				-4,
				1,
				0.278,
				-4,
				0.389,
				7.894,
				0.5,
				7.894,
				1,
				0.911,
				7.894,
				1.322,
				-8.031,
				1.733,
				-8.031,
				1,
				2.011,
				-8.031,
				2.289,
				-8.031,
				2.567,
				-8.031,
				1,
				2.756,
				-8.031,
				2.944,
				10,
				3.133,
				10,
				1,
				4.422,
				10,
				5.711,
				0,
				7,
				0
			]
		},
		{
			"Target": "Parameter",
			"Id": "ParamBodyAngleY",
			"Segments": [
				0,
				0,
				1,
				0.1,
				0,
				0.2,
				-3,
				0.3,
				-3,
				1,
				0.389,
				-3,
				0.478,
				1.266,
				0.567,
				2,
				1,
				0.778,
				3.744,
				0.989,
				4,
				1.2,
				4,
				1,
				1.411,
				4,
				1.622,
				0.499,
				1.833,
				0.499,
				1,
				2.1,
				0.499,
				2.367,
				4,
				2.633,
				4,
				1,
				2.833,
				4,
				3.033,
				1,
				3.233,
				1,
				1,
				3.378,
				1,
				3.522,
				6.036,
				3.667,
				6.036,
				1,
				3.944,
				6.036,
				4.222,
				2,
				4.5,
				2,
				1,
				5.333,
				2,
				6.167,
				3.453,
				7,
				4.616
			]
		},
		{
			"Target": "Parameter",
			"Id": "ParamBodyAngleZ",
			"Segments": [
				0,
				0,
				1,
				0.133,
				0,
				0.267,
				-1,
				0.4,
				-1,
				1,
				0.489,
				-1,
				0.578,
				3,
				0.667,
				3,
				1,
				1.067,
				3,
				1.467,
				-1.002,
				1.867,
				-1.002,
				1,
				2.144,
				-1.002,
				2.422,
				-1.002,
				2.7,
				-1.002,
				1,
				2.856,
				-1.002,
				3.011,
				-3,
				3.167,
				-3,
				1,
				3.556,
				-3,
				3.944,
				-2.36,
				4.333,
				-1.002,
				1,
				4.756,
				0.473,
				5.178,
				1.251,
				5.6,
				1.251,
				1,
				6,
				1.251,
				6.4,
				-1.002,
				6.8,
				-1.002,
				1,
				6.867,
				-1.002,
				6.933,
				-0.956,
				7,
				-0.877
			]
		},
		{
			"Target": "Parameter",
			"Id": "Param76",
			"Segments": [
				0,
				0,
				1,
				0.167,
				0,
				0.333,
				-2,
				0.5,
				-2,
				1,
				0.578,
				-2,
				0.656,
				2,
				0.733,
				2,
				1,
				1.156,
				2,
				1.578,
				0.927,
				2,
				-1,
				1,
				2.278,
				-2.268,
				2.556,
				-2.802,
				2.833,
				-2.802,
				1,
				3.378,
				-2.802,
				3.922,
				-2.802,
				4.467,
				-2.802,
				1,
				4.867,
				-2.802,
				5.267,
				0,
				5.667,
				0,
				1,
				6.089,
				0,
				6.511,
				-2.802,
				6.933,
				-2.802,
				1,
				6.956,
				-2.802,
				6.978,
				-2.784,
				7,
				-2.75
			]
		},
		{
			"Target": "Parameter",
			"Id": "Param77",
			"Segments": [
				0,
				0,
				1,
				0.022,
				0,
				0.044,
				-7.344,
				0.067,
				-7.344,
				1,
				0.433,
				-7.344,
				0.8,
				6.665,
				1.167,
				6.665,
				1,
				1.533,
				6.665,
				1.9,
				-7.344,
				2.267,
				-7.344,
				1,
				2.611,
				-7.344,
				2.956,
				6.665,
				3.3,
				6.665,
				1,
				3.656,
				6.665,
				4.011,
				-7.344,
				4.367,
				-7.344,
				1,
				4.711,
				-7.344,
				5.056,
				6.665,
				5.4,
				6.665,
				1,
				5.767,
				6.665,
				6.133,
				-7.344,
				6.5,
				-7.344,
				1,
				6.667,
				-7.344,
				6.833,
				-4.266,
				7,
				-0.995
			]
		},
		{
			"Target": "Parameter",
			"Id": "Param78",
			"Segments": [
				0,
				0,
				1,
				0.222,
				0,
				0.444,
				7.557,
				0.667,
				7.557,
				1,
				1.033,
				7.557,
				1.4,
				-9.055,
				1.767,
				-9.055,
				1,
				2.122,
				-9.055,
				2.478,
				4.776,
				2.833,
				7.557,
				1,
				3.189,
				10.337,
				3.544,
				10,
				3.9,
				10,
				1,
				4.256,
				10,
				4.611,
				10.315,
				4.967,
				7.557,
				1,
				5.311,
				4.885,
				5.656,
				-9.055,
				6,
				-9.055,
				1,
				6.333,
				-9.055,
				6.667,
				4.674,
				7,
				7.17
			]
		},
		{
			"Target": "Parameter",
			"Id": "ParamBreath",
			"Segments": [
				0,
				0,
				1,
				1.356,
				0,
				2.711,
				1,
				4.067,
				1,
				1,
				5.044,
				1,
				6.022,
				0.549,
				7,
				0.253
			]
		},
		{
			"Target": "Parameter",
			"Id": "Param49",
			"Segments": [
				0,
				0,
				1,
				0.133,
				0,
				0.267,
				-4.722,
				0.4,
				-4.722,
				1,
				0.744,
				-4.722,
				1.089,
				4.557,
				1.433,
				4.557,
				1,
				1.8,
				4.557,
				2.167,
				-4.722,
				2.533,
				-4.722,
				1,
				2.889,
				-4.722,
				3.244,
				4.557,
				3.6,
				4.557,
				1,
				3.944,
				4.557,
				4.289,
				-4.722,
				4.633,
				-4.722,
				1,
				4.989,
				-4.722,
				5.344,
				4.557,
				5.7,
				4.557,
				1,
				6.067,
				4.557,
				6.433,
				-4.722,
				6.8,
				-4.722,
				1,
				6.867,
				-4.722,
				6.933,
				-4.374,
				7,
				-3.814
			]
		},
		{
			"Target": "Parameter",
			"Id": "Param50",
			"Segments": [
				0,
				0,
				1,
				0.333,
				0,
				0.667,
				7.557,
				1,
				7.557,
				1,
				1.344,
				7.557,
				1.689,
				-9.055,
				2.033,
				-9.055,
				1,
				2.4,
				-9.055,
				2.767,
				7.557,
				3.133,
				7.557,
				1,
				3.489,
				7.557,
				3.844,
				-9.055,
				4.2,
				-9.055,
				1,
				4.544,
				-9.055,
				4.889,
				7.557,
				5.233,
				7.557,
				1,
				5.589,
				7.557,
				5.944,
				-9.055,
				6.3,
				-9.055,
				1,
				6.533,
				-9.055,
				6.767,
				-2.328,
				7,
				2.564
			]
		},
		{
			"Target": "Parameter",
			"Id": "Param73",
			"Segments": [
				0,
				0,
				0,
				7,
				0
			]
		},
		{
			"Target": "Parameter",
			"Id": "Param74",
			"Segments": [
				0,
				0,
				1,
				0.144,
				0,
				0.289,
				-4,
				0.433,
				-4,
				1,
				0.533,
				-4,
				0.633,
				2,
				0.733,
				2,
				1,
				1.289,
				2,
				1.844,
				-2.802,
				2.4,
				-2.802,
				1,
				2.8,
				-2.802,
				3.2,
				3.012,
				3.6,
				3.012,
				1,
				4.022,
				3.012,
				4.444,
				-2.802,
				4.867,
				-2.802,
				1,
				5.267,
				-2.802,
				5.667,
				3.012,
				6.067,
				3.012,
				1,
				6.378,
				3.012,
				6.689,
				-0.145,
				7,
				-1.806
			]
		},
		{
			"Target": "Parameter",
			"Id": "Param75",
			"Segments": [
				0,
				0,
				1,
				0.278,
				0,
				0.556,
				0.789,
				0.833,
				0.789,
				1,
				1.256,
				0.789,
				1.678,
				-0.757,
				2.1,
				-0.757,
				1,
				2.5,
				-0.757,
				2.9,
				0.789,
				3.3,
				0.789,
				1,
				4.533,
				0.789,
				5.767,
				0.789,
				7,
				0.789
			]
		},
		{
			"Target": "Parameter",
			"Id": "Param65",
			"Segments": [
				0,
				0,
				1,
				0.133,
				0,
				0.267,
				-5.23,
				0.4,
				-5.23,
				1,
				0.744,
				-5.23,
				1.089,
				4.79,
				1.433,
				4.79,
				1,
				1.8,
				4.79,
				2.167,
				-5.23,
				2.533,
				-5.23,
				1,
				2.889,
				-5.23,
				3.244,
				4.79,
				3.6,
				4.79,
				1,
				3.944,
				4.79,
				4.289,
				-5.23,
				4.633,
				-5.23,
				1,
				4.989,
				-5.23,
				5.344,
				4.79,
				5.7,
				4.79,
				1,
				6.067,
				4.79,
				6.433,
				-5.23,
				6.8,
				-5.23,
				1,
				6.867,
				-5.23,
				6.933,
				-4.854,
				7,
				-4.249
			]
		},
		{
			"Target": "Parameter",
			"Id": "Param66",
			"Segments": [
				0,
				0,
				1,
				0.333,
				0,
				0.667,
				7.557,
				1,
				7.557,
				1,
				1.344,
				7.557,
				1.689,
				-9.055,
				2.033,
				-9.055,
				1,
				2.4,
				-9.055,
				2.767,
				7.557,
				3.133,
				7.557,
				1,
				3.489,
				7.557,
				3.844,
				-9.055,
				4.2,
				-9.055,
				1,
				4.544,
				-9.055,
				4.889,
				7.557,
				5.233,
				7.557,
				1,
				5.589,
				7.557,
				5.944,
				-9.055,
				6.3,
				-9.055,
				1,
				6.533,
				-9.055,
				6.767,
				-2.328,
				7,
				2.564
			]
		},
		{
			"Target": "Parameter",
			"Id": "Param64",
			"Segments": [
				0,
				-1.494,
				1,
				0.133,
				-1.494,
				0.267,
				-1.494,
				0.4,
				-1.494,
				1,
				0.756,
				-1.494,
				1.111,
				1.872,
				1.467,
				1.872,
				1,
				1.811,
				1.872,
				2.156,
				-1.494,
				2.5,
				-1.494,
				1,
				2.867,
				-1.494,
				3.233,
				1.872,
				3.6,
				1.872,
				1,
				3.933,
				1.872,
				4.267,
				-1.494,
				4.6,
				-1.494,
				1,
				4.967,
				-1.494,
				5.333,
				1.872,
				5.7,
				1.872,
				1,
				6.044,
				1.872,
				6.389,
				-1.494,
				6.733,
				-1.494,
				1,
				6.822,
				-1.494,
				6.911,
				-1.284,
				7,
				-0.968
			]
		},
		{
			"Target": "Parameter",
			"Id": "Param62",
			"Segments": [
				0,
				0,
				1,
				0.344,
				0,
				0.689,
				4.79,
				1.033,
				4.79,
				1,
				1.389,
				4.79,
				1.744,
				-5.23,
				2.1,
				-5.23,
				1,
				2.456,
				-5.23,
				2.811,
				4.79,
				3.167,
				4.79,
				1,
				3.511,
				4.79,
				3.856,
				-5.23,
				4.2,
				-5.23,
				1,
				4.556,
				-5.23,
				4.911,
				4.79,
				5.267,
				4.79,
				1,
				5.622,
				4.79,
				5.978,
				-5.23,
				6.333,
				-5.23,
				1,
				6.556,
				-5.23,
				6.778,
				-1.316,
				7,
				1.62
			]
		},
		{
			"Target": "Parameter",
			"Id": "Param63",
			"Segments": [
				0,
				0,
				1,
				0.189,
				0,
				0.378,
				7.557,
				0.567,
				7.557,
				1,
				0.922,
				7.557,
				1.278,
				-9.055,
				1.633,
				-9.055,
				1,
				1.989,
				-9.055,
				2.344,
				7.557,
				2.7,
				7.557,
				1,
				3.056,
				7.557,
				3.411,
				-9.055,
				3.767,
				-9.055,
				1,
				4.111,
				-9.055,
				4.456,
				7.557,
				4.8,
				7.557,
				1,
				5.156,
				7.557,
				5.511,
				-9.055,
				5.867,
				-9.055,
				1,
				6.233,
				-9.055,
				6.6,
				7.557,
				6.967,
				7.557,
				1,
				6.978,
				7.557,
				6.989,
				7.539,
				7,
				7.506
			]
		},
		{
			"Target": "Parameter",
			"Id": "Param61",
			"Segments": [
				0,
				0,
				1,
				0.356,
				0,
				0.711,
				-1.763,
				1.067,
				-1.763,
				1,
				1.4,
				-1.763,
				1.733,
				2.277,
				2.067,
				2.277,
				1,
				2.433,
				2.277,
				2.8,
				-1.763,
				3.167,
				-1.763,
				1,
				3.511,
				-1.763,
				3.856,
				2.277,
				4.2,
				2.277,
				1,
				4.556,
				2.277,
				4.911,
				-1.763,
				5.267,
				-1.763,
				1,
				5.611,
				-1.763,
				5.956,
				2.277,
				6.3,
				2.277,
				1,
				6.533,
				2.277,
				6.767,
				0.641,
				7,
				-0.549
			]
		},
		{
			"Target": "Parameter",
			"Id": "Param10",
			"Segments": [
				0,
				0,
				1,
				0.133,
				0,
				0.267,
				-0.523,
				0.4,
				-0.523,
				1,
				0.744,
				-0.523,
				1.089,
				0.479,
				1.433,
				0.479,
				1,
				1.8,
				0.479,
				2.167,
				-0.523,
				2.533,
				-0.523,
				1,
				2.889,
				-0.523,
				3.244,
				0.479,
				3.6,
				0.479,
				1,
				3.944,
				0.479,
				4.289,
				-0.523,
				4.633,
				-0.523,
				1,
				4.989,
				-0.523,
				5.344,
				0.479,
				5.7,
				0.479,
				1,
				6.067,
				0.479,
				6.433,
				-0.523,
				6.8,
				-0.523,
				1,
				6.867,
				-0.523,
				6.933,
				-0.485,
				7,
				-0.425
			]
		},
		{
			"Target": "Parameter",
			"Id": "Param11",
			"Segments": [
				0,
				0,
				1,
				0.333,
				0,
				0.667,
				0.756,
				1,
				0.756,
				1,
				1.344,
				0.756,
				1.689,
				-0.906,
				2.033,
				-0.906,
				1,
				2.4,
				-0.906,
				2.767,
				0.756,
				3.133,
				0.756,
				1,
				3.489,
				0.756,
				3.844,
				-0.906,
				4.2,
				-0.906,
				1,
				4.544,
				-0.906,
				4.889,
				0.756,
				5.233,
				0.756,
				1,
				5.589,
				0.756,
				5.944,
				-0.906,
				6.3,
				-0.906,
				1,
				6.533,
				-0.906,
				6.767,
				-0.233,
				7,
				0.256
			]
		},
		{
			"Target": "Parameter",
			"Id": "Param12",
			"Segments": [
				0,
				0,
				1,
				0.133,
				0,
				0.267,
				-0.523,
				0.4,
				-0.523,
				1,
				0.744,
				-0.523,
				1.089,
				0.479,
				1.433,
				0.479,
				1,
				1.8,
				0.479,
				2.167,
				-0.523,
				2.533,
				-0.523,
				1,
				2.889,
				-0.523,
				3.244,
				0.479,
				3.6,
				0.479,
				1,
				3.944,
				0.479,
				4.289,
				-0.523,
				4.633,
				-0.523,
				1,
				4.989,
				-0.523,
				5.344,
				0.479,
				5.7,
				0.479,
				1,
				6.067,
				0.479,
				6.433,
				-0.523,
				6.8,
				-0.523,
				1,
				6.867,
				-0.523,
				6.933,
				-0.485,
				7,
				-0.425
			]
		},
		{
			"Target": "Parameter",
			"Id": "Param13",
			"Segments": [
				0,
				0,
				1,
				0.333,
				0,
				0.667,
				0.756,
				1,
				0.756,
				1,
				1.344,
				0.756,
				1.689,
				-0.906,
				2.033,
				-0.906,
				1,
				2.4,
				-0.906,
				2.767,
				0.756,
				3.133,
				0.756,
				1,
				3.489,
				0.756,
				3.844,
				-0.906,
				4.2,
				-0.906,
				1,
				4.544,
				-0.906,
				4.889,
				0.756,
				5.233,
				0.756,
				1,
				5.589,
				0.756,
				5.944,
				-0.906,
				6.3,
				-0.906,
				1,
				6.533,
				-0.906,
				6.767,
				-0.233,
				7,
				0.256
			]
		},
		{
			"Target": "Parameter",
			"Id": "Param79",
			"Segments": [
				0,
				0,
				1,
				0.344,
				0,
				0.689,
				4.79,
				1.033,
				4.79,
				1,
				1.389,
				4.79,
				1.744,
				-5.23,
				2.1,
				-5.23,
				1,
				2.456,
				-5.23,
				2.811,
				4.79,
				3.167,
				4.79,
				1,
				3.589,
				4.79,
				4.011,
				-5.23,
				4.433,
				-5.23,
				1,
				4.889,
				-5.23,
				5.344,
				4.79,
				5.8,
				4.79,
				1,
				6.2,
				4.79,
				6.6,
				-2.919,
				7,
				-4.799
			]
		},
		{
			"Target": "Parameter",
			"Id": "Param80",
			"Segments": [
				0,
				0,
				1,
				0.344,
				0,
				0.689,
				4.79,
				1.033,
				4.79,
				1,
				1.389,
				4.79,
				1.744,
				-5.23,
				2.1,
				-5.23,
				1,
				2.456,
				-5.23,
				2.811,
				4.79,
				3.167,
				4.79,
				1,
				3.589,
				4.79,
				4.011,
				-5.23,
				4.433,
				-5.23,
				1,
				4.889,
				-5.23,
				5.344,
				4.79,
				5.8,
				4.79,
				1,
				6.2,
				4.79,
				6.6,
				-2.935,
				7,
				-4.819
			]
		},
		{
			"Target": "Parameter",
			"Id": "Param81",
			"Segments": [
				0,
				0,
				1,
				0.189,
				0,
				0.378,
				7.557,
				0.567,
				7.557,
				1,
				0.922,
				7.557,
				1.278,
				-9.055,
				1.633,
				-9.055,
				1,
				1.989,
				-9.055,
				2.344,
				7.557,
				2.7,
				7.557,
				1,
				3.133,
				7.557,
				3.567,
				-9.055,
				4,
				-9.055,
				1,
				4.444,
				-9.055,
				4.889,
				7.557,
				5.333,
				7.557,
				1,
				5.789,
				7.557,
				6.244,
				-9.055,
				6.7,
				-9.055,
				1,
				6.8,
				-9.055,
				6.9,
				-7.82,
				7,
				-6.022
			]
		},
		{
			"Target": "Parameter",
			"Id": "Param82",
			"Segments": [
				0,
				0,
				1,
				0.133,
				0,
				0.267,
				-5.23,
				0.4,
				-5.23,
				1,
				0.744,
				-5.23,
				1.089,
				4.79,
				1.433,
				4.79,
				1,
				1.8,
				4.79,
				2.167,
				-5.23,
				2.533,
				-5.23,
				1,
				2.967,
				-5.23,
				3.4,
				4.79,
				3.833,
				4.79,
				1,
				4.278,
				4.79,
				4.722,
				-5.23,
				5.167,
				-5.23,
				1,
				5.622,
				-5.23,
				6.078,
				4.79,
				6.533,
				4.79,
				1,
				6.689,
				4.79,
				6.844,
				2.987,
				7,
				0.91
			]
		},
		{
			"Target": "Parameter",
			"Id": "Param83",
			"Segments": [
				0,
				0,
				1,
				0.133,
				0,
				0.267,
				-5.23,
				0.4,
				-5.23,
				1,
				0.744,
				-5.23,
				1.089,
				4.79,
				1.433,
				4.79,
				1,
				1.8,
				4.79,
				2.167,
				-5.23,
				2.533,
				-5.23,
				1,
				2.967,
				-5.23,
				3.4,
				4.79,
				3.833,
				4.79,
				1,
				4.278,
				4.79,
				4.722,
				-5.23,
				5.167,
				-5.23,
				1,
				5.622,
				-5.23,
				6.078,
				4.79,
				6.533,
				4.79,
				1,
				6.689,
				4.79,
				6.844,
				2.987,
				7,
				0.91
			]
		},
		{
			"Target": "Parameter",
			"Id": "Param84",
			"Segments": [
				0,
				0,
				1,
				0.333,
				0,
				0.667,
				7.557,
				1,
				7.557,
				1,
				1.344,
				7.557,
				1.689,
				-9.055,
				2.033,
				-9.055,
				1,
				2.4,
				-9.055,
				2.767,
				7.557,
				3.133,
				7.557,
				1,
				3.567,
				7.557,
				4,
				-9.055,
				4.433,
				-9.055,
				1,
				4.878,
				-9.055,
				5.322,
				7.557,
				5.767,
				7.557,
				1,
				6.178,
				7.557,
				6.589,
				-5.972,
				7,
				-8.612
			]
		},
		{
			"Target": "Parameter",
			"Id": "Param41",
			"Segments": [
				0,
				0,
				1,
				0.056,
				0,
				0.111,
				1,
				0.167,
				1,
				1,
				0.333,
				1,
				0.5,
				-1.306,
				0.667,
				-3,
				1,
				0.911,
				-5.485,
				1.156,
				-6,
				1.4,
				-6,
				1,
				1.889,
				-6,
				2.378,
				-6,
				2.867,
				-6,
				1,
				3.022,
				-6,
				3.178,
				0,
				3.333,
				0,
				1,
				3.744,
				0,
				4.156,
				-1.46,
				4.567,
				-1.46,
				1,
				4.833,
				-1.46,
				5.1,
				0,
				5.367,
				0,
				1,
				5.778,
				0,
				6.189,
				-1.46,
				6.6,
				-1.46,
				1,
				6.733,
				-1.46,
				6.867,
				-1.069,
				7,
				-0.54
			]
		},
		{
			"Target": "Parameter",
			"Id": "Param42",
			"Segments": [
				0,
				0,
				1,
				0.111,
				0,
				0.222,
				2.34,
				0.333,
				2.34,
				1,
				0.533,
				2.34,
				0.733,
				-5,
				0.933,
				-5,
				1,
				1.133,
				-5,
				1.333,
				-5,
				1.533,
				-5,
				1,
				2.078,
				-5,
				2.622,
				-5,
				3.167,
				-5,
				1,
				3.333,
				-5,
				3.5,
				0,
				3.667,
				0,
				1,
				4.078,
				0,
				4.489,
				-0.88,
				4.9,
				-0.88,
				1,
				5.167,
				-0.88,
				5.433,
				0,
				5.7,
				0,
				1,
				6.111,
				0,
				6.522,
				-0.88,
				6.933,
				-0.88,
				1,
				6.956,
				-0.88,
				6.978,
				-0.871,
				7,
				-0.853
			]
		},
		{
			"Target": "Parameter",
			"Id": "Param43",
			"Segments": [
				0,
				0,
				1,
				0.056,
				0,
				0.111,
				2.46,
				0.167,
				2.46,
				1,
				0.367,
				2.46,
				0.567,
				-3,
				0.767,
				-3,
				1,
				1.033,
				-3,
				1.3,
				-2,
				1.567,
				-2,
				1,
				2.056,
				-2,
				2.544,
				-2,
				3.033,
				-2,
				1,
				3.178,
				-2,
				3.322,
				0,
				3.467,
				0,
				1,
				3.878,
				0,
				4.289,
				-2.097,
				4.7,
				-2.097,
				1,
				4.978,
				-2.097,
				5.256,
				0,
				5.533,
				0,
				1,
				5.944,
				0,
				6.356,
				-2.097,
				6.767,
				-2.097,
				1,
				6.844,
				-2.097,
				6.922,
				-1.925,
				7,
				-1.647
			]
		},
		{
			"Target": "Parameter",
			"Id": "Param44",
			"Segments": [
				0,
				0,
				0,
				7,
				0
			]
		},
		{
			"Target": "Parameter",
			"Id": "Param47",
			"Segments": [
				0,
				0,
				0,
				7,
				0
			]
		},
		{
			"Target": "Parameter",
			"Id": "Param45",
			"Segments": [
				0,
				0,
				1,
				0.411,
				0,
				0.822,
				-2.539,
				1.233,
				-2.539,
				1,
				1.622,
				-2.539,
				2.011,
				3.175,
				2.4,
				3.175,
				1,
				2.811,
				3.175,
				3.222,
				-2.539,
				3.633,
				-2.539,
				1,
				4.367,
				-2.539,
				5.1,
				3.175,
				5.833,
				3.175,
				1,
				6.222,
				3.175,
				6.611,
				0.775,
				7,
				-0.915
			]
		},
		{
			"Target": "Parameter",
			"Id": "Param46",
			"Segments": [
				0,
				0,
				1,
				0.522,
				0,
				1.044,
				-2.392,
				1.567,
				-2.392,
				1,
				1.956,
				-2.392,
				2.344,
				3.365,
				2.733,
				3.365,
				1,
				3.144,
				3.365,
				3.556,
				-2.392,
				3.967,
				-2.392,
				1,
				4.7,
				-2.392,
				5.433,
				3.365,
				6.167,
				3.365,
				1,
				6.444,
				3.365,
				6.722,
				2.131,
				7,
				0.806
			]
		},
		{
			"Target": "Parameter",
			"Id": "Param48",
			"Segments": [
				0,
				0,
				1,
				0.433,
				0,
				0.867,
				-10,
				1.3,
				-10,
				1,
				1.622,
				-10,
				1.944,
				3.868,
				2.267,
				3.868,
				1,
				2.689,
				3.868,
				3.111,
				-0.903,
				3.533,
				-0.903,
				1,
				4,
				-0.903,
				4.467,
				1.461,
				4.933,
				1.461,
				1,
				5.622,
				1.461,
				6.311,
				-3.141,
				7,
				-4.193
			]
		},
		{
			"Target": "Parameter",
			"Id": "Param51",
			"Segments": [
				0,
				0,
				1,
				0.133,
				0,
				0.267,
				-8.37,
				0.4,
				-8.37,
				1,
				0.744,
				-8.37,
				1.089,
				9.175,
				1.433,
				9.175,
				1,
				1.8,
				9.175,
				2.167,
				-8.37,
				2.533,
				-8.37,
				1,
				2.889,
				-8.37,
				3.244,
				9.175,
				3.6,
				9.175,
				1,
				3.944,
				9.175,
				4.289,
				-8.37,
				4.633,
				-8.37,
				1,
				4.989,
				-8.37,
				5.344,
				9.175,
				5.7,
				9.175,
				1,
				6.067,
				9.175,
				6.433,
				-8.37,
				6.8,
				-8.37,
				1,
				6.867,
				-8.37,
				6.933,
				-7.713,
				7,
				-6.653
			]
		},
		{
			"Target": "Parameter",
			"Id": "Param52",
			"Segments": [
				0,
				0,
				1,
				0.333,
				0,
				0.667,
				10,
				1,
				10,
				1,
				1.344,
				10,
				1.689,
				-10,
				2.033,
				-10,
				1,
				2.4,
				-10,
				2.767,
				10,
				3.133,
				10,
				1,
				3.489,
				10,
				3.844,
				-10,
				4.2,
				-10,
				1,
				4.544,
				-10,
				4.889,
				10,
				5.233,
				10,
				1,
				5.589,
				10,
				5.944,
				-10,
				6.3,
				-10,
				1,
				6.533,
				-10,
				6.767,
				-1.901,
				7,
				3.989
			]
		},
		{
			"Target": "Parameter",
			"Id": "Param53",
			"Segments": [
				0,
				0,
				1,
				0.133,
				0,
				0.267,
				-7.344,
				0.4,
				-7.344,
				1,
				0.744,
				-7.344,
				1.089,
				6.665,
				1.433,
				6.665,
				1,
				1.8,
				6.665,
				2.167,
				-7.344,
				2.533,
				-7.344,
				1,
				2.889,
				-7.344,
				3.244,
				6.665,
				3.6,
				6.665,
				1,
				3.944,
				6.665,
				4.289,
				-7.344,
				4.633,
				-7.344,
				1,
				4.989,
				-7.344,
				5.344,
				6.665,
				5.7,
				6.665,
				1,
				6.067,
				6.665,
				6.433,
				-7.344,
				6.8,
				-7.344,
				1,
				6.867,
				-7.344,
				6.933,
				-6.82,
				7,
				-5.973
			]
		},
		{
			"Target": "Parameter",
			"Id": "Param54",
			"Segments": [
				0,
				0,
				1,
				0.333,
				0,
				0.667,
				7.557,
				1,
				7.557,
				1,
				1.344,
				7.557,
				1.689,
				-9.055,
				2.033,
				-9.055,
				1,
				2.4,
				-9.055,
				2.767,
				7.557,
				3.133,
				7.557,
				1,
				3.489,
				7.557,
				3.844,
				-9.055,
				4.2,
				-9.055,
				1,
				4.544,
				-9.055,
				4.889,
				7.557,
				5.233,
				7.557,
				1,
				5.589,
				7.557,
				5.944,
				-9.055,
				6.3,
				-9.055,
				1,
				6.533,
				-9.055,
				6.767,
				-2.328,
				7,
				2.564
			]
		},
		{
			"Target": "Parameter",
			"Id": "Param55",
			"Segments": [
				0,
				0,
				1,
				0.344,
				0,
				0.689,
				6.665,
				1.033,
				6.665,
				1,
				1.389,
				6.665,
				1.744,
				-7.344,
				2.1,
				-7.344,
				1,
				2.456,
				-7.344,
				2.811,
				6.665,
				3.167,
				6.665,
				1,
				3.511,
				6.665,
				3.856,
				-7.344,
				4.2,
				-7.344,
				1,
				4.556,
				-7.344,
				4.911,
				6.665,
				5.267,
				6.665,
				1,
				5.622,
				6.665,
				5.978,
				-7.344,
				6.333,
				-7.344,
				1,
				6.556,
				-7.344,
				6.778,
				-1.872,
				7,
				2.232
			]
		},
		{
			"Target": "Parameter",
			"Id": "Param56",
			"Segments": [
				0,
				0,
				1,
				0.189,
				0,
				0.378,
				7.557,
				0.567,
				7.557,
				1,
				0.922,
				7.557,
				1.278,
				-9.055,
				1.633,
				-9.055,
				1,
				1.989,
				-9.055,
				2.344,
				7.557,
				2.7,
				7.557,
				1,
				3.056,
				7.557,
				3.411,
				-9.055,
				3.767,
				-9.055,
				1,
				4.111,
				-9.055,
				4.456,
				7.557,
				4.8,
				7.557,
				1,
				5.156,
				7.557,
				5.511,
				-9.055,
				5.867,
				-9.055,
				1,
				6.233,
				-9.055,
				6.6,
				7.557,
				6.967,
				7.557,
				1,
				6.978,
				7.557,
				6.989,
				7.539,
				7,
				7.506
			]
		},
		{
			"Target": "Parameter",
			"Id": "Param57",
			"Segments": [
				0,
				0,
				1,
				0.133,
				0,
				0.267,
				-7.344,
				0.4,
				-7.344,
				1,
				0.744,
				-7.344,
				1.089,
				6.665,
				1.433,
				6.665,
				1,
				1.8,
				6.665,
				2.167,
				-7.344,
				2.533,
				-7.344,
				1,
				2.889,
				-7.344,
				3.244,
				6.665,
				3.6,
				6.665,
				1,
				3.944,
				6.665,
				4.289,
				-7.344,
				4.633,
				-7.344,
				1,
				4.989,
				-7.344,
				5.344,
				6.665,
				5.7,
				6.665,
				1,
				6.067,
				6.665,
				6.433,
				-7.344,
				6.8,
				-7.344,
				1,
				6.867,
				-7.344,
				6.933,
				-6.82,
				7,
				-5.973
			]
		},
		{
			"Target": "Parameter",
			"Id": "Param58",
			"Segments": [
				0,
				0,
				1,
				0.333,
				0,
				0.667,
				7.557,
				1,
				7.557,
				1,
				1.344,
				7.557,
				1.689,
				-9.055,
				2.033,
				-9.055,
				1,
				2.4,
				-9.055,
				2.767,
				7.557,
				3.133,
				7.557,
				1,
				3.489,
				7.557,
				3.844,
				-9.055,
				4.2,
				-9.055,
				1,
				4.544,
				-9.055,
				4.889,
				7.557,
				5.233,
				7.557,
				1,
				5.589,
				7.557,
				5.944,
				-9.055,
				6.3,
				-9.055,
				1,
				6.533,
				-9.055,
				6.767,
				-2.328,
				7,
				2.564
			]
		},
		{
			"Target": "Parameter",
			"Id": "Param59",
			"Segments": [
				0,
				0,
				1,
				0.344,
				0,
				0.689,
				4.79,
				1.033,
				4.79,
				1,
				1.389,
				4.79,
				1.744,
				-5.23,
				2.1,
				-5.23,
				1,
				2.456,
				-5.23,
				2.811,
				4.79,
				3.167,
				4.79,
				1,
				3.511,
				4.79,
				3.856,
				-5.23,
				4.2,
				-5.23,
				1,
				4.556,
				-5.23,
				4.911,
				4.79,
				5.267,
				4.79,
				1,
				5.622,
				4.79,
				5.978,
				-5.23,
				6.333,
				-5.23,
				1,
				6.556,
				-5.23,
				6.778,
				-1.316,
				7,
				1.62
			]
		},
		{
			"Target": "Parameter",
			"Id": "Param60",
			"Segments": [
				0,
				0,
				1,
				0.189,
				0,
				0.378,
				7.557,
				0.567,
				7.557,
				1,
				0.922,
				7.557,
				1.278,
				-9.055,
				1.633,
				-9.055,
				1,
				1.989,
				-9.055,
				2.344,
				7.557,
				2.7,
				7.557,
				1,
				3.056,
				7.557,
				3.411,
				-9.055,
				3.767,
				-9.055,
				1,
				4.111,
				-9.055,
				4.456,
				7.557,
				4.8,
				7.557,
				1,
				5.156,
				7.557,
				5.511,
				-9.055,
				5.867,
				-9.055,
				1,
				6.233,
				-9.055,
				6.6,
				7.557,
				6.967,
				7.557,
				1,
				6.978,
				7.557,
				6.989,
				7.539,
				7,
				7.506
			]
		},
		{
			"Target": "Parameter",
			"Id": "Param67",
			"Segments": [
				0,
				0,
				1,
				0.344,
				0,
				0.689,
				1.677,
				1.033,
				1.677,
				1,
				1.389,
				1.677,
				1.744,
				-2.076,
				2.1,
				-2.076,
				1,
				2.456,
				-2.076,
				2.811,
				1.677,
				3.167,
				1.677,
				1,
				3.511,
				1.677,
				3.856,
				-2.076,
				4.2,
				-2.076,
				1,
				4.556,
				-2.076,
				4.911,
				1.677,
				5.267,
				1.677,
				1,
				5.622,
				1.677,
				5.978,
				-2.076,
				6.333,
				-2.076,
				1,
				6.556,
				-2.076,
				6.778,
				-0.61,
				7,
				0.49
			]
		},
		{
			"Target": "Parameter",
			"Id": "Param68",
			"Segments": [
				0,
				0,
				1,
				0.189,
				0,
				0.378,
				2.717,
				0.567,
				2.717,
				1,
				0.922,
				2.717,
				1.278,
				-3.103,
				1.633,
				-3.103,
				1,
				1.989,
				-3.103,
				2.344,
				2.717,
				2.7,
				2.717,
				1,
				3.056,
				2.717,
				3.411,
				-3.103,
				3.767,
				-3.103,
				1,
				4.111,
				-3.103,
				4.456,
				2.717,
				4.8,
				2.717,
				1,
				5.156,
				2.717,
				5.511,
				-3.103,
				5.867,
				-3.103,
				1,
				6.233,
				-3.103,
				6.6,
				2.717,
				6.967,
				2.717,
				1,
				6.978,
				2.717,
				6.989,
				2.711,
				7,
				2.699
			]
		},
		{
			"Target": "Parameter",
			"Id": "Param69",
			"Segments": [
				0,
				0,
				1,
				0.189,
				0,
				0.378,
				-3,
				0.567,
				-3,
				1,
				0.711,
				-3,
				0.856,
				4,
				1,
				4,
				1,
				1.211,
				4,
				1.422,
				-3,
				1.633,
				-3,
				1,
				3.422,
				-3,
				5.211,
				4.4,
				7,
				5.101
			]
		},
		{
			"Target": "Parameter",
			"Id": "Param70",
			"Segments": [
				0,
				0,
				1,
				0.189,
				0,
				0.378,
				-3,
				0.567,
				-3,
				1,
				0.711,
				-3,
				0.856,
				5,
				1,
				5,
				1,
				1.211,
				5,
				1.422,
				-3,
				1.633,
				-3,
				1,
				3.422,
				-3,
				5.211,
				7.517,
				7,
				9.632
			]
		},
		{
			"Target": "Parameter",
			"Id": "Param71",
			"Segments": [
				0,
				0,
				1,
				0.189,
				0,
				0.378,
				-6,
				0.567,
				-6,
				1,
				0.711,
				-6,
				0.856,
				-4.568,
				1,
				-3,
				1,
				1.211,
				-0.709,
				1.422,
				0,
				1.633,
				0,
				0,
				7,
				0
			]
		},
		{
			"Target": "Parameter",
			"Id": "Param72",
			"Segments": [
				0,
				0,
				1,
				0.189,
				0,
				0.378,
				8,
				0.567,
				8,
				1,
				0.711,
				8,
				0.856,
				3.31,
				1,
				2,
				1,
				1.211,
				0.085,
				1.422,
				0,
				1.633,
				0,
				0,
				7,
				0
			]
		},
		{
			"Target": "Parameter",
			"Id": "Param33",
			"Segments": [
				0,
				0,
				1,
				0.056,
				0,
				0.111,
				-3.154,
				0.167,
				-5,
				1,
				0.233,
				-7.215,
				0.3,
				-7.785,
				0.367,
				-10,
				1,
				0.422,
				-11.846,
				0.478,
				-15,
				0.533,
				-15,
				1,
				0.589,
				-15,
				0.644,
				15,
				0.7,
				15,
				1,
				0.756,
				15,
				0.811,
				11.846,
				0.867,
				10,
				1,
				0.933,
				7.785,
				1,
				6.801,
				1.067,
				5,
				1,
				1.122,
				3.499,
				1.178,
				1.667,
				1.233,
				0,
				1,
				1.289,
				-1.667,
				1.344,
				-3.333,
				1.4,
				-5,
				1,
				1.456,
				-6.667,
				1.511,
				-7.889,
				1.567,
				-10,
				1,
				1.633,
				-12.533,
				1.7,
				-15,
				1.767,
				-15,
				1,
				1.822,
				-15,
				1.878,
				15,
				1.933,
				15,
				1,
				1.989,
				15,
				2.044,
				12.184,
				2.1,
				10,
				1,
				2.156,
				7.816,
				2.211,
				6.501,
				2.267,
				5,
				1,
				2.333,
				3.199,
				2.4,
				1.801,
				2.467,
				0,
				1,
				2.522,
				-1.501,
				2.578,
				-3.333,
				2.633,
				-5,
				1,
				2.689,
				-6.667,
				2.744,
				-7.816,
				2.8,
				-10,
				1,
				2.856,
				-12.184,
				2.911,
				-15,
				2.967,
				-15,
				1,
				3.033,
				-15,
				3.1,
				15,
				3.167,
				15,
				1,
				3.222,
				15,
				3.278,
				12.184,
				3.333,
				10,
				1,
				3.389,
				7.816,
				3.444,
				6.667,
				3.5,
				5,
				1,
				3.556,
				3.333,
				3.611,
				1.501,
				3.667,
				0,
				1,
				3.733,
				-1.801,
				3.8,
				-3.199,
				3.867,
				-5,
				1,
				3.922,
				-6.501,
				3.978,
				-7.816,
				4.033,
				-10,
				1,
				4.089,
				-12.184,
				4.144,
				-15,
				4.2,
				-15,
				1,
				4.256,
				-15,
				4.311,
				15,
				4.367,
				15,
				1,
				4.433,
				15,
				4.5,
				12.533,
				4.567,
				10,
				1,
				4.622,
				7.889,
				4.678,
				6.667,
				4.733,
				5,
				1,
				4.789,
				3.333,
				4.844,
				1.667,
				4.9,
				0,
				1,
				4.956,
				-1.667,
				5.011,
				-3.499,
				5.067,
				-5,
				1,
				5.133,
				-6.801,
				5.2,
				-7.785,
				5.267,
				-10,
				1,
				5.322,
				-11.846,
				5.378,
				-15,
				5.433,
				-15,
				1,
				5.489,
				-15,
				5.544,
				15,
				5.6,
				15,
				1,
				5.656,
				15,
				5.711,
				11.846,
				5.767,
				10,
				1,
				5.833,
				7.785,
				5.9,
				6.801,
				5.967,
				5,
				1,
				6.022,
				3.499,
				6.078,
				1.667,
				6.133,
				0,
				1,
				6.189,
				-1.667,
				6.244,
				-3.333,
				6.3,
				-5,
				1,
				6.356,
				-6.667,
				6.411,
				-7.889,
				6.467,
				-10,
				1,
				6.533,
				-12.533,
				6.6,
				-15,
				6.667,
				-15,
				1,
				6.722,
				-15,
				6.778,
				15,
				6.833,
				15,
				1,
				6.889,
				15,
				6.944,
				12.184,
				7,
				10
			]
		},
		{
			"Target": "Parameter",
			"Id": "Param36",
			"Segments": [
				0,
				-1,
				1,
				0.178,
				-1,
				0.356,
				-1,
				0.533,
				-1,
				1,
				0.544,
				-1,
				0.556,
				1,
				0.567,
				1,
				1,
				0.6,
				1,
				0.633,
				1,
				0.667,
				1,
				1,
				0.678,
				1,
				0.689,
				-1,
				0.7,
				-1,
				1,
				1.056,
				-1,
				1.411,
				-1,
				1.767,
				-1,
				1,
				1.778,
				-1,
				1.789,
				1,
				1.8,
				1,
				1,
				1.833,
				1,
				1.867,
				1,
				1.9,
				1,
				1,
				1.911,
				1,
				1.922,
				-1,
				1.933,
				-1,
				1,
				2.278,
				-1,
				2.622,
				-1,
				2.967,
				-1,
				1,
				2.978,
				-1,
				2.989,
				1,
				3,
				1,
				1,
				3.044,
				1,
				3.089,
				1,
				3.133,
				1,
				1,
				3.144,
				1,
				3.156,
				-1,
				3.167,
				-1,
				1,
				3.511,
				-1,
				3.856,
				-1,
				4.2,
				-1,
				1,
				4.211,
				-1,
				4.222,
				1,
				4.233,
				1,
				1,
				4.267,
				1,
				4.3,
				1,
				4.333,
				1,
				1,
				4.344,
				1,
				4.356,
				-1,
				4.367,
				-1,
				1,
				4.722,
				-1,
				5.078,
				-1,
				5.433,
				-1,
				1,
				5.444,
				-1,
				5.456,
				1,
				5.467,
				1,
				1,
				5.5,
				1,
				5.533,
				1,
				5.567,
				1,
				1,
				5.578,
				1,
				5.589,
				-1,
				5.6,
				-1,
				1,
				5.956,
				-1,
				6.311,
				-1,
				6.667,
				-1,
				1,
				6.678,
				-1,
				6.689,
				1,
				6.7,
				1,
				1,
				6.733,
				1,
				6.767,
				1,
				6.8,
				1,
				1,
				6.811,
				1,
				6.822,
				-1,
				6.833,
				-1,
				1,
				6.889,
				-1,
				6.944,
				-1,
				7,
				-1
			]
		},
		{
			"Target": "Parameter",
			"Id": "Param34",
			"Segments": [
				0,
				-10,
				1,
				0.056,
				-10,
				0.111,
				-15,
				0.167,
				-15,
				1,
				0.233,
				-15,
				0.3,
				15,
				0.367,
				15,
				1,
				0.422,
				15,
				0.478,
				12.184,
				0.533,
				10,
				1,
				0.589,
				7.816,
				0.644,
				6.667,
				0.7,
				5,
				1,
				0.756,
				3.333,
				0.811,
				1.501,
				0.867,
				0,
				1,
				0.933,
				-1.801,
				1,
				-3.199,
				1.067,
				-5,
				1,
				1.122,
				-6.501,
				1.178,
				-7.816,
				1.233,
				-10,
				1,
				1.289,
				-12.184,
				1.344,
				-15,
				1.4,
				-15,
				1,
				1.456,
				-15,
				1.511,
				15,
				1.567,
				15,
				1,
				1.633,
				15,
				1.7,
				12.533,
				1.767,
				10,
				1,
				1.822,
				7.889,
				1.878,
				6.667,
				1.933,
				5,
				1,
				1.989,
				3.333,
				2.044,
				1.667,
				2.1,
				0,
				1,
				2.156,
				-1.667,
				2.211,
				-3.499,
				2.267,
				-5,
				1,
				2.333,
				-6.801,
				2.4,
				-7.785,
				2.467,
				-10,
				1,
				2.522,
				-11.846,
				2.578,
				-15,
				2.633,
				-15,
				1,
				2.689,
				-15,
				2.744,
				15,
				2.8,
				15,
				1,
				2.856,
				15,
				2.911,
				11.846,
				2.967,
				10,
				1,
				3.033,
				7.785,
				3.1,
				6.801,
				3.167,
				5,
				1,
				3.222,
				3.499,
				3.278,
				1.667,
				3.333,
				0,
				1,
				3.389,
				-1.667,
				3.444,
				-3.333,
				3.5,
				-5,
				1,
				3.556,
				-6.667,
				3.611,
				-7.889,
				3.667,
				-10,
				1,
				3.733,
				-12.533,
				3.8,
				-15,
				3.867,
				-15,
				1,
				3.922,
				-15,
				3.978,
				15,
				4.033,
				15,
				1,
				4.089,
				15,
				4.144,
				12.184,
				4.2,
				10,
				1,
				4.256,
				7.816,
				4.311,
				6.501,
				4.367,
				5,
				1,
				4.433,
				3.199,
				4.5,
				1.801,
				4.567,
				0,
				1,
				4.622,
				-1.501,
				4.678,
				-3.333,
				4.733,
				-5,
				1,
				4.789,
				-6.667,
				4.844,
				-7.816,
				4.9,
				-10,
				1,
				4.956,
				-12.184,
				5.011,
				-15,
				5.067,
				-15,
				1,
				5.133,
				-15,
				5.2,
				15,
				5.267,
				15,
				1,
				5.322,
				15,
				5.378,
				12.184,
				5.433,
				10,
				1,
				5.489,
				7.816,
				5.544,
				6.667,
				5.6,
				5,
				1,
				5.656,
				3.333,
				5.711,
				1.501,
				5.767,
				0,
				1,
				5.833,
				-1.801,
				5.9,
				-3.199,
				5.967,
				-5,
				1,
				6.022,
				-6.501,
				6.078,
				-7.816,
				6.133,
				-10,
				1,
				6.189,
				-12.184,
				6.244,
				-15,
				6.3,
				-15,
				1,
				6.356,
				-15,
				6.411,
				15,
				6.467,
				15,
				1,
				6.533,
				15,
				6.6,
				12.533,
				6.667,
				10,
				1,
				6.722,
				7.889,
				6.778,
				6.667,
				6.833,
				5,
				1,
				6.889,
				3.333,
				6.944,
				1.667,
				7,
				0
			]
		},
		{
			"Target": "Parameter",
			"Id": "Param37",
			"Segments": [
				0,
				-1,
				1,
				0.056,
				-1,
				0.111,
				-1,
				0.167,
				-1,
				1,
				0.178,
				-1,
				0.189,
				1,
				0.2,
				1,
				1,
				0.244,
				1,
				0.289,
				1,
				0.333,
				1,
				1,
				0.344,
				1,
				0.356,
				-1,
				0.367,
				-1,
				1,
				0.422,
				-1,
				0.478,
				-1,
				0.533,
				-1,
				1,
				0.822,
				-1,
				1.111,
				-1,
				1.4,
				-1,
				1,
				1.411,
				-1,
				1.422,
				1,
				1.433,
				1,
				1,
				1.467,
				1,
				1.5,
				1,
				1.533,
				1,
				1,
				1.544,
				1,
				1.556,
				-1,
				1.567,
				-1,
				1,
				1.633,
				-1,
				1.7,
				-1,
				1.767,
				-1,
				1,
				2.056,
				-1,
				2.344,
				-1,
				2.633,
				-1,
				1,
				2.644,
				-1,
				2.656,
				1,
				2.667,
				1,
				1,
				2.7,
				1,
				2.733,
				1,
				2.767,
				1,
				1,
				2.778,
				1,
				2.789,
				-1,
				2.8,
				-1,
				1,
				2.856,
				-1,
				2.911,
				-1,
				2.967,
				-1,
				1,
				3.267,
				-1,
				3.567,
				-1,
				3.867,
				-1,
				1,
				3.878,
				-1,
				3.889,
				1,
				3.9,
				1,
				1,
				3.933,
				1,
				3.967,
				1,
				4,
				1,
				1,
				4.011,
				1,
				4.022,
				-1,
				4.033,
				-1,
				1,
				4.089,
				-1,
				4.144,
				-1,
				4.2,
				-1,
				1,
				4.489,
				-1,
				4.778,
				-1,
				5.067,
				-1,
				1,
				5.078,
				-1,
				5.089,
				1,
				5.1,
				1,
				1,
				5.144,
				1,
				5.189,
				1,
				5.233,
				1,
				1,
				5.244,
				1,
				5.256,
				-1,
				5.267,
				-1,
				1,
				5.322,
				-1,
				5.378,
				-1,
				5.433,
				-1,
				1,
				5.722,
				-1,
				6.011,
				-1,
				6.3,
				-1,
				1,
				6.311,
				-1,
				6.322,
				1,
				6.333,
				1,
				1,
				6.367,
				1,
				6.4,
				1,
				6.433,
				1,
				1,
				6.444,
				1,
				6.456,
				-1,
				6.467,
				-1,
				1,
				6.533,
				-1,
				6.6,
				-1,
				6.667,
				-1,
				1,
				6.778,
				-1,
				6.889,
				-1,
				7,
				-1
			]
		},
		{
			"Target": "Parameter",
			"Id": "Param35",
			"Segments": [
				0,
				10,
				1,
				0.056,
				10,
				0.111,
				6.846,
				0.167,
				5,
				1,
				0.233,
				2.785,
				0.3,
				1.801,
				0.367,
				0,
				1,
				0.422,
				-1.501,
				0.478,
				-3.333,
				0.533,
				-5,
				1,
				0.589,
				-6.667,
				0.644,
				-7.816,
				0.7,
				-10,
				1,
				0.756,
				-12.184,
				0.811,
				-15,
				0.867,
				-15,
				1,
				0.933,
				-15,
				1,
				15,
				1.067,
				15,
				1,
				1.122,
				15,
				1.178,
				12.184,
				1.233,
				10,
				1,
				1.289,
				7.816,
				1.344,
				6.667,
				1.4,
				5,
				1,
				1.456,
				3.333,
				1.511,
				1.501,
				1.567,
				0,
				1,
				1.633,
				-1.801,
				1.7,
				-3.199,
				1.767,
				-5,
				1,
				1.822,
				-6.501,
				1.878,
				-7.816,
				1.933,
				-10,
				1,
				1.989,
				-12.184,
				2.044,
				-15,
				2.1,
				-15,
				1,
				2.156,
				-15,
				2.211,
				15,
				2.267,
				15,
				1,
				2.333,
				15,
				2.4,
				12.533,
				2.467,
				10,
				1,
				2.522,
				7.889,
				2.578,
				6.667,
				2.633,
				5,
				1,
				2.689,
				3.333,
				2.744,
				1.667,
				2.8,
				0,
				1,
				2.856,
				-1.667,
				2.911,
				-3.499,
				2.967,
				-5,
				1,
				3.033,
				-6.801,
				3.1,
				-7.785,
				3.167,
				-10,
				1,
				3.222,
				-11.846,
				3.278,
				-15,
				3.333,
				-15,
				1,
				3.389,
				-15,
				3.444,
				15,
				3.5,
				15,
				1,
				3.556,
				15,
				3.611,
				11.846,
				3.667,
				10,
				1,
				3.733,
				7.785,
				3.8,
				6.801,
				3.867,
				5,
				1,
				3.922,
				3.499,
				3.978,
				1.667,
				4.033,
				0,
				1,
				4.089,
				-1.667,
				4.144,
				-3.333,
				4.2,
				-5,
				1,
				4.256,
				-6.667,
				4.311,
				-7.889,
				4.367,
				-10,
				1,
				4.433,
				-12.533,
				4.5,
				-15,
				4.567,
				-15,
				1,
				4.622,
				-15,
				4.678,
				15,
				4.733,
				15,
				1,
				4.789,
				15,
				4.844,
				12.184,
				4.9,
				10,
				1,
				4.956,
				7.816,
				5.011,
				6.501,
				5.067,
				5,
				1,
				5.133,
				3.199,
				5.2,
				1.801,
				5.267,
				0,
				1,
				5.322,
				-1.501,
				5.378,
				-3.333,
				5.433,
				-5,
				1,
				5.489,
				-6.667,
				5.544,
				-7.816,
				5.6,
				-10,
				1,
				5.656,
				-12.184,
				5.711,
				-15,
				5.767,
				-15,
				1,
				5.833,
				-15,
				5.9,
				15,
				5.967,
				15,
				1,
				6.022,
				15,
				6.078,
				12.184,
				6.133,
				10,
				1,
				6.189,
				7.816,
				6.244,
				6.667,
				6.3,
				5,
				1,
				6.356,
				3.333,
				6.411,
				1.501,
				6.467,
				0,
				1,
				6.533,
				-1.801,
				6.6,
				-3.199,
				6.667,
				-5,
				1,
				6.722,
				-6.501,
				6.778,
				-7.816,
				6.833,
				-10,
				1,
				6.889,
				-12.184,
				6.944,
				-15,
				7,
				-15
			]
		},
		{
			"Target": "Parameter",
			"Id": "Param38",
			"Segments": [
				0,
				-1,
				1,
				0.289,
				-1,
				0.578,
				-1,
				0.867,
				-1,
				1,
				0.878,
				-1,
				0.889,
				1,
				0.9,
				1,
				1,
				0.944,
				1,
				0.989,
				1,
				1.033,
				1,
				1,
				1.044,
				1,
				1.056,
				-1,
				1.067,
				-1,
				1,
				1.411,
				-1,
				1.756,
				-1,
				2.1,
				-1,
				1,
				2.111,
				-1,
				2.122,
				1,
				2.133,
				1,
				1,
				2.167,
				1,
				2.2,
				1,
				2.233,
				1,
				1,
				2.244,
				1,
				2.256,
				-1,
				2.267,
				-1,
				1,
				2.622,
				-1,
				2.978,
				-1,
				3.333,
				-1,
				1,
				3.344,
				-1,
				3.356,
				1,
				3.367,
				1,
				1,
				3.4,
				1,
				3.433,
				1,
				3.467,
				1,
				1,
				3.478,
				1,
				3.489,
				-1,
				3.5,
				-1,
				1,
				3.856,
				-1,
				4.211,
				-1,
				4.567,
				-1,
				1,
				4.578,
				-1,
				4.589,
				1,
				4.6,
				1,
				1,
				4.633,
				1,
				4.667,
				1,
				4.7,
				1,
				1,
				4.711,
				1,
				4.722,
				-1,
				4.733,
				-1,
				1,
				5.078,
				-1,
				5.422,
				-1,
				5.767,
				-1,
				1,
				5.778,
				-1,
				5.789,
				1,
				5.8,
				1,
				1,
				5.844,
				1,
				5.889,
				1,
				5.933,
				1,
				1,
				5.944,
				1,
				5.956,
				-1,
				5.967,
				-1,
				1,
				6.311,
				-1,
				6.656,
				-1,
				7,
				-1
			]
		},
		{
			"Target": "PartOpacity",
			"Id": "Part",
			"Segments": [
				0,
				1,
				0,
				7,
				1
			]
		},
		{
			"Target": "PartOpacity",
			"Id": "Part2",
			"Segments": [
				0,
				1,
				0,
				7,
				1
			]
		},
		{
			"Target": "PartOpacity",
			"Id": "Part3",
			"Segments": [
				0,
				1,
				0,
				7,
				1
			]
		},
		{
			"Target": "PartOpacity",
			"Id": "Part4",
			"Segments": [
				0,
				1,
				0,
				7,
				1
			]
		},
		{
			"Target": "PartOpacity",
			"Id": "Part5",
			"Segments": [
				0,
				1,
				0,
				7,
				1
			]
		},
		{
			"Target": "PartOpacity",
			"Id": "Part27",
			"Segments": [
				0,
				1,
				0,
				7,
				1
			]
		},
		{
			"Target": "PartOpacity",
			"Id": "Part6",
			"Segments": [
				0,
				1,
				0,
				7,
				1
			]
		},
		{
			"Target": "PartOpacity",
			"Id": "Part11",
			"Segments": [
				0,
				1,
				0,
				7,
				1
			]
		},
		{
			"Target": "PartOpacity",
			"Id": "Part12",
			"Segments": [
				0,
				1,
				0,
				7,
				1
			]
		},
		{
			"Target": "PartOpacity",
			"Id": "Part13",
			"Segments": [
				0,
				1,
				0,
				7,
				1
			]
		},
		{
			"Target": "PartOpacity",
			"Id": "Part14",
			"Segments": [
				0,
				1,
				0,
				7,
				1
			]
		},
		{
			"Target": "PartOpacity",
			"Id": "Part15",
			"Segments": [
				0,
				1,
				0,
				7,
				1
			]
		},
		{
			"Target": "PartOpacity",
			"Id": "Part16",
			"Segments": [
				0,
				1,
				0,
				7,
				1
			]
		},
		{
			"Target": "PartOpacity",
			"Id": "Part17",
			"Segments": [
				0,
				1,
				0,
				7,
				1
			]
		},
		{
			"Target": "PartOpacity",
			"Id": "Part18",
			"Segments": [
				0,
				1,
				0,
				7,
				1
			]
		},
		{
			"Target": "PartOpacity",
			"Id": "Part19",
			"Segments": [
				0,
				1,
				0,
				7,
				1
			]
		},
		{
			"Target": "PartOpacity",
			"Id": "Part20",
			"Segments": [
				0,
				1,
				0,
				7,
				1
			]
		},
		{
			"Target": "PartOpacity",
			"Id": "Part21",
			"Segments": [
				0,
				1,
				0,
				7,
				1
			]
		},
		{
			"Target": "PartOpacity",
			"Id": "Part22",
			"Segments": [
				0,
				1,
				0,
				7,
				1
			]
		},
		{
			"Target": "PartOpacity",
			"Id": "Part23",
			"Segments": [
				0,
				1,
				0,
				7,
				1
			]
		},
		{
			"Target": "PartOpacity",
			"Id": "Part24",
			"Segments": [
				0,
				1,
				0,
				7,
				1
			]
		},
		{
			"Target": "PartOpacity",
			"Id": "Part25",
			"Segments": [
				0,
				1,
				0,
				7,
				1
			]
		},
		{
			"Target": "PartOpacity",
			"Id": "Part26",
			"Segments": [
				0,
				1,
				0,
				7,
				1
			]
		},
		{
			"Target": "PartOpacity",
			"Id": "Part50",
			"Segments": [
				0,
				1,
				0,
				7,
				1
			]
		}
	]
}