{
	"Version": 3,
	"Meta": {
		"Duration": 8.5,
		"Fps": 30.0,
		"Loop": true,
		"AreBeziersRestricted": true,
		"CurveCount": 158,
		"TotalSegmentCount": 1140,
		"TotalPointCount": 3454,
		"UserDataCount": 0,
		"TotalUserDataSize": 0
	},
	"Curves": [
		{
			"Target": "Model",
			"Id": "Opacity",
			"Segments": [
				0,
				1,
				0,
				8.5,
				1
			]
		},
		{
			"Target": "Model",
			"Id": "EyeBlink",
			"Segments": [
				0,
				1,
				0,
				8.5,
				1
			]
		},
		{
			"Target": "Model",
			"Id": "LipSync",
			"Segments": [
				0,
				0,
				1,
				0.022,
				0,
				0.044,
				0.345,
				0.067,
				0.345,
				1,
				0.089,
				0.345,
				0.111,
				0.216,
				0.133,
				0.216,
				1,
				0.178,
				0.216,
				0.222,
				0.918,
				0.267,
				0.918,
				1,
				0.289,
				0.918,
				0.311,
				0.773,
				0.333,
				0.773,
				1,
				0.356,
				0.773,
				0.378,
				0.961,
				0.4,
				0.961,
				1,
				0.489,
				0.961,
				0.578,
				0,
				0.667,
				0,
				1,
				0.8,
				0,
				0.933,
				0,
				1.067,
				0,
				1,
				1.133,
				0,
				1.2,
				0.765,
				1.267,
				0.765,
				1,
				1.289,
				0.765,
				1.311,
				0.298,
				1.333,
				0.298,
				1,
				1.356,
				0.298,
				1.378,
				0.949,
				1.4,
				0.949,
				1,
				1.489,
				0.949,
				1.578,
				0,
				1.667,
				0,
				1,
				1.689,
				0,
				1.711,
				0.894,
				1.733,
				0.894,
				1,
				1.756,
				0.894,
				1.778,
				0.039,
				1.8,
				0.039,
				1,
				1.822,
				0.039,
				1.844,
				0.953,
				1.867,
				0.953,
				1,
				1.911,
				0.953,
				1.956,
				0.051,
				2,
				0.051,
				1,
				2.044,
				0.051,
				2.089,
				0.969,
				2.133,
				0.969,
				1,
				2.156,
				0.969,
				2.178,
				0.047,
				2.2,
				0.047,
				1,
				2.222,
				0.047,
				2.244,
				0.918,
				2.267,
				0.918,
				1,
				2.311,
				0.918,
				2.356,
				0.027,
				2.4,
				0.027,
				1,
				2.444,
				0.027,
				2.489,
				0.855,
				2.533,
				0.855,
				1,
				2.6,
				0.855,
				2.667,
				0.031,
				2.733,
				0.031,
				1,
				2.756,
				0.031,
				2.778,
				0.506,
				2.8,
				0.506,
				1,
				2.822,
				0.506,
				2.844,
				0.224,
				2.867,
				0.224,
				1,
				2.889,
				0.224,
				2.911,
				0.651,
				2.933,
				0.651,
				1,
				2.956,
				0.651,
				2.978,
				0.361,
				3,
				0.361,
				1,
				3.022,
				0.361,
				3.044,
				0.875,
				3.067,
				0.875,
				1,
				3.089,
				0.875,
				3.111,
				0.071,
				3.133,
				0.071,
				1,
				3.178,
				0.071,
				3.222,
				0.698,
				3.267,
				0.698,
				1,
				3.356,
				0.698,
				3.444,
				0.024,
				3.533,
				0.024,
				1,
				3.556,
				0.024,
				3.578,
				0.035,
				3.6,
				0.035,
				1,
				3.689,
				0.035,
				3.778,
				0,
				3.867,
				0,
				1,
				4.111,
				0,
				4.356,
				0,
				4.6,
				0,
				1,
				4.644,
				0,
				4.689,
				0.706,
				4.733,
				0.706,
				1,
				4.844,
				0.706,
				4.956,
				0,
				5.067,
				0,
				1,
				5.244,
				0,
				5.422,
				0,
				5.6,
				0,
				1,
				5.644,
				0,
				5.689,
				0.725,
				5.733,
				0.725,
				1,
				5.8,
				0.725,
				5.867,
				0.125,
				5.933,
				0.125,
				1,
				5.956,
				0.125,
				5.978,
				0.29,
				6,
				0.29,
				1,
				6.022,
				0.29,
				6.044,
				0.282,
				6.067,
				0.282,
				1,
				6.133,
				0.282,
				6.2,
				0.871,
				6.267,
				0.871,
				1,
				6.289,
				0.871,
				6.311,
				0.322,
				6.333,
				0.322,
				1,
				6.356,
				0.322,
				6.378,
				0.522,
				6.4,
				0.522,
				1,
				6.467,
				0.522,
				6.533,
				0,
				6.6,
				0,
				1,
				7.233,
				0,
				7.867,
				0,
				8.5,
				0
			]
		},
		{
			"Target": "Parameter",
			"Id": "Param85",
			"Segments": [
				0,
				0,
				1,
				0.122,
				0,
				0.244,
				-0.609,
				0.367,
				-0.609,
				1,
				0.778,
				-0.609,
				1.189,
				0.62,
				1.6,
				0.62,
				1,
				2.022,
				0.62,
				2.444,
				-0.609,
				2.867,
				-0.609,
				1,
				3.278,
				-0.609,
				3.689,
				0.62,
				4.1,
				0.62,
				1,
				4.511,
				0.62,
				4.922,
				-0.609,
				5.333,
				-0.609,
				1,
				5.744,
				-0.609,
				6.156,
				0.62,
				6.567,
				0.62,
				1,
				6.989,
				0.62,
				7.411,
				-0.609,
				7.833,
				-0.609,
				1,
				8.056,
				-0.609,
				8.278,
				-0.25,
				8.5,
				0.08
			]
		},
		{
			"Target": "Parameter",
			"Id": "Param86",
			"Segments": [
				0,
				0,
				1,
				0.356,
				0,
				0.711,
				1.036,
				1.067,
				1.036,
				1,
				1.478,
				1.036,
				1.889,
				-1.124,
				2.3,
				-1.124,
				1,
				2.722,
				-1.124,
				3.144,
				1.036,
				3.567,
				1.036,
				1,
				3.978,
				1.036,
				4.389,
				-1.124,
				4.8,
				-1.124,
				1,
				5.211,
				-1.124,
				5.622,
				1.036,
				6.033,
				1.036,
				1,
				6.444,
				1.036,
				6.856,
				-1.124,
				7.267,
				-1.124,
				1,
				7.678,
				-1.124,
				8.089,
				0.924,
				8.5,
				1.031
			]
		},
		{
			"Target": "Parameter",
			"Id": "Param87",
			"Segments": [
				0,
				0,
				1,
				0.422,
				0,
				0.844,
				-0.686,
				1.267,
				-0.686,
				1,
				1.689,
				-0.686,
				2.111,
				0.521,
				2.533,
				0.521,
				1,
				2.944,
				0.521,
				3.356,
				-0.686,
				3.767,
				-0.686,
				1,
				4.178,
				-0.686,
				4.589,
				0.521,
				5,
				0.521,
				1,
				5.411,
				0.521,
				5.822,
				-0.686,
				6.233,
				-0.686,
				1,
				6.656,
				-0.686,
				7.078,
				0.521,
				7.5,
				0.521,
				1,
				7.833,
				0.521,
				8.167,
				-0.272,
				8.5,
				-0.572
			]
		},
		{
			"Target": "Parameter",
			"Id": "Param88",
			"Segments": [
				0,
				0,
				1,
				0.244,
				0,
				0.489,
				-0.823,
				0.733,
				-0.823,
				1,
				1.144,
				-0.823,
				1.556,
				1.003,
				1.967,
				1.003,
				1,
				2.389,
				1.003,
				2.811,
				-0.823,
				3.233,
				-0.823,
				1,
				3.644,
				-0.823,
				4.056,
				1.003,
				4.467,
				1.003,
				1,
				4.878,
				1.003,
				5.289,
				-0.823,
				5.7,
				-0.823,
				1,
				6.111,
				-0.823,
				6.522,
				1.003,
				6.933,
				1.003,
				1,
				7.356,
				1.003,
				7.778,
				-0.823,
				8.2,
				-0.823,
				1,
				8.3,
				-0.823,
				8.4,
				-0.715,
				8.5,
				-0.552
			]
		},
		{
			"Target": "Parameter",
			"Id": "Param89",
			"Segments": [
				0,
				0,
				1,
				0.144,
				0,
				0.289,
				-0.445,
				0.433,
				-0.445,
				1,
				0.844,
				-0.445,
				1.256,
				0.55,
				1.667,
				0.55,
				1,
				2.089,
				0.55,
				2.511,
				-0.445,
				2.933,
				-0.445,
				1,
				3.344,
				-0.445,
				3.756,
				0.55,
				4.167,
				0.55,
				1,
				4.578,
				0.55,
				4.989,
				-0.445,
				5.4,
				-0.445,
				1,
				5.811,
				-0.445,
				6.222,
				0.55,
				6.633,
				0.55,
				1,
				7.056,
				0.55,
				7.478,
				-0.445,
				7.9,
				-0.445,
				1,
				8.1,
				-0.445,
				8.3,
				-0.21,
				8.5,
				0.032
			]
		},
		{
			"Target": "Parameter",
			"Id": "Param90",
			"Segments": [
				0,
				0,
				1,
				0.378,
				0,
				0.756,
				0.772,
				1.133,
				0.772,
				1,
				1.544,
				0.772,
				1.956,
				-0.745,
				2.367,
				-0.745,
				1,
				2.789,
				-0.745,
				3.211,
				0.772,
				3.633,
				0.772,
				1,
				4.044,
				0.772,
				4.456,
				-0.745,
				4.867,
				-0.745,
				1,
				5.278,
				-0.745,
				5.689,
				0.772,
				6.1,
				0.772,
				1,
				6.511,
				0.772,
				6.922,
				-0.745,
				7.333,
				-0.745,
				1,
				7.722,
				-0.745,
				8.111,
				0.542,
				8.5,
				0.745
			]
		},
		{
			"Target": "Parameter",
			"Id": "Param91",
			"Segments": [
				0,
				0,
				1,
				0.333,
				0,
				0.667,
				1.677,
				1,
				1.677,
				1,
				1.422,
				1.677,
				1.844,
				-2.076,
				2.267,
				-2.076,
				1,
				2.678,
				-2.076,
				3.089,
				1.677,
				3.5,
				1.677,
				1,
				3.911,
				1.677,
				4.322,
				-2.076,
				4.733,
				-2.076,
				1,
				5.144,
				-2.076,
				5.556,
				1.677,
				5.967,
				1.677,
				1,
				6.389,
				1.677,
				6.811,
				-2.076,
				7.233,
				-2.076,
				1,
				7.644,
				-2.076,
				8.056,
				1.677,
				8.467,
				1.677,
				1,
				8.478,
				1.677,
				8.489,
				1.675,
				8.5,
				1.669
			]
		},
		{
			"Target": "Parameter",
			"Id": "Param92",
			"Segments": [
				0,
				0,
				1,
				0.156,
				0,
				0.311,
				2.717,
				0.467,
				2.717,
				1,
				0.878,
				2.717,
				1.289,
				-3.103,
				1.7,
				-3.103,
				1,
				2.122,
				-3.103,
				2.544,
				2.717,
				2.967,
				2.717,
				1,
				3.378,
				2.717,
				3.789,
				-3.103,
				4.2,
				-3.103,
				1,
				4.611,
				-3.103,
				5.022,
				2.717,
				5.433,
				2.717,
				1,
				5.844,
				2.717,
				6.256,
				-3.103,
				6.667,
				-3.103,
				1,
				7.089,
				-3.103,
				7.511,
				2.717,
				7.933,
				2.717,
				1,
				8.122,
				2.717,
				8.311,
				1.489,
				8.5,
				0.16
			]
		},
		{
			"Target": "Parameter",
			"Id": "Param93",
			"Segments": [
				0,
				0,
				1,
				0.4,
				0,
				0.8,
				0.233,
				1.2,
				0.233,
				1,
				1.622,
				0.233,
				2.044,
				-0.346,
				2.467,
				-0.346,
				1,
				2.878,
				-0.346,
				3.289,
				0.233,
				3.7,
				0.233,
				1,
				4.111,
				0.233,
				4.522,
				-0.346,
				4.933,
				-0.346,
				1,
				5.344,
				-0.346,
				5.756,
				0.233,
				6.167,
				0.233,
				1,
				6.589,
				0.233,
				7.011,
				-0.346,
				7.433,
				-0.346,
				1,
				7.789,
				-0.346,
				8.144,
				0.087,
				8.5,
				0.204
			]
		},
		{
			"Target": "Parameter",
			"Id": "Param94",
			"Segments": [
				0,
				0,
				1,
				0.222,
				0,
				0.444,
				0.511,
				0.667,
				0.511,
				1,
				1.078,
				0.511,
				1.489,
				-0.489,
				1.9,
				-0.489,
				1,
				2.322,
				-0.489,
				2.744,
				0.511,
				3.167,
				0.511,
				1,
				3.578,
				0.511,
				3.989,
				-0.489,
				4.4,
				-0.489,
				1,
				4.811,
				-0.489,
				5.222,
				0.511,
				5.633,
				0.511,
				1,
				6.044,
				0.511,
				6.456,
				-0.489,
				6.867,
				-0.489,
				1,
				7.289,
				-0.489,
				7.711,
				0.511,
				8.133,
				0.511,
				1,
				8.256,
				0.511,
				8.378,
				0.422,
				8.5,
				0.298
			]
		},
		{
			"Target": "Parameter",
			"Id": "Param95",
			"Segments": [
				0,
				0,
				1,
				0.422,
				0,
				0.844,
				0.472,
				1.267,
				0.472,
				1,
				1.689,
				0.472,
				2.111,
				-0.511,
				2.533,
				-0.511,
				1,
				2.944,
				-0.511,
				3.356,
				0.472,
				3.767,
				0.472,
				1,
				4.178,
				0.472,
				4.589,
				-0.511,
				5,
				-0.511,
				1,
				5.411,
				-0.511,
				5.822,
				0.472,
				6.233,
				0.472,
				1,
				6.656,
				0.472,
				7.078,
				-0.511,
				7.5,
				-0.511,
				1,
				7.833,
				-0.511,
				8.167,
				0.135,
				8.5,
				0.379
			]
		},
		{
			"Target": "Parameter",
			"Id": "Param96",
			"Segments": [
				0,
				0,
				1,
				0.244,
				0,
				0.489,
				0.736,
				0.733,
				0.736,
				1,
				1.144,
				0.736,
				1.556,
				-0.869,
				1.967,
				-0.869,
				1,
				2.389,
				-0.869,
				2.811,
				0.736,
				3.233,
				0.736,
				1,
				3.644,
				0.736,
				4.056,
				-0.869,
				4.467,
				-0.869,
				1,
				4.878,
				-0.869,
				5.289,
				0.736,
				5.7,
				0.736,
				1,
				6.111,
				0.736,
				6.522,
				-0.869,
				6.933,
				-0.869,
				1,
				7.356,
				-0.869,
				7.778,
				0.736,
				8.2,
				0.736,
				1,
				8.3,
				0.736,
				8.4,
				0.641,
				8.5,
				0.497
			]
		},
		{
			"Target": "Parameter",
			"Id": "Param100",
			"Segments": [
				0,
				0,
				0,
				8.5,
				-51
			]
		},
		{
			"Target": "Parameter",
			"Id": "Param101",
			"Segments": [
				0,
				0,
				1,
				1,
				0,
				2,
				-30,
				3,
				-30,
				1,
				3.933,
				-30,
				4.867,
				0,
				5.8,
				0,
				0,
				8.5,
				0
			]
		},
		{
			"Target": "Parameter",
			"Id": "Param102",
			"Segments": [
				0,
				0,
				0,
				8.5,
				-74
			]
		},
		{
			"Target": "Parameter",
			"Id": "Param103",
			"Segments": [
				0,
				0,
				1,
				0.622,
				0,
				1.244,
				-30,
				1.867,
				-30,
				1,
				2.678,
				-30,
				3.489,
				0,
				4.3,
				0,
				0,
				8.5,
				0
			]
		},
		{
			"Target": "Parameter",
			"Id": "ParamBrowRX",
			"Segments": [
				0,
				-0.1,
				1,
				0.567,
				-0.1,
				1.133,
				-0.1,
				1.7,
				-0.1,
				1,
				1.867,
				-0.1,
				2.033,
				-0.1,
				2.2,
				-0.1,
				0,
				8.5,
				-0.1
			]
		},
		{
			"Target": "Parameter",
			"Id": "ParamBrowRY",
			"Segments": [
				0,
				0.3,
				1,
				0.567,
				0.3,
				1.133,
				0.3,
				1.7,
				0.3,
				1,
				1.867,
				0.3,
				2.033,
				0.3,
				2.2,
				0.3,
				0,
				8.5,
				0.3
			]
		},
		{
			"Target": "Parameter",
			"Id": "ParamBrowRAngle",
			"Segments": [
				0,
				0.8,
				1,
				0.567,
				0.8,
				1.133,
				0.821,
				1.7,
				0.9,
				1,
				1.867,
				0.923,
				2.033,
				1,
				2.2,
				1,
				0,
				8.5,
				1
			]
		},
		{
			"Target": "Parameter",
			"Id": "ParamBrowRForm",
			"Segments": [
				0,
				-0.1,
				1,
				0.567,
				-0.1,
				1.133,
				-0.1,
				1.7,
				-0.1,
				1,
				1.867,
				-0.1,
				2.033,
				-0.1,
				2.2,
				-0.1,
				0,
				8.5,
				-0.1
			]
		},
		{
			"Target": "Parameter",
			"Id": "ParamMouthForm",
			"Segments": [
				0,
				-3.5,
				1,
				0.089,
				-3.5,
				0.178,
				-3.181,
				0.267,
				-3.181,
				1,
				0.4,
				-3.181,
				0.533,
				-3.364,
				0.667,
				-3.364,
				1,
				0.8,
				-3.364,
				0.933,
				-3.181,
				1.067,
				-3.181,
				1,
				1.2,
				-3.181,
				1.333,
				-3.364,
				1.467,
				-3.364,
				1,
				1.578,
				-3.364,
				1.689,
				-3.214,
				1.8,
				-3.214,
				1,
				1.933,
				-3.214,
				2.067,
				-3.364,
				2.2,
				-3.364,
				1,
				2.311,
				-3.364,
				2.422,
				-3.214,
				2.533,
				-3.214,
				1,
				2.667,
				-3.214,
				2.8,
				-3.364,
				2.933,
				-3.364,
				1,
				3.022,
				-3.364,
				3.111,
				-3.214,
				3.2,
				-3.214,
				1,
				3.333,
				-3.214,
				3.467,
				-3.364,
				3.6,
				-3.364,
				1,
				3.933,
				-3.364,
				4.267,
				-3.248,
				4.6,
				-3.248,
				1,
				4.733,
				-3.248,
				4.867,
				-3.364,
				5,
				-3.364,
				1,
				5.2,
				-3.364,
				5.4,
				-3.248,
				5.6,
				-3.248,
				1,
				5.733,
				-3.248,
				5.867,
				-3.364,
				6,
				-3.364,
				1,
				6.1,
				-3.364,
				6.2,
				-3.248,
				6.3,
				-3.248,
				1,
				6.389,
				-3.248,
				6.478,
				-3.364,
				6.567,
				-3.364,
				0,
				8.5,
				-3.364
			]
		},
		{
			"Target": "Parameter",
			"Id": "ParamMouthOpenY",
			"Segments": [
				0,
				0.18,
				1,
				0.022,
				0.18,
				0.044,
				0.406,
				0.067,
				0.406,
				1,
				0.089,
				0.406,
				0.111,
				0.321,
				0.133,
				0.321,
				1,
				0.178,
				0.321,
				0.222,
				0.918,
				0.267,
				0.918,
				1,
				0.289,
				0.918,
				0.311,
				0.773,
				0.333,
				0.773,
				1,
				0.356,
				0.773,
				0.378,
				0.961,
				0.4,
				0.961,
				1,
				0.489,
				0.961,
				0.578,
				0.18,
				0.667,
				0.18,
				1,
				0.8,
				0.18,
				0.933,
				0.18,
				1.067,
				0.18,
				1,
				1.133,
				0.18,
				1.2,
				0.765,
				1.267,
				0.765,
				1,
				1.289,
				0.765,
				1.311,
				0.375,
				1.333,
				0.375,
				1,
				1.356,
				0.375,
				1.378,
				0.949,
				1.4,
				0.949,
				1,
				1.489,
				0.949,
				1.578,
				0.18,
				1.667,
				0.18,
				1,
				1.689,
				0.18,
				1.711,
				0.894,
				1.733,
				0.894,
				1,
				1.756,
				0.894,
				1.778,
				0.206,
				1.8,
				0.206,
				1,
				1.822,
				0.206,
				1.844,
				0.953,
				1.867,
				0.953,
				1,
				1.911,
				0.953,
				1.956,
				0.214,
				2,
				0.214,
				1,
				2.044,
				0.214,
				2.089,
				0.969,
				2.133,
				0.969,
				1,
				2.156,
				0.969,
				2.178,
				0.211,
				2.2,
				0.211,
				1,
				2.222,
				0.211,
				2.244,
				0.918,
				2.267,
				0.918,
				1,
				2.311,
				0.918,
				2.356,
				0.198,
				2.4,
				0.198,
				1,
				2.444,
				0.198,
				2.489,
				0.855,
				2.533,
				0.855,
				1,
				2.6,
				0.855,
				2.667,
				0.201,
				2.733,
				0.201,
				1,
				2.756,
				0.201,
				2.778,
				0.512,
				2.8,
				0.512,
				1,
				2.822,
				0.512,
				2.844,
				0.327,
				2.867,
				0.327,
				1,
				2.889,
				0.327,
				2.911,
				0.651,
				2.933,
				0.651,
				1,
				2.956,
				0.651,
				2.978,
				0.417,
				3,
				0.417,
				1,
				3.022,
				0.417,
				3.044,
				0.875,
				3.067,
				0.875,
				1,
				3.089,
				0.875,
				3.111,
				0.226,
				3.133,
				0.226,
				1,
				3.178,
				0.226,
				3.222,
				0.698,
				3.267,
				0.698,
				1,
				3.356,
				0.698,
				3.444,
				0.196,
				3.533,
				0.196,
				1,
				3.556,
				0.196,
				3.578,
				0.203,
				3.6,
				0.203,
				1,
				3.689,
				0.203,
				3.778,
				0.18,
				3.867,
				0.18,
				1,
				4.111,
				0.18,
				4.356,
				0.18,
				4.6,
				0.18,
				1,
				4.644,
				0.18,
				4.689,
				0.706,
				4.733,
				0.706,
				1,
				4.844,
				0.706,
				4.956,
				0.18,
				5.067,
				0.18,
				1,
				5.244,
				0.18,
				5.422,
				0.18,
				5.6,
				0.18,
				1,
				5.644,
				0.18,
				5.689,
				0.725,
				5.733,
				0.725,
				1,
				5.8,
				0.725,
				5.867,
				0.262,
				5.933,
				0.262,
				1,
				5.956,
				0.262,
				5.978,
				0.37,
				6,
				0.37,
				1,
				6.022,
				0.37,
				6.044,
				0.365,
				6.067,
				0.365,
				1,
				6.133,
				0.365,
				6.2,
				0.871,
				6.267,
				0.871,
				1,
				6.289,
				0.871,
				6.311,
				0.391,
				6.333,
				0.391,
				1,
				6.356,
				0.391,
				6.378,
				0.522,
				6.4,
				0.522,
				1,
				6.467,
				0.522,
				6.533,
				0.18,
				6.6,
				0.18,
				1,
				6.678,
				0.18,
				6.756,
				1,
				6.833,
				1,
				0,
				8.5,
				1
			]
		},
		{
			"Target": "Parameter",
			"Id": "Param3",
			"Segments": [
				0,
				0,
				0,
				8.5,
				0
			]
		},
		{
			"Target": "Parameter",
			"Id": "Param4",
			"Segments": [
				0,
				0,
				0,
				8.5,
				0
			]
		},
		{
			"Target": "Parameter",
			"Id": "Param5",
			"Segments": [
				0,
				-0.5,
				0,
				8.5,
				-0.5
			]
		},
		{
			"Target": "Parameter",
			"Id": "Param119",
			"Segments": [
				0,
				30,
				0,
				8.5,
				30
			]
		},
		{
			"Target": "Parameter",
			"Id": "ParamEyeLOpen",
			"Segments": [
				0,
				1,
				0,
				8.5,
				1
			]
		},
		{
			"Target": "Parameter",
			"Id": "ParamEyeLSmile",
			"Segments": [
				0,
				0,
				0,
				8.5,
				0
			]
		},
		{
			"Target": "Parameter",
			"Id": "Param121",
			"Segments": [
				0,
				13,
				0,
				8.5,
				13
			]
		},
		{
			"Target": "Parameter",
			"Id": "Param115",
			"Segments": [
				0,
				30,
				1,
				1.667,
				30,
				3.333,
				30,
				5,
				30,
				1,
				5.011,
				30,
				5.022,
				30,
				5.033,
				30,
				0,
				8.5,
				30
			]
		},
		{
			"Target": "Parameter",
			"Id": "Param116",
			"Segments": [
				0,
				-30,
				1,
				1.667,
				-30,
				3.333,
				-30,
				5,
				-30,
				1,
				5.011,
				-30,
				5.022,
				30,
				5.033,
				30,
				0,
				8.5,
				30
			]
		},
		{
			"Target": "Parameter",
			"Id": "Param117",
			"Segments": [
				0,
				30,
				1,
				1.667,
				30,
				3.333,
				30,
				5,
				30,
				0,
				8.5,
				30
			]
		},
		{
			"Target": "Parameter",
			"Id": "Param118",
			"Segments": [
				0,
				30,
				1,
				1.667,
				30,
				3.333,
				30,
				5,
				30,
				1,
				5.011,
				30,
				5.022,
				-30,
				5.033,
				-30,
				0,
				8.5,
				-30
			]
		},
		{
			"Target": "Parameter",
			"Id": "ParamEyeROpen",
			"Segments": [
				0,
				0.539,
				1,
				0.567,
				0.539,
				1.133,
				0.539,
				1.7,
				0.539,
				1,
				1.878,
				0.539,
				2.056,
				0,
				2.233,
				0,
				1,
				2.367,
				0,
				2.5,
				0.539,
				2.633,
				0.539,
				1,
				3.267,
				0.539,
				3.9,
				0.539,
				4.533,
				0.539,
				1,
				4.611,
				0.539,
				4.689,
				0,
				4.767,
				0,
				1,
				4.9,
				0,
				5.033,
				0.6,
				5.167,
				0.6,
				1,
				5.322,
				0.6,
				5.478,
				0.6,
				5.633,
				0.6,
				1,
				5.8,
				0.6,
				5.967,
				0.613,
				6.133,
				0.539,
				1,
				6.311,
				0.46,
				6.489,
				0,
				6.667,
				0,
				1,
				6.8,
				0,
				6.933,
				0.479,
				7.067,
				0.539,
				1,
				7.544,
				0.753,
				8.022,
				0.8,
				8.5,
				0.8
			]
		},
		{
			"Target": "Parameter",
			"Id": "ParamEyeRSmile",
			"Segments": [
				0,
				0,
				1,
				0.744,
				0,
				1.489,
				0,
				2.233,
				0,
				0,
				8.5,
				0
			]
		},
		{
			"Target": "Parameter",
			"Id": "ParamEyeBallX",
			"Segments": [
				0,
				0.1,
				1,
				0.222,
				0.1,
				0.444,
				0.05,
				0.667,
				0,
				1,
				1.011,
				-0.077,
				1.356,
				-0.1,
				1.7,
				-0.1,
				1,
				2.011,
				-0.1,
				2.322,
				0,
				2.633,
				0,
				1,
				2.789,
				0,
				2.944,
				-0.2,
				3.1,
				-0.2,
				1,
				3.589,
				-0.2,
				4.078,
				-0.159,
				4.567,
				0,
				1,
				4.711,
				0.047,
				4.856,
				0.2,
				5,
				0.2,
				1,
				5.022,
				0.2,
				5.044,
				-0.1,
				5.067,
				-0.1,
				1,
				5.689,
				-0.1,
				6.311,
				0,
				6.933,
				0,
				0,
				8.5,
				0
			]
		},
		{
			"Target": "Parameter",
			"Id": "ParamEyeBallY",
			"Segments": [
				0,
				-0.2,
				1,
				0.322,
				-0.2,
				0.644,
				0.2,
				0.967,
				0.2,
				1,
				1.211,
				0.2,
				1.456,
				-0.2,
				1.7,
				-0.2,
				1,
				2.011,
				-0.2,
				2.322,
				0,
				2.633,
				0,
				1,
				3.278,
				0,
				3.922,
				0,
				4.567,
				0,
				1,
				4.711,
				0,
				4.856,
				-0.165,
				5,
				-0.2,
				1,
				5.644,
				-0.355,
				6.289,
				-0.4,
				6.933,
				-0.4,
				1,
				7.456,
				-0.4,
				7.978,
				-0.4,
				8.5,
				-0.4
			]
		},
		{
			"Target": "Parameter",
			"Id": "Param",
			"Segments": [
				0,
				0,
				1,
				1.667,
				0,
				3.333,
				0,
				5,
				0,
				1,
				5.022,
				0,
				5.044,
				0.7,
				5.067,
				0.7,
				0,
				8.5,
				0.7
			]
		},
		{
			"Target": "Parameter",
			"Id": "Param2",
			"Segments": [
				0,
				0,
				1,
				1.667,
				0,
				3.333,
				0,
				5,
				0,
				0,
				8.5,
				0
			]
		},
		{
			"Target": "Parameter",
			"Id": "Param97",
			"Segments": [
				0,
				0,
				1,
				0.322,
				0,
				0.644,
				-0.3,
				0.967,
				-0.3,
				1,
				1.211,
				-0.3,
				1.456,
				0.2,
				1.7,
				0.2,
				1,
				2.011,
				0.2,
				2.322,
				0,
				2.633,
				0,
				1,
				3.422,
				0,
				4.211,
				0,
				5,
				0,
				1,
				5.644,
				0,
				6.289,
				0,
				6.933,
				0,
				1,
				7.456,
				0,
				7.978,
				0.1,
				8.5,
				0.1
			]
		},
		{
			"Target": "Parameter",
			"Id": "ParamHairFront",
			"Segments": [
				0,
				0,
				1,
				0.411,
				0,
				0.822,
				0.832,
				1.233,
				0.832,
				1,
				1.667,
				0.832,
				2.1,
				-0.818,
				2.533,
				-0.818,
				1,
				2.933,
				-0.818,
				3.333,
				0.832,
				3.733,
				0.832,
				1,
				4.156,
				0.832,
				4.578,
				-0.818,
				5,
				-0.818,
				1,
				5.4,
				-0.818,
				5.8,
				0.832,
				6.2,
				0.832,
				1,
				6.633,
				0.832,
				7.067,
				-0.818,
				7.5,
				-0.818,
				1,
				7.833,
				-0.818,
				8.167,
				0.328,
				8.5,
				0.71
			]
		},
		{
			"Target": "Parameter",
			"Id": "ParamHairSide",
			"Segments": [
				0,
				0,
				1,
				0.2,
				0,
				0.4,
				-0.818,
				0.6,
				-0.818,
				1,
				1,
				-0.818,
				1.4,
				0.832,
				1.8,
				0.832,
				1,
				2.233,
				0.832,
				2.667,
				-0.818,
				3.1,
				-0.818,
				1,
				3.5,
				-0.818,
				3.9,
				0.832,
				4.3,
				0.832,
				1,
				4.722,
				0.832,
				5.144,
				-0.818,
				5.567,
				-0.818,
				1,
				5.967,
				-0.818,
				6.367,
				0.832,
				6.767,
				0.832,
				1,
				7.2,
				0.832,
				7.633,
				-0.818,
				8.067,
				-0.818,
				1,
				8.211,
				-0.818,
				8.356,
				-0.603,
				8.5,
				-0.328
			]
		},
		{
			"Target": "Parameter",
			"Id": "ParamHairBack",
			"Segments": [
				0,
				0,
				1,
				0.367,
				0,
				0.733,
				0.818,
				1.1,
				0.818,
				1,
				1.5,
				0.818,
				1.9,
				-0.832,
				2.3,
				-0.832,
				1,
				2.733,
				-0.832,
				3.167,
				0.818,
				3.6,
				0.818,
				1,
				4,
				0.818,
				4.4,
				-0.832,
				4.8,
				-0.832,
				1,
				5.222,
				-0.832,
				5.644,
				0.818,
				6.067,
				0.818,
				1,
				6.467,
				0.818,
				6.867,
				-0.832,
				7.267,
				-0.832,
				1,
				7.678,
				-0.832,
				8.089,
				0.653,
				8.5,
				0.806
			]
		},
		{
			"Target": "Parameter",
			"Id": "Param14",
			"Segments": [
				0,
				0,
				1,
				0.311,
				0,
				0.622,
				0.832,
				0.933,
				0.832,
				1,
				1.367,
				0.832,
				1.8,
				-0.818,
				2.233,
				-0.818,
				1,
				2.633,
				-0.818,
				3.033,
				0.832,
				3.433,
				0.832,
				1,
				3.856,
				0.832,
				4.278,
				-0.818,
				4.7,
				-0.818,
				1,
				5.1,
				-0.818,
				5.5,
				0.832,
				5.9,
				0.832,
				1,
				6.333,
				0.832,
				6.767,
				-0.818,
				7.2,
				-0.818,
				1,
				7.6,
				-0.818,
				8,
				0.832,
				8.4,
				0.832,
				1,
				8.433,
				0.832,
				8.467,
				0.822,
				8.5,
				0.803
			]
		},
		{
			"Target": "Parameter",
			"Id": "Param15",
			"Segments": [
				0,
				0,
				1,
				0.133,
				0,
				0.267,
				0.922,
				0.4,
				0.922,
				1,
				0.822,
				0.922,
				1.244,
				-0.989,
				1.667,
				-0.989,
				1,
				2.078,
				-0.989,
				2.489,
				0.922,
				2.9,
				0.922,
				1,
				3.322,
				0.922,
				3.744,
				-0.989,
				4.167,
				-0.989,
				1,
				4.567,
				-0.989,
				4.967,
				0.922,
				5.367,
				0.922,
				1,
				5.789,
				0.922,
				6.211,
				-0.989,
				6.633,
				-0.989,
				1,
				7.044,
				-0.989,
				7.456,
				0.922,
				7.867,
				0.922,
				1,
				8.078,
				0.922,
				8.289,
				0.444,
				8.5,
				-0.034
			]
		},
		{
			"Target": "Parameter",
			"Id": "Param6",
			"Segments": [
				0,
				0,
				1,
				0.411,
				0,
				0.822,
				0.832,
				1.233,
				0.832,
				1,
				1.667,
				0.832,
				2.1,
				-0.818,
				2.533,
				-0.818,
				1,
				2.933,
				-0.818,
				3.333,
				0.832,
				3.733,
				0.832,
				1,
				4.156,
				0.832,
				4.578,
				-0.818,
				5,
				-0.818,
				1,
				5.4,
				-0.818,
				5.8,
				0.832,
				6.2,
				0.832,
				1,
				6.633,
				0.832,
				7.067,
				-0.818,
				7.5,
				-0.818,
				1,
				7.833,
				-0.818,
				8.167,
				0.328,
				8.5,
				0.71
			]
		},
		{
			"Target": "Parameter",
			"Id": "Param7",
			"Segments": [
				0,
				0,
				1,
				0.233,
				0,
				0.467,
				0.922,
				0.7,
				0.922,
				1,
				1.122,
				0.922,
				1.544,
				-0.989,
				1.967,
				-0.989,
				1,
				2.378,
				-0.989,
				2.789,
				0.922,
				3.2,
				0.922,
				1,
				3.622,
				0.922,
				4.044,
				-0.989,
				4.467,
				-0.989,
				1,
				4.867,
				-0.989,
				5.267,
				0.922,
				5.667,
				0.922,
				1,
				6.089,
				0.922,
				6.511,
				-0.989,
				6.933,
				-0.989,
				1,
				7.344,
				-0.989,
				7.756,
				0.922,
				8.167,
				0.922,
				1,
				8.278,
				0.922,
				8.389,
				0.789,
				8.5,
				0.594
			]
		},
		{
			"Target": "Parameter",
			"Id": "Param8",
			"Segments": [
				0,
				0,
				1,
				0.144,
				0,
				0.289,
				-0.818,
				0.433,
				-0.818,
				1,
				0.833,
				-0.818,
				1.233,
				0.832,
				1.633,
				0.832,
				1,
				2.067,
				0.832,
				2.5,
				-0.818,
				2.933,
				-0.818,
				1,
				3.333,
				-0.818,
				3.733,
				0.832,
				4.133,
				0.832,
				1,
				4.556,
				0.832,
				4.978,
				-0.818,
				5.4,
				-0.818,
				1,
				5.8,
				-0.818,
				6.2,
				0.832,
				6.6,
				0.832,
				1,
				7.033,
				0.832,
				7.467,
				-0.818,
				7.9,
				-0.818,
				1,
				8.1,
				-0.818,
				8.3,
				-0.406,
				8.5,
				0.007
			]
		},
		{
			"Target": "Parameter",
			"Id": "Param9",
			"Segments": [
				0,
				0,
				1,
				0.367,
				0,
				0.733,
				0.922,
				1.1,
				0.922,
				1,
				1.522,
				0.922,
				1.944,
				-0.989,
				2.367,
				-0.989,
				1,
				2.778,
				-0.989,
				3.189,
				0.922,
				3.6,
				0.922,
				1,
				4.022,
				0.922,
				4.444,
				-0.989,
				4.867,
				-0.989,
				1,
				5.267,
				-0.989,
				5.667,
				0.922,
				6.067,
				0.922,
				1,
				6.489,
				0.922,
				6.911,
				-0.989,
				7.333,
				-0.989,
				1,
				7.722,
				-0.989,
				8.111,
				0.721,
				8.5,
				0.905
			]
		},
		{
			"Target": "Parameter",
			"Id": "Param16",
			"Segments": [
				0,
				0,
				1,
				0.411,
				0,
				0.822,
				0.832,
				1.233,
				0.832,
				1,
				1.667,
				0.832,
				2.1,
				-0.818,
				2.533,
				-0.818,
				1,
				2.933,
				-0.818,
				3.333,
				0.832,
				3.733,
				0.832,
				1,
				4.156,
				0.832,
				4.578,
				-0.818,
				5,
				-0.818,
				1,
				5.4,
				-0.818,
				5.8,
				0.832,
				6.2,
				0.832,
				1,
				6.633,
				0.832,
				7.067,
				-0.818,
				7.5,
				-0.818,
				1,
				7.833,
				-0.818,
				8.167,
				0.328,
				8.5,
				0.71
			]
		},
		{
			"Target": "Parameter",
			"Id": "Param17",
			"Segments": [
				0,
				0,
				1,
				0.233,
				0,
				0.467,
				0.922,
				0.7,
				0.922,
				1,
				1.122,
				0.922,
				1.544,
				-0.989,
				1.967,
				-0.989,
				1,
				2.378,
				-0.989,
				2.789,
				0.922,
				3.2,
				0.922,
				1,
				3.622,
				0.922,
				4.044,
				-0.989,
				4.467,
				-0.989,
				1,
				4.867,
				-0.989,
				5.267,
				0.922,
				5.667,
				0.922,
				1,
				6.089,
				0.922,
				6.511,
				-0.989,
				6.933,
				-0.989,
				1,
				7.344,
				-0.989,
				7.756,
				0.922,
				8.167,
				0.922,
				1,
				8.278,
				0.922,
				8.389,
				0.789,
				8.5,
				0.594
			]
		},
		{
			"Target": "Parameter",
			"Id": "Param24",
			"Segments": [
				0,
				0,
				1,
				0.189,
				0,
				0.378,
				1,
				0.567,
				1,
				1,
				1,
				1,
				1.433,
				-1,
				1.867,
				-1,
				1,
				2.267,
				-1,
				2.667,
				1,
				3.067,
				1,
				1,
				3.489,
				1,
				3.911,
				-1,
				4.333,
				-1,
				1,
				4.733,
				-1,
				5.133,
				1,
				5.533,
				1,
				1,
				5.967,
				1,
				6.4,
				-1,
				6.833,
				-1,
				1,
				7.233,
				-1,
				7.633,
				1,
				8.033,
				1,
				1,
				8.189,
				1,
				8.344,
				0.729,
				8.5,
				0.386
			]
		},
		{
			"Target": "Parameter",
			"Id": "Param25",
			"Segments": [
				0,
				0,
				1,
				0.433,
				0,
				0.867,
				-1,
				1.3,
				-1,
				1,
				1.711,
				-1,
				2.122,
				1,
				2.533,
				1,
				1,
				2.956,
				1,
				3.378,
				-1,
				3.8,
				-1,
				1,
				4.2,
				-1,
				4.6,
				1,
				5,
				1,
				1,
				5.422,
				1,
				5.844,
				-1,
				6.267,
				-1,
				1,
				6.678,
				-1,
				7.089,
				1,
				7.5,
				1,
				1,
				7.833,
				1,
				8.167,
				-0.247,
				8.5,
				-0.771
			]
		},
		{
			"Target": "Parameter",
			"Id": "Param20",
			"Segments": [
				0,
				0,
				1,
				0.089,
				0,
				0.178,
				0.592,
				0.267,
				0.592,
				1,
				0.667,
				0.592,
				1.067,
				-0.598,
				1.467,
				-0.598,
				1,
				1.9,
				-0.598,
				2.333,
				0.592,
				2.767,
				0.592,
				1,
				3.167,
				0.592,
				3.567,
				-0.598,
				3.967,
				-0.598,
				1,
				4.389,
				-0.598,
				4.811,
				0.592,
				5.233,
				0.592,
				1,
				5.633,
				0.592,
				6.033,
				-0.598,
				6.433,
				-0.598,
				1,
				6.867,
				-0.598,
				7.3,
				0.592,
				7.733,
				0.592,
				1,
				7.989,
				0.592,
				8.244,
				0.107,
				8.5,
				-0.244
			]
		},
		{
			"Target": "Parameter",
			"Id": "Param21",
			"Segments": [
				0,
				0,
				1,
				0.311,
				0,
				0.622,
				-0.687,
				0.933,
				-0.687,
				1,
				1.356,
				-0.687,
				1.778,
				0.764,
				2.2,
				0.764,
				1,
				2.611,
				0.764,
				3.022,
				-0.687,
				3.433,
				-0.687,
				1,
				3.856,
				-0.687,
				4.278,
				0.764,
				4.7,
				0.764,
				1,
				5.1,
				0.764,
				5.5,
				-0.687,
				5.9,
				-0.687,
				1,
				6.322,
				-0.687,
				6.744,
				0.764,
				7.167,
				0.764,
				1,
				7.578,
				0.764,
				7.989,
				-0.687,
				8.4,
				-0.687,
				1,
				8.433,
				-0.687,
				8.467,
				-0.678,
				8.5,
				-0.661
			]
		},
		{
			"Target": "Parameter",
			"Id": "Param31",
			"Segments": [
				0,
				0,
				1,
				0.389,
				0,
				0.778,
				-0.451,
				1.167,
				-0.451,
				1,
				1.6,
				-0.451,
				2.033,
				0.415,
				2.467,
				0.415,
				1,
				2.867,
				0.415,
				3.267,
				-0.451,
				3.667,
				-0.451,
				1,
				4.089,
				-0.451,
				4.511,
				0.415,
				4.933,
				0.415,
				1,
				5.333,
				0.415,
				5.733,
				-0.451,
				6.133,
				-0.451,
				1,
				6.567,
				-0.451,
				7,
				0.415,
				7.433,
				0.415,
				1,
				7.789,
				0.415,
				8.144,
				-0.269,
				8.5,
				-0.421
			]
		},
		{
			"Target": "Parameter",
			"Id": "Param32",
			"Segments": [
				0,
				0,
				1,
				0.211,
				0,
				0.422,
				-0.54,
				0.633,
				-0.54,
				1,
				1.056,
				-0.54,
				1.478,
				0.586,
				1.9,
				0.586,
				1,
				2.311,
				0.586,
				2.722,
				-0.54,
				3.133,
				-0.54,
				1,
				3.556,
				-0.54,
				3.978,
				0.586,
				4.4,
				0.586,
				1,
				4.8,
				0.586,
				5.2,
				-0.54,
				5.6,
				-0.54,
				1,
				6.022,
				-0.54,
				6.444,
				0.586,
				6.867,
				0.586,
				1,
				7.278,
				0.586,
				7.689,
				-0.54,
				8.1,
				-0.54,
				1,
				8.233,
				-0.54,
				8.367,
				-0.428,
				8.5,
				-0.274
			]
		},
		{
			"Target": "Parameter",
			"Id": "Param26",
			"Segments": [
				0,
				0,
				1,
				0.189,
				0,
				0.378,
				-0.534,
				0.567,
				-0.534,
				1,
				1,
				-0.534,
				1.433,
				0.507,
				1.867,
				0.507,
				1,
				2.267,
				0.507,
				2.667,
				-0.534,
				3.067,
				-0.534,
				1,
				3.489,
				-0.534,
				3.911,
				0.507,
				4.333,
				0.507,
				1,
				4.733,
				0.507,
				5.133,
				-0.534,
				5.533,
				-0.534,
				1,
				5.967,
				-0.534,
				6.4,
				0.507,
				6.833,
				0.507,
				1,
				7.233,
				0.507,
				7.633,
				-0.534,
				8.033,
				-0.534,
				1,
				8.189,
				-0.534,
				8.344,
				-0.393,
				8.5,
				-0.214
			]
		},
		{
			"Target": "Parameter",
			"Id": "Param27",
			"Segments": [
				0,
				0,
				1,
				0.433,
				0,
				0.867,
				0.678,
				1.3,
				0.678,
				1,
				1.711,
				0.678,
				2.122,
				-0.623,
				2.533,
				-0.623,
				1,
				2.956,
				-0.623,
				3.378,
				0.678,
				3.8,
				0.678,
				1,
				4.2,
				0.678,
				4.6,
				-0.623,
				5,
				-0.623,
				1,
				5.422,
				-0.623,
				5.844,
				0.678,
				6.267,
				0.678,
				1,
				6.678,
				0.678,
				7.089,
				-0.623,
				7.5,
				-0.623,
				1,
				7.833,
				-0.623,
				8.167,
				0.188,
				8.5,
				0.53
			]
		},
		{
			"Target": "Parameter",
			"Id": "Param40",
			"Segments": [
				0,
				0,
				1,
				0.133,
				0,
				0.267,
				0.832,
				0.4,
				0.832,
				1,
				0.833,
				0.832,
				1.267,
				-0.818,
				1.7,
				-0.818,
				1,
				2.1,
				-0.818,
				2.5,
				0.832,
				2.9,
				0.832,
				1,
				3.322,
				0.832,
				3.744,
				-0.818,
				4.167,
				-0.818,
				1,
				4.567,
				-0.818,
				4.967,
				0.832,
				5.367,
				0.832,
				1,
				5.8,
				0.832,
				6.233,
				-0.818,
				6.667,
				-0.818,
				1,
				7.067,
				-0.818,
				7.467,
				0.832,
				7.867,
				0.832,
				1,
				8.078,
				0.832,
				8.289,
				0.42,
				8.5,
				0.007
			]
		},
		{
			"Target": "Parameter",
			"Id": "Param22",
			"Segments": [
				0,
				0,
				1,
				0.133,
				0,
				0.267,
				1,
				0.4,
				1,
				1,
				0.822,
				1,
				1.244,
				-0.975,
				1.667,
				-0.975,
				1,
				2.078,
				-0.975,
				2.489,
				1,
				2.9,
				1,
				1,
				3.311,
				1,
				3.722,
				-0.975,
				4.133,
				-0.975,
				1,
				4.544,
				-0.975,
				4.956,
				1,
				5.367,
				1,
				1,
				5.789,
				1,
				6.211,
				-0.975,
				6.633,
				-0.975,
				1,
				7.044,
				-0.975,
				7.456,
				1,
				7.867,
				1,
				1,
				8.078,
				1,
				8.289,
				0.479,
				8.5,
				-0.027
			]
		},
		{
			"Target": "Parameter",
			"Id": "Param23",
			"Segments": [
				0,
				0,
				1,
				0.367,
				0,
				0.733,
				-1,
				1.1,
				-1,
				1,
				1.522,
				-1,
				1.944,
				1,
				2.367,
				1,
				1,
				2.778,
				1,
				3.189,
				-1,
				3.6,
				-1,
				1,
				4.011,
				-1,
				4.422,
				1,
				4.833,
				1,
				1,
				5.244,
				1,
				5.656,
				-1,
				6.067,
				-1,
				1,
				6.489,
				-1,
				6.911,
				1,
				7.333,
				1,
				1,
				7.722,
				1,
				8.111,
				-0.79,
				8.5,
				-0.983
			]
		},
		{
			"Target": "Parameter",
			"Id": "Param30",
			"Segments": [
				0,
				0,
				1,
				0.4,
				0,
				0.8,
				0.832,
				1.2,
				0.832,
				1,
				1.633,
				0.832,
				2.067,
				-0.818,
				2.5,
				-0.818,
				1,
				2.9,
				-0.818,
				3.3,
				0.832,
				3.7,
				0.832,
				1,
				4.122,
				0.832,
				4.544,
				-0.818,
				4.967,
				-0.818,
				1,
				5.367,
				-0.818,
				5.767,
				0.832,
				6.167,
				0.832,
				1,
				6.6,
				0.832,
				7.033,
				-0.818,
				7.467,
				-0.818,
				1,
				7.811,
				-0.818,
				8.156,
				0.406,
				8.5,
				0.746
			]
		},
		{
			"Target": "Parameter",
			"Id": "Param28",
			"Segments": [
				0,
				0,
				1,
				0.411,
				0,
				0.822,
				0.908,
				1.233,
				0.908,
				1,
				1.656,
				0.908,
				2.078,
				-0.891,
				2.5,
				-0.891,
				1,
				2.911,
				-0.891,
				3.322,
				0.908,
				3.733,
				0.908,
				1,
				4.144,
				0.908,
				4.556,
				-0.891,
				4.967,
				-0.891,
				1,
				5.378,
				-0.891,
				5.789,
				0.908,
				6.2,
				0.908,
				1,
				6.622,
				0.908,
				7.044,
				-0.891,
				7.467,
				-0.891,
				1,
				7.811,
				-0.891,
				8.156,
				0.372,
				8.5,
				0.781
			]
		},
		{
			"Target": "Parameter",
			"Id": "Param29",
			"Segments": [
				0,
				0,
				1,
				0.233,
				0,
				0.467,
				0.997,
				0.7,
				0.997,
				1,
				1.111,
				0.997,
				1.522,
				-0.989,
				1.933,
				-0.989,
				1,
				2.356,
				-0.989,
				2.778,
				0.997,
				3.2,
				0.997,
				1,
				3.611,
				0.997,
				4.022,
				-0.989,
				4.433,
				-0.989,
				1,
				4.844,
				-0.989,
				5.256,
				0.997,
				5.667,
				0.997,
				1,
				6.078,
				0.997,
				6.489,
				-0.989,
				6.9,
				-0.989,
				1,
				7.322,
				-0.989,
				7.744,
				0.997,
				8.167,
				0.997,
				1,
				8.278,
				0.997,
				8.389,
				0.852,
				8.5,
				0.64
			]
		},
		{
			"Target": "Parameter",
			"Id": "Param39",
			"Segments": [
				0,
				0,
				1,
				0.111,
				0,
				0.222,
				-0.818,
				0.333,
				-0.818,
				1,
				0.733,
				-0.818,
				1.133,
				0.832,
				1.533,
				0.832,
				1,
				1.967,
				0.832,
				2.4,
				-0.818,
				2.833,
				-0.818,
				1,
				3.233,
				-0.818,
				3.633,
				0.832,
				4.033,
				0.832,
				1,
				4.456,
				0.832,
				4.878,
				-0.818,
				5.3,
				-0.818,
				1,
				5.7,
				-0.818,
				6.1,
				0.832,
				6.5,
				0.832,
				1,
				6.933,
				0.832,
				7.367,
				-0.818,
				7.8,
				-0.818,
				1,
				8.033,
				-0.818,
				8.267,
				-0.257,
				8.5,
				0.212
			]
		},
		{
			"Target": "Parameter",
			"Id": "Param18",
			"Segments": [
				0,
				0,
				1,
				0.1,
				0,
				0.2,
				0.832,
				0.3,
				0.832,
				1,
				0.733,
				0.832,
				1.167,
				-0.818,
				1.6,
				-0.818,
				1,
				2,
				-0.818,
				2.4,
				0.832,
				2.8,
				0.832,
				1,
				3.222,
				0.832,
				3.644,
				-0.818,
				4.067,
				-0.818,
				1,
				4.467,
				-0.818,
				4.867,
				0.832,
				5.267,
				0.832,
				1,
				5.7,
				0.832,
				6.133,
				-0.818,
				6.567,
				-0.818,
				1,
				6.967,
				-0.818,
				7.367,
				0.832,
				7.767,
				0.832,
				1,
				8.011,
				0.832,
				8.256,
				0.279,
				8.5,
				-0.187
			]
		},
		{
			"Target": "Parameter",
			"Id": "Param19",
			"Segments": [
				0,
				0,
				1,
				0.344,
				0,
				0.689,
				-0.989,
				1.033,
				-0.989,
				1,
				1.444,
				-0.989,
				1.856,
				0.922,
				2.267,
				0.922,
				1,
				2.689,
				0.922,
				3.111,
				-0.989,
				3.533,
				-0.989,
				1,
				3.933,
				-0.989,
				4.333,
				0.922,
				4.733,
				0.922,
				1,
				5.156,
				0.922,
				5.578,
				-0.989,
				6,
				-0.989,
				1,
				6.411,
				-0.989,
				6.822,
				0.922,
				7.233,
				0.922,
				1,
				7.656,
				0.922,
				8.078,
				-0.989,
				8.5,
				-0.989
			]
		},
		{
			"Target": "Parameter",
			"Id": "ParamAngleX",
			"Segments": [
				0,
				-12.939,
				1,
				0.167,
				-12.939,
				0.333,
				3.551,
				0.5,
				3.551,
				1,
				0.644,
				3.551,
				0.789,
				3.551,
				0.933,
				3.551,
				1,
				1.244,
				3.551,
				1.556,
				-22.081,
				1.867,
				-22.081,
				1,
				2.078,
				-22.081,
				2.289,
				-6.291,
				2.5,
				-6.291,
				1,
				2.644,
				-6.291,
				2.789,
				-30,
				2.933,
				-30,
				1,
				3.189,
				-30,
				3.444,
				-30,
				3.7,
				-30,
				1,
				3.911,
				-30,
				4.122,
				-27.635,
				4.333,
				-17.284,
				1,
				4.456,
				-11.292,
				4.578,
				-1.582,
				4.7,
				-1.582,
				1,
				4.822,
				-1.582,
				4.944,
				-24.6,
				5.067,
				-24.6,
				1,
				5.267,
				-24.6,
				5.467,
				1.59,
				5.667,
				1.59,
				1,
				5.867,
				1.59,
				6.067,
				-30,
				6.267,
				-30,
				1,
				6.389,
				-30,
				6.511,
				-30,
				6.633,
				-30,
				1,
				7.256,
				-30,
				7.878,
				-30,
				8.5,
				-30
			]
		},
		{
			"Target": "Parameter",
			"Id": "ParamAngleY",
			"Segments": [
				0,
				0,
				1,
				0.2,
				0,
				0.4,
				7.615,
				0.6,
				7.615,
				1,
				0.778,
				7.615,
				0.956,
				-6.057,
				1.133,
				-6.057,
				1,
				1.422,
				-6.057,
				1.711,
				11.276,
				2,
				11.276,
				1,
				2.178,
				11.276,
				2.356,
				-2.247,
				2.533,
				-2.247,
				1,
				2.667,
				-2.247,
				2.8,
				3.906,
				2.933,
				3.906,
				1,
				3.1,
				3.906,
				3.267,
				-2.88,
				3.433,
				-2.88,
				1,
				3.744,
				-2.88,
				4.056,
				-1.953,
				4.367,
				2.046,
				1,
				4.478,
				3.474,
				4.589,
				8.356,
				4.7,
				8.356,
				1,
				4.811,
				8.356,
				4.922,
				3.292,
				5.033,
				3.292,
				1,
				5.167,
				3.292,
				5.3,
				10.047,
				5.433,
				10.047,
				1,
				6.456,
				10.047,
				7.478,
				0,
				8.5,
				0
			]
		},
		{
			"Target": "Parameter",
			"Id": "ParamAngleZ",
			"Segments": [
				0,
				0,
				1,
				0.267,
				0,
				0.533,
				-0.715,
				0.8,
				-3.268,
				1,
				0.956,
				-4.757,
				1.111,
				-6.457,
				1.267,
				-6.457,
				1,
				1.544,
				-6.457,
				1.822,
				2.291,
				2.1,
				2.291,
				1,
				2.533,
				2.291,
				2.967,
				-4.126,
				3.4,
				-4.126,
				1,
				3.678,
				-4.126,
				3.956,
				3.282,
				4.233,
				3.282,
				1,
				4.756,
				3.282,
				5.278,
				-5.329,
				5.8,
				-5.329,
				1,
				6,
				-5.329,
				6.2,
				-5.291,
				6.4,
				-3.134,
				1,
				6.6,
				-0.976,
				6.8,
				3.282,
				7,
				3.282,
				1,
				7.4,
				3.282,
				7.8,
				-4.126,
				8.2,
				-4.126,
				1,
				8.3,
				-4.126,
				8.4,
				-3.711,
				8.5,
				-3.076
			]
		},
		{
			"Target": "Parameter",
			"Id": "ParamBodyAngleX",
			"Segments": [
				0,
				0,
				1,
				0.189,
				0,
				0.378,
				10,
				0.567,
				10,
				1,
				0.778,
				10,
				0.989,
				10,
				1.2,
				10,
				1,
				1.356,
				10,
				1.511,
				-10,
				1.667,
				-10,
				1,
				2.133,
				-10,
				2.6,
				0,
				3.067,
				0,
				1,
				3.278,
				0,
				3.489,
				-10,
				3.7,
				-10,
				1,
				3.967,
				-10,
				4.233,
				-9.789,
				4.5,
				-8.031,
				1,
				4.644,
				-7.08,
				4.789,
				-2.787,
				4.933,
				0,
				1,
				5.2,
				5.145,
				5.467,
				7.894,
				5.733,
				7.894,
				1,
				6.111,
				7.894,
				6.489,
				-8.031,
				6.867,
				-8.031,
				1,
				7.278,
				-8.031,
				7.689,
				7.894,
				8.1,
				7.894,
				1,
				8.233,
				7.894,
				8.367,
				5.654,
				8.5,
				2.855
			]
		},
		{
			"Target": "Parameter",
			"Id": "ParamBodyAngleY",
			"Segments": [
				0,
				0,
				1,
				0.211,
				0,
				0.422,
				3,
				0.633,
				3,
				1,
				0.844,
				3,
				1.056,
				3,
				1.267,
				3,
				1,
				1.444,
				3,
				1.622,
				6.036,
				1.8,
				6.036,
				1,
				2.033,
				6.036,
				2.267,
				6.036,
				2.5,
				6.036,
				0,
				8.5,
				6.036
			]
		},
		{
			"Target": "Parameter",
			"Id": "ParamBodyAngleZ",
			"Segments": [
				0,
				0,
				1,
				0.167,
				0,
				0.333,
				1.206,
				0.5,
				1.251,
				1,
				0.711,
				1.308,
				0.922,
				1.3,
				1.133,
				1.3,
				1,
				1.322,
				1.3,
				1.511,
				-1,
				1.7,
				-1,
				1,
				2.211,
				-1,
				2.722,
				1.251,
				3.233,
				1.251,
				1,
				3.611,
				1.251,
				3.989,
				-1.002,
				4.367,
				-1.002,
				1,
				4.789,
				-1.002,
				5.211,
				4,
				5.633,
				4,
				1,
				5.867,
				4,
				6.1,
				-2,
				6.333,
				-2,
				1,
				6.967,
				-2,
				7.6,
				1.251,
				8.233,
				1.251,
				1,
				8.322,
				1.251,
				8.411,
				1.126,
				8.5,
				0.935
			]
		},
		{
			"Target": "Parameter",
			"Id": "Param76",
			"Segments": [
				0,
				0,
				1,
				0.189,
				0,
				0.378,
				3.012,
				0.567,
				3.012,
				1,
				0.778,
				3.012,
				0.989,
				1.935,
				1.2,
				0,
				1,
				1.411,
				-1.935,
				1.622,
				-2.802,
				1.833,
				-2.802,
				1,
				2.3,
				-2.802,
				2.767,
				3.012,
				3.233,
				3.012,
				1,
				3.656,
				3.012,
				4.078,
				-2.802,
				4.5,
				-2.802,
				1,
				4.9,
				-2.802,
				5.3,
				3.012,
				5.7,
				3.012,
				1,
				6.122,
				3.012,
				6.544,
				-2.802,
				6.967,
				-2.802,
				1,
				7.367,
				-2.802,
				7.767,
				3.012,
				8.167,
				3.012,
				1,
				8.278,
				3.012,
				8.389,
				2.609,
				8.5,
				2.016
			]
		},
		{
			"Target": "Parameter",
			"Id": "Param120",
			"Segments": [
				0,
				0,
				1,
				0.256,
				0,
				0.511,
				13,
				0.767,
				13,
				1,
				0.978,
				13,
				1.189,
				-7,
				1.4,
				-7,
				1,
				1.611,
				-7,
				1.822,
				-5.699,
				2.033,
				-3,
				1,
				2.5,
				2.967,
				2.967,
				6,
				3.433,
				6,
				0,
				8.5,
				6
			]
		},
		{
			"Target": "Parameter",
			"Id": "Param77",
			"Segments": [
				0,
				0,
				1,
				0.4,
				0,
				0.8,
				3,
				1.2,
				3,
				1,
				1.4,
				3,
				1.6,
				-4,
				1.8,
				-4,
				1,
				2.289,
				-4,
				2.778,
				-1.006,
				3.267,
				3,
				1,
				3.567,
				5.458,
				3.867,
				6,
				4.167,
				6,
				1,
				4.556,
				6,
				4.944,
				-5,
				5.333,
				-5,
				1,
				5.833,
				-5,
				6.333,
				4,
				6.833,
				4,
				1,
				7.3,
				4,
				7.767,
				-3,
				8.233,
				-3,
				0,
				8.5,
				-3
			]
		},
		{
			"Target": "Parameter",
			"Id": "Param78",
			"Segments": [
				0,
				0,
				1,
				0.4,
				0,
				0.8,
				2,
				1.2,
				6,
				1,
				1.4,
				8,
				1.6,
				9,
				1.8,
				9,
				1,
				2.289,
				9,
				2.778,
				8,
				3.267,
				8,
				1,
				3.567,
				8,
				3.867,
				8,
				4.167,
				8,
				1,
				4.556,
				8,
				4.944,
				6,
				5.333,
				6,
				1,
				5.833,
				6,
				6.333,
				8,
				6.833,
				8,
				0,
				8.5,
				8
			]
		},
		{
			"Target": "Parameter",
			"Id": "ParamBreath",
			"Segments": [
				0,
				0,
				1,
				1.611,
				0,
				3.222,
				1,
				4.833,
				1,
				1,
				6.056,
				1,
				7.278,
				0.483,
				8.5,
				0.193
			]
		},
		{
			"Target": "Parameter",
			"Id": "Param49",
			"Segments": [
				0,
				0,
				1,
				0.122,
				0,
				0.244,
				-4.722,
				0.367,
				-4.722,
				1,
				0.7,
				-4.722,
				1.033,
				4.557,
				1.367,
				4.557,
				1,
				1.689,
				4.557,
				2.011,
				-4.722,
				2.333,
				-4.722,
				1,
				2.656,
				-4.722,
				2.978,
				4.557,
				3.3,
				4.557,
				1,
				3.622,
				4.557,
				3.944,
				-4.722,
				4.267,
				-4.722,
				1,
				4.578,
				-4.722,
				4.889,
				4.557,
				5.2,
				4.557,
				1,
				5.533,
				4.557,
				5.867,
				-4.722,
				6.2,
				-4.722,
				1,
				6.511,
				-4.722,
				6.822,
				4.557,
				7.133,
				4.557,
				1,
				7.378,
				4.557,
				7.622,
				-6,
				7.867,
				-6,
				1,
				8.078,
				-6,
				8.289,
				1.204,
				8.5,
				3.71
			]
		},
		{
			"Target": "Parameter",
			"Id": "Param50",
			"Segments": [
				0,
				0,
				1,
				0.311,
				0,
				0.622,
				7.557,
				0.933,
				7.557,
				1,
				1.256,
				7.557,
				1.578,
				-9.055,
				1.9,
				-9.055,
				1,
				2.222,
				-9.055,
				2.544,
				7.557,
				2.867,
				7.557,
				1,
				3.2,
				7.557,
				3.533,
				-9.055,
				3.867,
				-9.055,
				1,
				4.178,
				-9.055,
				4.489,
				7.557,
				4.8,
				7.557,
				1,
				5.111,
				7.557,
				5.422,
				-9.055,
				5.733,
				-9.055,
				1,
				6.067,
				-9.055,
				6.4,
				7.557,
				6.733,
				7.557,
				1,
				7.056,
				7.557,
				7.378,
				-9.055,
				7.7,
				-9.055,
				1,
				7.967,
				-9.055,
				8.233,
				-5,
				8.5,
				-5
			]
		},
		{
			"Target": "Parameter",
			"Id": "Param73",
			"Segments": [
				0,
				0,
				0,
				8.5,
				0
			]
		},
		{
			"Target": "Parameter",
			"Id": "Param74",
			"Segments": [
				0,
				0,
				0,
				8.5,
				0
			]
		},
		{
			"Target": "Parameter",
			"Id": "Param75",
			"Segments": [
				0,
				0,
				0,
				8.5,
				0
			]
		},
		{
			"Target": "Parameter",
			"Id": "Param65",
			"Segments": [
				0,
				0,
				1,
				0.178,
				0,
				0.356,
				-5.23,
				0.533,
				-5.23,
				1,
				0.944,
				-5.23,
				1.356,
				4.79,
				1.767,
				4.79,
				1,
				2.189,
				4.79,
				2.611,
				-5.23,
				3.033,
				-5.23,
				1,
				3.444,
				-5.23,
				3.856,
				4.79,
				4.267,
				4.79,
				1,
				4.678,
				4.79,
				5.089,
				-5.23,
				5.5,
				-5.23,
				1,
				5.911,
				-5.23,
				6.322,
				4.79,
				6.733,
				4.79,
				1,
				7.156,
				4.79,
				7.578,
				-5.23,
				8,
				-5.23,
				1,
				8.167,
				-5.23,
				8.333,
				-3.583,
				8.5,
				-1.625
			]
		},
		{
			"Target": "Parameter",
			"Id": "Param66",
			"Segments": [
				0,
				0,
				1,
				0.411,
				0,
				0.822,
				7.557,
				1.233,
				7.557,
				1,
				1.644,
				7.557,
				2.056,
				-9.055,
				2.467,
				-9.055,
				1,
				2.889,
				-9.055,
				3.311,
				7.557,
				3.733,
				7.557,
				1,
				4.144,
				7.557,
				4.556,
				-9.055,
				4.967,
				-9.055,
				1,
				5.378,
				-9.055,
				5.789,
				7.557,
				6.2,
				7.557,
				1,
				6.611,
				7.557,
				7.022,
				-9.055,
				7.433,
				-9.055,
				1,
				7.789,
				-9.055,
				8.144,
				2.725,
				8.5,
				6.445
			]
		},
		{
			"Target": "Parameter",
			"Id": "Param64",
			"Segments": [
				0,
				0,
				1,
				0.178,
				0,
				0.356,
				-1.494,
				0.533,
				-1.494,
				1,
				0.956,
				-1.494,
				1.378,
				1.872,
				1.8,
				1.872,
				1,
				2.2,
				1.872,
				2.6,
				-1.494,
				3,
				-1.494,
				1,
				3.422,
				-1.494,
				3.844,
				1.872,
				4.267,
				1.872,
				1,
				4.667,
				1.872,
				5.067,
				-1.494,
				5.467,
				-1.494,
				1,
				5.889,
				-1.494,
				6.311,
				1.872,
				6.733,
				1.872,
				1,
				7.133,
				1.872,
				7.533,
				-1.494,
				7.933,
				-1.494,
				1,
				8.122,
				-1.494,
				8.311,
				-0.821,
				8.5,
				-0.076
			]
		},
		{
			"Target": "Parameter",
			"Id": "Param62",
			"Segments": [
				0,
				0,
				1,
				0.422,
				0,
				0.844,
				4.79,
				1.267,
				4.79,
				1,
				1.689,
				4.79,
				2.111,
				-5.23,
				2.533,
				-5.23,
				1,
				2.944,
				-5.23,
				3.356,
				4.79,
				3.767,
				4.79,
				1,
				4.178,
				4.79,
				4.589,
				-5.23,
				5,
				-5.23,
				1,
				5.411,
				-5.23,
				5.822,
				4.79,
				6.233,
				4.79,
				1,
				6.656,
				4.79,
				7.078,
				-5.23,
				7.5,
				-5.23,
				1,
				7.833,
				-5.23,
				8.167,
				1.358,
				8.5,
				3.85
			]
		},
		{
			"Target": "Parameter",
			"Id": "Param63",
			"Segments": [
				0,
				0,
				1,
				0.244,
				0,
				0.489,
				7.557,
				0.733,
				7.557,
				1,
				1.144,
				7.557,
				1.556,
				-9.055,
				1.967,
				-9.055,
				1,
				2.389,
				-9.055,
				2.811,
				7.557,
				3.233,
				7.557,
				1,
				3.644,
				7.557,
				4.056,
				-9.055,
				4.467,
				-9.055,
				1,
				4.878,
				-9.055,
				5.289,
				7.557,
				5.7,
				7.557,
				1,
				6.111,
				7.557,
				6.522,
				-9.055,
				6.933,
				-9.055,
				1,
				7.356,
				-9.055,
				7.778,
				7.557,
				8.2,
				7.557,
				1,
				8.3,
				7.557,
				8.4,
				6.574,
				8.5,
				5.086
			]
		},
		{
			"Target": "Parameter",
			"Id": "Param61",
			"Segments": [
				0,
				0,
				1,
				0.433,
				0,
				0.867,
				-1.246,
				1.3,
				-1.246,
				1,
				1.7,
				-1.246,
				2.1,
				1.647,
				2.5,
				1.647,
				1,
				2.922,
				1.647,
				3.344,
				-1.246,
				3.767,
				-1.246,
				1,
				4.167,
				-1.246,
				4.567,
				1.647,
				4.967,
				1.647,
				1,
				5.389,
				1.647,
				5.811,
				-1.246,
				6.233,
				-1.246,
				1,
				6.633,
				-1.246,
				7.033,
				1.647,
				7.433,
				1.647,
				1,
				7.789,
				1.647,
				8.144,
				-0.404,
				8.5,
				-1.052
			]
		},
		{
			"Target": "Parameter",
			"Id": "Param10",
			"Segments": [
				0,
				0,
				1,
				0.178,
				0,
				0.356,
				-0.523,
				0.533,
				-0.523,
				1,
				0.944,
				-0.523,
				1.356,
				0.479,
				1.767,
				0.479,
				1,
				2.189,
				0.479,
				2.611,
				-0.523,
				3.033,
				-0.523,
				1,
				3.444,
				-0.523,
				3.856,
				0.479,
				4.267,
				0.479,
				1,
				4.678,
				0.479,
				5.089,
				-0.523,
				5.5,
				-0.523,
				1,
				5.911,
				-0.523,
				6.322,
				0.479,
				6.733,
				0.479,
				1,
				7.156,
				0.479,
				7.578,
				-0.523,
				8,
				-0.523,
				1,
				8.167,
				-0.523,
				8.333,
				-0.358,
				8.5,
				-0.162
			]
		},
		{
			"Target": "Parameter",
			"Id": "Param11",
			"Segments": [
				0,
				0,
				1,
				0.411,
				0,
				0.822,
				0.756,
				1.233,
				0.756,
				1,
				1.644,
				0.756,
				2.056,
				-0.906,
				2.467,
				-0.906,
				1,
				2.889,
				-0.906,
				3.311,
				0.756,
				3.733,
				0.756,
				1,
				4.144,
				0.756,
				4.556,
				-0.906,
				4.967,
				-0.906,
				1,
				5.378,
				-0.906,
				5.789,
				0.756,
				6.2,
				0.756,
				1,
				6.611,
				0.756,
				7.022,
				-0.906,
				7.433,
				-0.906,
				1,
				7.789,
				-0.906,
				8.144,
				0.272,
				8.5,
				0.644
			]
		},
		{
			"Target": "Parameter",
			"Id": "Param12",
			"Segments": [
				0,
				0,
				1,
				0.178,
				0,
				0.356,
				-0.523,
				0.533,
				-0.523,
				1,
				0.944,
				-0.523,
				1.356,
				0.479,
				1.767,
				0.479,
				1,
				2.189,
				0.479,
				2.611,
				-0.523,
				3.033,
				-0.523,
				1,
				3.444,
				-0.523,
				3.856,
				0.479,
				4.267,
				0.479,
				1,
				4.678,
				0.479,
				5.089,
				-0.523,
				5.5,
				-0.523,
				1,
				5.911,
				-0.523,
				6.322,
				0.479,
				6.733,
				0.479,
				1,
				7.156,
				0.479,
				7.578,
				-0.523,
				8,
				-0.523,
				1,
				8.167,
				-0.523,
				8.333,
				-0.358,
				8.5,
				-0.162
			]
		},
		{
			"Target": "Parameter",
			"Id": "Param13",
			"Segments": [
				0,
				0,
				1,
				0.411,
				0,
				0.822,
				0.756,
				1.233,
				0.756,
				1,
				1.644,
				0.756,
				2.056,
				-0.906,
				2.467,
				-0.906,
				1,
				2.889,
				-0.906,
				3.311,
				0.756,
				3.733,
				0.756,
				1,
				4.144,
				0.756,
				4.556,
				-0.906,
				4.967,
				-0.906,
				1,
				5.378,
				-0.906,
				5.789,
				0.756,
				6.2,
				0.756,
				1,
				6.611,
				0.756,
				7.022,
				-0.906,
				7.433,
				-0.906,
				1,
				7.789,
				-0.906,
				8.144,
				0.272,
				8.5,
				0.644
			]
		},
		{
			"Target": "Parameter",
			"Id": "Param79",
			"Segments": [
				0,
				0,
				1,
				0.444,
				0,
				0.889,
				4.79,
				1.333,
				4.79,
				1,
				1.8,
				4.79,
				2.267,
				-5.23,
				2.733,
				-5.23,
				1,
				3.189,
				-5.23,
				3.644,
				4.79,
				4.1,
				4.79,
				1,
				4.556,
				4.79,
				5.011,
				-5.23,
				5.467,
				-5.23,
				1,
				5.922,
				-5.23,
				6.378,
				4.79,
				6.833,
				4.79,
				1,
				7.3,
				4.79,
				7.767,
				-5.23,
				8.233,
				-5.23,
				1,
				8.322,
				-5.23,
				8.411,
				-4.829,
				8.5,
				-4.188
			]
		},
		{
			"Target": "Parameter",
			"Id": "Param80",
			"Segments": [
				0,
				0,
				1,
				0.444,
				0,
				0.889,
				4.79,
				1.333,
				4.79,
				1,
				1.8,
				4.79,
				2.267,
				-5.23,
				2.733,
				-5.23,
				1,
				3.189,
				-5.23,
				3.644,
				4.79,
				4.1,
				4.79,
				1,
				4.556,
				4.79,
				5.011,
				-5.23,
				5.467,
				-5.23,
				1,
				5.922,
				-5.23,
				6.378,
				4.79,
				6.833,
				4.79,
				1,
				7.3,
				4.79,
				7.767,
				-5.23,
				8.233,
				-5.23,
				1,
				8.322,
				-5.23,
				8.411,
				-4.829,
				8.5,
				-4.188
			]
		},
		{
			"Target": "Parameter",
			"Id": "Param81",
			"Segments": [
				0,
				0,
				1,
				0.244,
				0,
				0.489,
				7.557,
				0.733,
				7.557,
				1,
				1.189,
				7.557,
				1.644,
				-9.055,
				2.1,
				-9.055,
				1,
				2.567,
				-9.055,
				3.033,
				7.557,
				3.5,
				7.557,
				1,
				3.956,
				7.557,
				4.411,
				-9.055,
				4.867,
				-9.055,
				1,
				5.322,
				-9.055,
				5.778,
				7.557,
				6.233,
				7.557,
				1,
				6.689,
				7.557,
				7.144,
				-9.055,
				7.6,
				-9.055,
				1,
				7.9,
				-9.055,
				8.2,
				-2.19,
				8.5,
				2.714
			]
		},
		{
			"Target": "Parameter",
			"Id": "Param82",
			"Segments": [
				0,
				0,
				1,
				0.178,
				0,
				0.356,
				-5.23,
				0.533,
				-5.23,
				1,
				0.989,
				-5.23,
				1.444,
				4.79,
				1.9,
				4.79,
				1,
				2.367,
				4.79,
				2.833,
				-5.23,
				3.3,
				-5.23,
				1,
				3.756,
				-5.23,
				4.211,
				4.79,
				4.667,
				4.79,
				1,
				5.122,
				4.79,
				5.578,
				-5.23,
				6.033,
				-5.23,
				1,
				6.478,
				-5.23,
				6.922,
				4.79,
				7.367,
				4.79,
				1,
				7.744,
				4.79,
				8.122,
				-1.776,
				8.5,
				-4.278
			]
		},
		{
			"Target": "Parameter",
			"Id": "Param83",
			"Segments": [
				0,
				0,
				1,
				0.178,
				0,
				0.356,
				-5.23,
				0.533,
				-5.23,
				1,
				0.989,
				-5.23,
				1.444,
				4.79,
				1.9,
				4.79,
				1,
				2.367,
				4.79,
				2.833,
				-5.23,
				3.3,
				-5.23,
				1,
				3.756,
				-5.23,
				4.211,
				4.79,
				4.667,
				4.79,
				1,
				5.122,
				4.79,
				5.578,
				-5.23,
				6.033,
				-5.23,
				1,
				6.478,
				-5.23,
				6.922,
				4.79,
				7.367,
				4.79,
				1,
				7.744,
				4.79,
				8.122,
				-1.776,
				8.5,
				-4.278
			]
		},
		{
			"Target": "Parameter",
			"Id": "Param84",
			"Segments": [
				0,
				0,
				1,
				0.433,
				0,
				0.867,
				7.557,
				1.3,
				7.557,
				1,
				1.756,
				7.557,
				2.211,
				-9.055,
				2.667,
				-9.055,
				1,
				3.133,
				-9.055,
				3.6,
				7.557,
				4.067,
				7.557,
				1,
				4.522,
				7.557,
				4.978,
				-9.055,
				5.433,
				-9.055,
				1,
				5.889,
				-9.055,
				6.344,
				7.557,
				6.8,
				7.557,
				1,
				7.244,
				7.557,
				7.689,
				-9.055,
				8.133,
				-9.055,
				1,
				8.256,
				-9.055,
				8.378,
				-7.916,
				8.5,
				-6.234
			]
		},
		{
			"Target": "Parameter",
			"Id": "Param41",
			"Segments": [
				0,
				0,
				1,
				0.144,
				0,
				0.289,
				-2,
				0.433,
				-2,
				1,
				0.556,
				-2,
				0.678,
				-2,
				0.8,
				-2,
				1,
				1.144,
				-2,
				1.489,
				0.001,
				1.833,
				1,
				1,
				2.178,
				1.999,
				2.522,
				2,
				2.867,
				2,
				1,
				3.211,
				2,
				3.556,
				1.677,
				3.9,
				1,
				1,
				4.233,
				0.344,
				4.567,
				0,
				4.9,
				0,
				1,
				5.133,
				0,
				5.367,
				0,
				5.6,
				0,
				1,
				6,
				0,
				6.4,
				0,
				6.8,
				0,
				1,
				7.367,
				0,
				7.933,
				1,
				8.5,
				1
			]
		},
		{
			"Target": "Parameter",
			"Id": "Param42",
			"Segments": [
				0,
				0,
				1,
				0.278,
				0,
				0.556,
				-2,
				0.833,
				-2,
				1,
				0.956,
				-2,
				1.078,
				-2,
				1.2,
				-2,
				1,
				1.522,
				-2,
				1.844,
				0.126,
				2.167,
				1,
				1,
				2.533,
				1.995,
				2.9,
				2,
				3.267,
				2,
				1,
				3.611,
				2,
				3.956,
				1.371,
				4.3,
				0.62,
				1,
				4.622,
				-0.082,
				4.944,
				-0.26,
				5.267,
				-0.26,
				1,
				5.5,
				-0.26,
				5.733,
				-0.265,
				5.967,
				-0.24,
				1,
				6.178,
				-0.218,
				6.389,
				0.3,
				6.6,
				0.3,
				1,
				7.233,
				0.3,
				7.867,
				0,
				8.5,
				0
			]
		},
		{
			"Target": "Parameter",
			"Id": "Param43",
			"Segments": [
				0,
				0,
				1,
				0.2,
				0,
				0.4,
				-1,
				0.6,
				-1,
				1,
				0.722,
				-1,
				0.844,
				-1,
				0.967,
				-1,
				1,
				1.289,
				-1,
				1.611,
				1,
				1.933,
				1,
				1,
				2.511,
				1,
				3.089,
				-1,
				3.667,
				-1,
				1,
				4.011,
				-1,
				4.356,
				-1,
				4.7,
				-1,
				1,
				4.822,
				-1,
				4.944,
				-1,
				5.067,
				-1,
				1,
				5.3,
				-1,
				5.533,
				-1,
				5.767,
				-1,
				1,
				6.111,
				-1,
				6.456,
				1,
				6.8,
				1,
				1,
				7.367,
				1,
				7.933,
				0,
				8.5,
				0
			]
		},
		{
			"Target": "Parameter",
			"Id": "Param44",
			"Segments": [
				0,
				0,
				0,
				8.5,
				0
			]
		},
		{
			"Target": "Parameter",
			"Id": "Param47",
			"Segments": [
				0,
				0,
				0,
				8.5,
				0
			]
		},
		{
			"Target": "Parameter",
			"Id": "Param45",
			"Segments": [
				0,
				0,
				1,
				0.289,
				0,
				0.578,
				-4.488,
				0.867,
				-4.488,
				1,
				1.233,
				-4.488,
				1.6,
				-3.488,
				1.967,
				-3.488,
				1,
				2.4,
				-3.488,
				2.833,
				-5.488,
				3.267,
				-5.488,
				1,
				3.933,
				-5.488,
				4.6,
				-3.488,
				5.267,
				-3.488,
				1,
				6.344,
				-3.488,
				7.422,
				-7,
				8.5,
				-7
			]
		},
		{
			"Target": "Parameter",
			"Id": "Param46",
			"Segments": [
				0,
				0,
				1,
				0.289,
				0,
				0.578,
				0.642,
				0.867,
				1,
				1,
				1.233,
				1.455,
				1.6,
				1.504,
				1.967,
				2,
				1,
				2.4,
				2.586,
				2.833,
				4.442,
				3.267,
				5,
				1,
				3.933,
				5.858,
				4.6,
				6,
				5.267,
				6,
				1,
				6.344,
				6,
				7.422,
				3,
				8.5,
				3
			]
		},
		{
			"Target": "Parameter",
			"Id": "Param48",
			"Segments": [
				0,
				0,
				1,
				0.289,
				0,
				0.578,
				2,
				0.867,
				2,
				1,
				1.233,
				2,
				1.6,
				-1.118,
				1.967,
				-2,
				1,
				2.4,
				-3.042,
				2.833,
				-3,
				3.267,
				-3,
				1,
				3.933,
				-3,
				4.6,
				0,
				5.267,
				0,
				1,
				6.344,
				0,
				7.422,
				-1,
				8.5,
				-1
			]
		},
		{
			"Target": "Parameter",
			"Id": "Param122",
			"Segments": [
				0,
				0,
				1,
				0.289,
				0,
				0.578,
				0,
				0.867,
				0,
				1,
				1.233,
				0,
				1.6,
				-3.384,
				1.967,
				-5,
				1,
				2.4,
				-6.909,
				2.833,
				-7,
				3.267,
				-7,
				1,
				3.933,
				-7,
				4.6,
				-7,
				5.267,
				-7,
				1,
				6.344,
				-7,
				7.422,
				-6,
				8.5,
				-6
			]
		},
		{
			"Target": "Parameter",
			"Id": "Param51",
			"Segments": [
				0,
				0,
				1,
				0.178,
				0,
				0.356,
				-8.37,
				0.533,
				-8.37,
				1,
				0.944,
				-8.37,
				1.356,
				9.175,
				1.767,
				9.175,
				1,
				2.189,
				9.175,
				2.611,
				-8.37,
				3.033,
				-8.37,
				1,
				3.444,
				-8.37,
				3.856,
				9.175,
				4.267,
				9.175,
				1,
				4.678,
				9.175,
				5.089,
				-8.37,
				5.5,
				-8.37,
				1,
				5.911,
				-8.37,
				6.322,
				9.175,
				6.733,
				9.175,
				1,
				7.156,
				9.175,
				7.578,
				-8.37,
				8,
				-8.37,
				1,
				8.167,
				-8.37,
				8.333,
				-5.487,
				8.5,
				-2.058
			]
		},
		{
			"Target": "Parameter",
			"Id": "Param52",
			"Segments": [
				0,
				0,
				1,
				0.411,
				0,
				0.822,
				10,
				1.233,
				10,
				1,
				1.644,
				10,
				2.056,
				-10,
				2.467,
				-10,
				1,
				2.889,
				-10,
				3.311,
				10,
				3.733,
				10,
				1,
				4.144,
				10,
				4.556,
				-10,
				4.967,
				-10,
				1,
				5.378,
				-10,
				5.789,
				10,
				6.2,
				10,
				1,
				6.611,
				10,
				7.022,
				-10,
				7.433,
				-10,
				1,
				7.789,
				-10,
				8.144,
				4.183,
				8.5,
				8.662
			]
		},
		{
			"Target": "Parameter",
			"Id": "Param53",
			"Segments": [
				0,
				0,
				1,
				0.178,
				0,
				0.356,
				-7.344,
				0.533,
				-7.344,
				1,
				0.944,
				-7.344,
				1.356,
				6.665,
				1.767,
				6.665,
				1,
				2.189,
				6.665,
				2.611,
				-7.344,
				3.033,
				-7.344,
				1,
				3.444,
				-7.344,
				3.856,
				6.665,
				4.267,
				6.665,
				1,
				4.678,
				6.665,
				5.089,
				-7.344,
				5.5,
				-7.344,
				1,
				5.911,
				-7.344,
				6.322,
				6.665,
				6.733,
				6.665,
				1,
				7.156,
				6.665,
				7.578,
				-7.344,
				8,
				-7.344,
				1,
				8.167,
				-7.344,
				8.333,
				-5.042,
				8.5,
				-2.304
			]
		},
		{
			"Target": "Parameter",
			"Id": "Param54",
			"Segments": [
				0,
				0,
				1,
				0.411,
				0,
				0.822,
				7.557,
				1.233,
				7.557,
				1,
				1.644,
				7.557,
				2.056,
				-9.055,
				2.467,
				-9.055,
				1,
				2.889,
				-9.055,
				3.311,
				7.557,
				3.733,
				7.557,
				1,
				4.144,
				7.557,
				4.556,
				-9.055,
				4.967,
				-9.055,
				1,
				5.378,
				-9.055,
				5.789,
				7.557,
				6.2,
				7.557,
				1,
				6.611,
				7.557,
				7.022,
				-9.055,
				7.433,
				-9.055,
				1,
				7.789,
				-9.055,
				8.144,
				2.725,
				8.5,
				6.445
			]
		},
		{
			"Target": "Parameter",
			"Id": "Param55",
			"Segments": [
				0,
				0,
				1,
				0.422,
				0,
				0.844,
				6.665,
				1.267,
				6.665,
				1,
				1.689,
				6.665,
				2.111,
				-7.344,
				2.533,
				-7.344,
				1,
				2.944,
				-7.344,
				3.356,
				6.665,
				3.767,
				6.665,
				1,
				4.178,
				6.665,
				4.589,
				-7.344,
				5,
				-7.344,
				1,
				5.411,
				-7.344,
				5.822,
				6.665,
				6.233,
				6.665,
				1,
				6.656,
				6.665,
				7.078,
				-7.344,
				7.5,
				-7.344,
				1,
				7.833,
				-7.344,
				8.167,
				1.866,
				8.5,
				5.35
			]
		},
		{
			"Target": "Parameter",
			"Id": "Param56",
			"Segments": [
				0,
				0,
				1,
				0.244,
				0,
				0.489,
				7.557,
				0.733,
				7.557,
				1,
				1.144,
				7.557,
				1.556,
				-9.055,
				1.967,
				-9.055,
				1,
				2.389,
				-9.055,
				2.811,
				7.557,
				3.233,
				7.557,
				1,
				3.644,
				7.557,
				4.056,
				-9.055,
				4.467,
				-9.055,
				1,
				4.878,
				-9.055,
				5.289,
				7.557,
				5.7,
				7.557,
				1,
				6.111,
				7.557,
				6.522,
				-9.055,
				6.933,
				-9.055,
				1,
				7.356,
				-9.055,
				7.778,
				7.557,
				8.2,
				7.557,
				1,
				8.3,
				7.557,
				8.4,
				6.574,
				8.5,
				5.086
			]
		},
		{
			"Target": "Parameter",
			"Id": "Param57",
			"Segments": [
				0,
				0,
				1,
				0.178,
				0,
				0.356,
				-7.344,
				0.533,
				-7.344,
				1,
				0.944,
				-7.344,
				1.356,
				6.665,
				1.767,
				6.665,
				1,
				2.189,
				6.665,
				2.611,
				-7.344,
				3.033,
				-7.344,
				1,
				3.444,
				-7.344,
				3.856,
				6.665,
				4.267,
				6.665,
				1,
				4.678,
				6.665,
				5.089,
				-7.344,
				5.5,
				-7.344,
				1,
				5.911,
				-7.344,
				6.322,
				6.665,
				6.733,
				6.665,
				1,
				7.156,
				6.665,
				7.578,
				-7.344,
				8,
				-7.344,
				1,
				8.167,
				-7.344,
				8.333,
				-5.042,
				8.5,
				-2.304
			]
		},
		{
			"Target": "Parameter",
			"Id": "Param58",
			"Segments": [
				0,
				0,
				1,
				0.411,
				0,
				0.822,
				7.557,
				1.233,
				7.557,
				1,
				1.644,
				7.557,
				2.056,
				-9.055,
				2.467,
				-9.055,
				1,
				2.889,
				-9.055,
				3.311,
				7.557,
				3.733,
				7.557,
				1,
				4.144,
				7.557,
				4.556,
				-9.055,
				4.967,
				-9.055,
				1,
				5.378,
				-9.055,
				5.789,
				7.557,
				6.2,
				7.557,
				1,
				6.611,
				7.557,
				7.022,
				-9.055,
				7.433,
				-9.055,
				1,
				7.789,
				-9.055,
				8.144,
				2.725,
				8.5,
				6.445
			]
		},
		{
			"Target": "Parameter",
			"Id": "Param59",
			"Segments": [
				0,
				0,
				1,
				0.422,
				0,
				0.844,
				4.79,
				1.267,
				4.79,
				1,
				1.689,
				4.79,
				2.111,
				-5.23,
				2.533,
				-5.23,
				1,
				2.944,
				-5.23,
				3.356,
				4.79,
				3.767,
				4.79,
				1,
				4.178,
				4.79,
				4.589,
				-5.23,
				5,
				-5.23,
				1,
				5.411,
				-5.23,
				5.822,
				4.79,
				6.233,
				4.79,
				1,
				6.656,
				4.79,
				7.078,
				-5.23,
				7.5,
				-5.23,
				1,
				7.833,
				-5.23,
				8.167,
				1.358,
				8.5,
				3.85
			]
		},
		{
			"Target": "Parameter",
			"Id": "Param60",
			"Segments": [
				0,
				0,
				1,
				0.244,
				0,
				0.489,
				7.557,
				0.733,
				7.557,
				1,
				1.144,
				7.557,
				1.556,
				-9.055,
				1.967,
				-9.055,
				1,
				2.389,
				-9.055,
				2.811,
				7.557,
				3.233,
				7.557,
				1,
				3.644,
				7.557,
				4.056,
				-9.055,
				4.467,
				-9.055,
				1,
				4.878,
				-9.055,
				5.289,
				7.557,
				5.7,
				7.557,
				1,
				6.111,
				7.557,
				6.522,
				-9.055,
				6.933,
				-9.055,
				1,
				7.356,
				-9.055,
				7.778,
				7.557,
				8.2,
				7.557,
				1,
				8.3,
				7.557,
				8.4,
				6.574,
				8.5,
				5.086
			]
		},
		{
			"Target": "Parameter",
			"Id": "Param67",
			"Segments": [
				0,
				0,
				1,
				0.422,
				0,
				0.844,
				1.677,
				1.267,
				1.677,
				1,
				1.689,
				1.677,
				2.111,
				-2.076,
				2.533,
				-2.076,
				1,
				2.944,
				-2.076,
				3.356,
				1.677,
				3.767,
				1.677,
				1,
				4.178,
				1.677,
				4.589,
				-2.076,
				5,
				-2.076,
				1,
				5.411,
				-2.076,
				5.822,
				1.677,
				6.233,
				1.677,
				1,
				6.656,
				1.677,
				7.078,
				-2.076,
				7.5,
				-2.076,
				1,
				7.833,
				-2.076,
				8.167,
				0.391,
				8.5,
				1.325
			]
		},
		{
			"Target": "Parameter",
			"Id": "Param68",
			"Segments": [
				0,
				0,
				1,
				0.244,
				0,
				0.489,
				2.717,
				0.733,
				2.717,
				1,
				1.144,
				2.717,
				1.556,
				-3.103,
				1.967,
				-3.103,
				1,
				2.389,
				-3.103,
				2.811,
				2.717,
				3.233,
				2.717,
				1,
				3.644,
				2.717,
				4.056,
				-3.103,
				4.467,
				-3.103,
				1,
				4.878,
				-3.103,
				5.289,
				2.717,
				5.7,
				2.717,
				1,
				6.111,
				2.717,
				6.522,
				-3.103,
				6.933,
				-3.103,
				1,
				7.356,
				-3.103,
				7.778,
				2.717,
				8.2,
				2.717,
				1,
				8.3,
				2.717,
				8.4,
				2.373,
				8.5,
				1.852
			]
		},
		{
			"Target": "Parameter",
			"Id": "Param69",
			"Segments": [
				0,
				0,
				1,
				0.322,
				0,
				0.644,
				-2,
				0.967,
				-2,
				1,
				1.644,
				-2,
				2.322,
				2,
				3,
				2,
				1,
				3.756,
				2,
				4.511,
				-1,
				5.267,
				-1,
				1,
				6.344,
				-1,
				7.422,
				0,
				8.5,
				0
			]
		},
		{
			"Target": "Parameter",
			"Id": "Param70",
			"Segments": [
				0,
				0,
				1,
				0.667,
				0,
				1.333,
				-7,
				2,
				-7,
				1,
				2.678,
				-7,
				3.356,
				5,
				4.033,
				5,
				1,
				4.789,
				5,
				5.544,
				-1,
				6.3,
				-1,
				1,
				7.033,
				-1,
				7.767,
				-0.537,
				8.5,
				-0.241
			]
		},
		{
			"Target": "Parameter",
			"Id": "Param71",
			"Segments": [
				0,
				0,
				1,
				0.322,
				0,
				0.644,
				2,
				0.967,
				2,
				1,
				1.333,
				2,
				1.7,
				-1,
				2.067,
				-1,
				1,
				3.144,
				-1,
				4.222,
				2,
				5.3,
				2,
				1,
				5.756,
				2,
				6.211,
				-1,
				6.667,
				-1,
				0,
				8.5,
				-1
			]
		},
		{
			"Target": "Parameter",
			"Id": "Param72",
			"Segments": [
				0,
				0,
				1,
				0.322,
				0,
				0.644,
				-2,
				0.967,
				-2,
				1,
				1.333,
				-2,
				1.7,
				1,
				2.067,
				1,
				1,
				3.144,
				1,
				4.222,
				-2,
				5.3,
				-2,
				1,
				5.756,
				-2,
				6.211,
				1,
				6.667,
				1,
				0,
				8.5,
				1
			]
		},
		{
			"Target": "Parameter",
			"Id": "Param33",
			"Segments": [
				0,
				0,
				1,
				0.067,
				0,
				0.133,
				-2.814,
				0.2,
				-5,
				1,
				0.267,
				-7.186,
				0.333,
				-7.785,
				0.4,
				-10,
				1,
				0.456,
				-11.846,
				0.511,
				-15,
				0.567,
				-15,
				1,
				0.622,
				-15,
				0.678,
				15,
				0.733,
				15,
				1,
				0.789,
				15,
				0.844,
				11.846,
				0.9,
				10,
				1,
				0.967,
				7.785,
				1.033,
				6.801,
				1.1,
				5,
				1,
				1.156,
				3.499,
				1.211,
				1.667,
				1.267,
				0,
				1,
				1.322,
				-1.667,
				1.378,
				-3.333,
				1.433,
				-5,
				1,
				1.489,
				-6.667,
				1.544,
				-7.889,
				1.6,
				-10,
				1,
				1.667,
				-12.533,
				1.733,
				-15,
				1.8,
				-15,
				1,
				1.856,
				-15,
				1.911,
				15,
				1.967,
				15,
				1,
				2.022,
				15,
				2.078,
				12.184,
				2.133,
				10,
				1,
				2.189,
				7.816,
				2.244,
				6.501,
				2.3,
				5,
				1,
				2.367,
				3.199,
				2.433,
				1.801,
				2.5,
				0,
				1,
				2.556,
				-1.501,
				2.611,
				-3.333,
				2.667,
				-5,
				1,
				2.722,
				-6.667,
				2.778,
				-7.816,
				2.833,
				-10,
				1,
				2.889,
				-12.184,
				2.944,
				-15,
				3,
				-15,
				1,
				3.067,
				-15,
				3.133,
				15,
				3.2,
				15,
				1,
				3.256,
				15,
				3.311,
				12.184,
				3.367,
				10,
				1,
				3.422,
				7.816,
				3.478,
				6.667,
				3.533,
				5,
				1,
				3.589,
				3.333,
				3.644,
				1.501,
				3.7,
				0,
				1,
				3.767,
				-1.801,
				3.833,
				-3.199,
				3.9,
				-5,
				1,
				3.956,
				-6.501,
				4.011,
				-7.816,
				4.067,
				-10,
				1,
				4.122,
				-12.184,
				4.178,
				-15,
				4.233,
				-15,
				1,
				4.289,
				-15,
				4.344,
				15,
				4.4,
				15,
				1,
				4.467,
				15,
				4.533,
				12.533,
				4.6,
				10,
				1,
				4.656,
				7.889,
				4.711,
				6.667,
				4.767,
				5,
				1,
				4.822,
				3.333,
				4.878,
				1.667,
				4.933,
				0,
				1,
				4.989,
				-1.667,
				5.044,
				-3.499,
				5.1,
				-5,
				1,
				5.167,
				-6.801,
				5.233,
				-7.785,
				5.3,
				-10,
				1,
				5.356,
				-11.846,
				5.411,
				-15,
				5.467,
				-15,
				1,
				5.522,
				-15,
				5.578,
				15,
				5.633,
				15,
				1,
				5.689,
				15,
				5.744,
				11.846,
				5.8,
				10,
				1,
				5.867,
				7.785,
				5.933,
				6.801,
				6,
				5,
				1,
				6.056,
				3.499,
				6.111,
				1.667,
				6.167,
				0,
				1,
				6.222,
				-1.667,
				6.278,
				-3.333,
				6.333,
				-5,
				1,
				6.389,
				-6.667,
				6.444,
				-7.889,
				6.5,
				-10,
				1,
				6.567,
				-12.533,
				6.633,
				-15,
				6.7,
				-15,
				1,
				6.756,
				-15,
				6.811,
				15,
				6.867,
				15,
				1,
				6.922,
				15,
				6.978,
				12.184,
				7.033,
				10,
				1,
				7.089,
				7.816,
				7.144,
				6.501,
				7.2,
				5,
				1,
				7.267,
				3.199,
				7.333,
				1.801,
				7.4,
				0,
				1,
				7.456,
				-1.501,
				7.511,
				-3.333,
				7.567,
				-5,
				1,
				7.622,
				-6.667,
				7.678,
				-7.816,
				7.733,
				-10,
				1,
				7.789,
				-12.184,
				7.844,
				-15,
				7.9,
				-15,
				1,
				7.967,
				-15,
				8.033,
				15,
				8.1,
				15,
				1,
				8.156,
				15,
				8.211,
				12.184,
				8.267,
				10,
				1,
				8.322,
				7.816,
				8.378,
				6.667,
				8.433,
				5,
				1,
				8.456,
				4.333,
				8.478,
				3.616,
				8.5,
				2.908
			]
		},
		{
			"Target": "Parameter",
			"Id": "Param36",
			"Segments": [
				0,
				-1,
				1,
				0.189,
				-1,
				0.378,
				-1,
				0.567,
				-1,
				1,
				0.578,
				-1,
				0.589,
				1,
				0.6,
				1,
				1,
				0.633,
				1,
				0.667,
				1,
				0.7,
				1,
				1,
				0.711,
				1,
				0.722,
				-1,
				0.733,
				-1,
				1,
				1.089,
				-1,
				1.444,
				-1,
				1.8,
				-1,
				1,
				1.811,
				-1,
				1.822,
				1,
				1.833,
				1,
				1,
				1.867,
				1,
				1.9,
				1,
				1.933,
				1,
				1,
				1.944,
				1,
				1.956,
				-1,
				1.967,
				-1,
				1,
				2.311,
				-1,
				2.656,
				-1,
				3,
				-1,
				1,
				3.011,
				-1,
				3.022,
				1,
				3.033,
				1,
				1,
				3.078,
				1,
				3.122,
				1,
				3.167,
				1,
				1,
				3.178,
				1,
				3.189,
				-1,
				3.2,
				-1,
				1,
				3.544,
				-1,
				3.889,
				-1,
				4.233,
				-1,
				1,
				4.244,
				-1,
				4.256,
				1,
				4.267,
				1,
				1,
				4.3,
				1,
				4.333,
				1,
				4.367,
				1,
				1,
				4.378,
				1,
				4.389,
				-1,
				4.4,
				-1,
				1,
				4.756,
				-1,
				5.111,
				-1,
				5.467,
				-1,
				1,
				5.478,
				-1,
				5.489,
				1,
				5.5,
				1,
				1,
				5.533,
				1,
				5.567,
				1,
				5.6,
				1,
				1,
				5.611,
				1,
				5.622,
				-1,
				5.633,
				-1,
				1,
				5.989,
				-1,
				6.344,
				-1,
				6.7,
				-1,
				1,
				6.711,
				-1,
				6.722,
				1,
				6.733,
				1,
				1,
				6.767,
				1,
				6.8,
				1,
				6.833,
				1,
				1,
				6.844,
				1,
				6.856,
				-1,
				6.867,
				-1,
				1,
				7.211,
				-1,
				7.556,
				-1,
				7.9,
				-1,
				1,
				7.911,
				-1,
				7.922,
				1,
				7.933,
				1,
				1,
				7.978,
				1,
				8.022,
				1,
				8.067,
				1,
				1,
				8.078,
				1,
				8.089,
				-1,
				8.1,
				-1,
				1,
				8.233,
				-1,
				8.367,
				-1,
				8.5,
				-1
			]
		},
		{
			"Target": "Parameter",
			"Id": "Param34",
			"Segments": [
				0,
				-10,
				1,
				0.067,
				-10,
				0.133,
				-15,
				0.2,
				-15,
				1,
				0.267,
				-15,
				0.333,
				15,
				0.4,
				15,
				1,
				0.456,
				15,
				0.511,
				12.184,
				0.567,
				10,
				1,
				0.622,
				7.816,
				0.678,
				6.667,
				0.733,
				5,
				1,
				0.789,
				3.333,
				0.844,
				1.501,
				0.9,
				0,
				1,
				0.967,
				-1.801,
				1.033,
				-3.199,
				1.1,
				-5,
				1,
				1.156,
				-6.501,
				1.211,
				-7.816,
				1.267,
				-10,
				1,
				1.322,
				-12.184,
				1.378,
				-15,
				1.433,
				-15,
				1,
				1.489,
				-15,
				1.544,
				15,
				1.6,
				15,
				1,
				1.667,
				15,
				1.733,
				12.533,
				1.8,
				10,
				1,
				1.856,
				7.889,
				1.911,
				6.667,
				1.967,
				5,
				1,
				2.022,
				3.333,
				2.078,
				1.667,
				2.133,
				0,
				1,
				2.189,
				-1.667,
				2.244,
				-3.499,
				2.3,
				-5,
				1,
				2.367,
				-6.801,
				2.433,
				-7.785,
				2.5,
				-10,
				1,
				2.556,
				-11.846,
				2.611,
				-15,
				2.667,
				-15,
				1,
				2.722,
				-15,
				2.778,
				15,
				2.833,
				15,
				1,
				2.889,
				15,
				2.944,
				11.846,
				3,
				10,
				1,
				3.067,
				7.785,
				3.133,
				6.801,
				3.2,
				5,
				1,
				3.256,
				3.499,
				3.311,
				1.667,
				3.367,
				0,
				1,
				3.422,
				-1.667,
				3.478,
				-3.333,
				3.533,
				-5,
				1,
				3.589,
				-6.667,
				3.644,
				-7.889,
				3.7,
				-10,
				1,
				3.767,
				-12.533,
				3.833,
				-15,
				3.9,
				-15,
				1,
				3.956,
				-15,
				4.011,
				15,
				4.067,
				15,
				1,
				4.122,
				15,
				4.178,
				12.184,
				4.233,
				10,
				1,
				4.289,
				7.816,
				4.344,
				6.501,
				4.4,
				5,
				1,
				4.467,
				3.199,
				4.533,
				1.801,
				4.6,
				0,
				1,
				4.656,
				-1.501,
				4.711,
				-3.333,
				4.767,
				-5,
				1,
				4.822,
				-6.667,
				4.878,
				-7.816,
				4.933,
				-10,
				1,
				4.989,
				-12.184,
				5.044,
				-15,
				5.1,
				-15,
				1,
				5.167,
				-15,
				5.233,
				15,
				5.3,
				15,
				1,
				5.356,
				15,
				5.411,
				12.184,
				5.467,
				10,
				1,
				5.522,
				7.816,
				5.578,
				6.667,
				5.633,
				5,
				1,
				5.689,
				3.333,
				5.744,
				1.501,
				5.8,
				0,
				1,
				5.867,
				-1.801,
				5.933,
				-3.199,
				6,
				-5,
				1,
				6.056,
				-6.501,
				6.111,
				-7.816,
				6.167,
				-10,
				1,
				6.222,
				-12.184,
				6.278,
				-15,
				6.333,
				-15,
				1,
				6.389,
				-15,
				6.444,
				15,
				6.5,
				15,
				1,
				6.567,
				15,
				6.633,
				12.533,
				6.7,
				10,
				1,
				6.756,
				7.889,
				6.811,
				6.667,
				6.867,
				5,
				1,
				6.922,
				3.333,
				6.978,
				1.667,
				7.033,
				0,
				1,
				7.089,
				-1.667,
				7.144,
				-3.499,
				7.2,
				-5,
				1,
				7.267,
				-6.801,
				7.333,
				-7.785,
				7.4,
				-10,
				1,
				7.456,
				-11.846,
				7.511,
				-15,
				7.567,
				-15,
				1,
				7.622,
				-15,
				7.678,
				15,
				7.733,
				15,
				1,
				7.789,
				15,
				7.844,
				11.846,
				7.9,
				10,
				1,
				7.967,
				7.785,
				8.033,
				6.801,
				8.1,
				5,
				1,
				8.156,
				3.499,
				8.211,
				1.667,
				8.267,
				0,
				1,
				8.322,
				-1.667,
				8.378,
				-3.333,
				8.433,
				-5,
				1,
				8.456,
				-5.667,
				8.478,
				-6.278,
				8.5,
				-6.901
			]
		},
		{
			"Target": "Parameter",
			"Id": "Param37",
			"Segments": [
				0,
				-1,
				1,
				0.067,
				-1,
				0.133,
				-1,
				0.2,
				-1,
				1,
				0.211,
				-1,
				0.222,
				1,
				0.233,
				1,
				1,
				0.278,
				1,
				0.322,
				1,
				0.367,
				1,
				1,
				0.378,
				1,
				0.389,
				-1,
				0.4,
				-1,
				1,
				0.456,
				-1,
				0.511,
				-1,
				0.567,
				-1,
				1,
				0.856,
				-1,
				1.144,
				-1,
				1.433,
				-1,
				1,
				1.444,
				-1,
				1.456,
				1,
				1.467,
				1,
				1,
				1.5,
				1,
				1.533,
				1,
				1.567,
				1,
				1,
				1.578,
				1,
				1.589,
				-1,
				1.6,
				-1,
				1,
				1.667,
				-1,
				1.733,
				-1,
				1.8,
				-1,
				1,
				2.089,
				-1,
				2.378,
				-1,
				2.667,
				-1,
				1,
				2.678,
				-1,
				2.689,
				1,
				2.7,
				1,
				1,
				2.733,
				1,
				2.767,
				1,
				2.8,
				1,
				1,
				2.811,
				1,
				2.822,
				-1,
				2.833,
				-1,
				1,
				2.889,
				-1,
				2.944,
				-1,
				3,
				-1,
				1,
				3.3,
				-1,
				3.6,
				-1,
				3.9,
				-1,
				1,
				3.911,
				-1,
				3.922,
				1,
				3.933,
				1,
				1,
				3.967,
				1,
				4,
				1,
				4.033,
				1,
				1,
				4.044,
				1,
				4.056,
				-1,
				4.067,
				-1,
				1,
				4.122,
				-1,
				4.178,
				-1,
				4.233,
				-1,
				1,
				4.522,
				-1,
				4.811,
				-1,
				5.1,
				-1,
				1,
				5.111,
				-1,
				5.122,
				1,
				5.133,
				1,
				1,
				5.178,
				1,
				5.222,
				1,
				5.267,
				1,
				1,
				5.278,
				1,
				5.289,
				-1,
				5.3,
				-1,
				1,
				5.356,
				-1,
				5.411,
				-1,
				5.467,
				-1,
				1,
				5.756,
				-1,
				6.044,
				-1,
				6.333,
				-1,
				1,
				6.344,
				-1,
				6.356,
				1,
				6.367,
				1,
				1,
				6.4,
				1,
				6.433,
				1,
				6.467,
				1,
				1,
				6.478,
				1,
				6.489,
				-1,
				6.5,
				-1,
				1,
				6.567,
				-1,
				6.633,
				-1,
				6.7,
				-1,
				1,
				6.989,
				-1,
				7.278,
				-1,
				7.567,
				-1,
				1,
				7.578,
				-1,
				7.589,
				1,
				7.6,
				1,
				1,
				7.633,
				1,
				7.667,
				1,
				7.7,
				1,
				1,
				7.711,
				1,
				7.722,
				-1,
				7.733,
				-1,
				1,
				7.789,
				-1,
				7.844,
				-1,
				7.9,
				-1,
				1,
				8.1,
				-1,
				8.3,
				-1,
				8.5,
				-1
			]
		},
		{
			"Target": "Parameter",
			"Id": "Param35",
			"Segments": [
				0,
				10,
				1,
				0.067,
				10,
				0.133,
				7.186,
				0.2,
				5,
				1,
				0.267,
				2.814,
				0.333,
				1.801,
				0.4,
				0,
				1,
				0.456,
				-1.501,
				0.511,
				-3.333,
				0.567,
				-5,
				1,
				0.622,
				-6.667,
				0.678,
				-7.816,
				0.733,
				-10,
				1,
				0.789,
				-12.184,
				0.844,
				-15,
				0.9,
				-15,
				1,
				0.967,
				-15,
				1.033,
				15,
				1.1,
				15,
				1,
				1.156,
				15,
				1.211,
				12.184,
				1.267,
				10,
				1,
				1.322,
				7.816,
				1.378,
				6.667,
				1.433,
				5,
				1,
				1.489,
				3.333,
				1.544,
				1.501,
				1.6,
				0,
				1,
				1.667,
				-1.801,
				1.733,
				-3.199,
				1.8,
				-5,
				1,
				1.856,
				-6.501,
				1.911,
				-7.816,
				1.967,
				-10,
				1,
				2.022,
				-12.184,
				2.078,
				-15,
				2.133,
				-15,
				1,
				2.189,
				-15,
				2.244,
				15,
				2.3,
				15,
				1,
				2.367,
				15,
				2.433,
				12.533,
				2.5,
				10,
				1,
				2.556,
				7.889,
				2.611,
				6.667,
				2.667,
				5,
				1,
				2.722,
				3.333,
				2.778,
				1.667,
				2.833,
				0,
				1,
				2.889,
				-1.667,
				2.944,
				-3.499,
				3,
				-5,
				1,
				3.067,
				-6.801,
				3.133,
				-7.785,
				3.2,
				-10,
				1,
				3.256,
				-11.846,
				3.311,
				-15,
				3.367,
				-15,
				1,
				3.422,
				-15,
				3.478,
				15,
				3.533,
				15,
				1,
				3.589,
				15,
				3.644,
				11.846,
				3.7,
				10,
				1,
				3.767,
				7.785,
				3.833,
				6.801,
				3.9,
				5,
				1,
				3.956,
				3.499,
				4.011,
				1.667,
				4.067,
				0,
				1,
				4.122,
				-1.667,
				4.178,
				-3.333,
				4.233,
				-5,
				1,
				4.289,
				-6.667,
				4.344,
				-7.889,
				4.4,
				-10,
				1,
				4.467,
				-12.533,
				4.533,
				-15,
				4.6,
				-15,
				1,
				4.656,
				-15,
				4.711,
				15,
				4.767,
				15,
				1,
				4.822,
				15,
				4.878,
				12.184,
				4.933,
				10,
				1,
				4.989,
				7.816,
				5.044,
				6.501,
				5.1,
				5,
				1,
				5.167,
				3.199,
				5.233,
				1.801,
				5.3,
				0,
				1,
				5.356,
				-1.501,
				5.411,
				-3.333,
				5.467,
				-5,
				1,
				5.522,
				-6.667,
				5.578,
				-7.816,
				5.633,
				-10,
				1,
				5.689,
				-12.184,
				5.744,
				-15,
				5.8,
				-15,
				1,
				5.867,
				-15,
				5.933,
				15,
				6,
				15,
				1,
				6.056,
				15,
				6.111,
				12.184,
				6.167,
				10,
				1,
				6.222,
				7.816,
				6.278,
				6.667,
				6.333,
				5,
				1,
				6.389,
				3.333,
				6.444,
				1.501,
				6.5,
				0,
				1,
				6.567,
				-1.801,
				6.633,
				-3.199,
				6.7,
				-5,
				1,
				6.756,
				-6.501,
				6.811,
				-7.816,
				6.867,
				-10,
				1,
				6.922,
				-12.184,
				6.978,
				-15,
				7.033,
				-15,
				1,
				7.089,
				-15,
				7.144,
				15,
				7.2,
				15,
				1,
				7.267,
				15,
				7.333,
				12.533,
				7.4,
				10,
				1,
				7.456,
				7.889,
				7.511,
				6.667,
				7.567,
				5,
				1,
				7.622,
				3.333,
				7.678,
				1.667,
				7.733,
				0,
				1,
				7.789,
				-1.667,
				7.844,
				-3.499,
				7.9,
				-5,
				1,
				7.967,
				-6.801,
				8.033,
				-7.785,
				8.1,
				-10,
				1,
				8.156,
				-11.846,
				8.211,
				-15,
				8.267,
				-15,
				1,
				8.322,
				-15,
				8.378,
				15,
				8.433,
				15,
				1,
				8.456,
				15,
				8.478,
				14.453,
				8.5,
				13.696
			]
		},
		{
			"Target": "Parameter",
			"Id": "Param38",
			"Segments": [
				0,
				-1,
				1,
				0.3,
				-1,
				0.6,
				-1,
				0.9,
				-1,
				1,
				0.911,
				-1,
				0.922,
				1,
				0.933,
				1,
				1,
				0.978,
				1,
				1.022,
				1,
				1.067,
				1,
				1,
				1.078,
				1,
				1.089,
				-1,
				1.1,
				-1,
				1,
				1.444,
				-1,
				1.789,
				-1,
				2.133,
				-1,
				1,
				2.144,
				-1,
				2.156,
				1,
				2.167,
				1,
				1,
				2.2,
				1,
				2.233,
				1,
				2.267,
				1,
				1,
				2.278,
				1,
				2.289,
				-1,
				2.3,
				-1,
				1,
				2.656,
				-1,
				3.011,
				-1,
				3.367,
				-1,
				1,
				3.378,
				-1,
				3.389,
				1,
				3.4,
				1,
				1,
				3.433,
				1,
				3.467,
				1,
				3.5,
				1,
				1,
				3.511,
				1,
				3.522,
				-1,
				3.533,
				-1,
				1,
				3.889,
				-1,
				4.244,
				-1,
				4.6,
				-1,
				1,
				4.611,
				-1,
				4.622,
				1,
				4.633,
				1,
				1,
				4.667,
				1,
				4.7,
				1,
				4.733,
				1,
				1,
				4.744,
				1,
				4.756,
				-1,
				4.767,
				-1,
				1,
				5.111,
				-1,
				5.456,
				-1,
				5.8,
				-1,
				1,
				5.811,
				-1,
				5.822,
				1,
				5.833,
				1,
				1,
				5.878,
				1,
				5.922,
				1,
				5.967,
				1,
				1,
				5.978,
				1,
				5.989,
				-1,
				6,
				-1,
				1,
				6.344,
				-1,
				6.689,
				-1,
				7.033,
				-1,
				1,
				7.044,
				-1,
				7.056,
				1,
				7.067,
				1,
				1,
				7.1,
				1,
				7.133,
				1,
				7.167,
				1,
				1,
				7.178,
				1,
				7.189,
				-1,
				7.2,
				-1,
				1,
				7.556,
				-1,
				7.911,
				-1,
				8.267,
				-1,
				1,
				8.278,
				-1,
				8.289,
				1,
				8.3,
				1,
				1,
				8.333,
				1,
				8.367,
				1,
				8.4,
				1,
				1,
				8.411,
				1,
				8.422,
				-1,
				8.433,
				-1,
				1,
				8.456,
				-1,
				8.478,
				-1,
				8.5,
				-1
			]
		},
		{
			"Target": "PartOpacity",
			"Id": "Part",
			"Segments": [
				0,
				1,
				0,
				8.5,
				1
			]
		},
		{
			"Target": "PartOpacity",
			"Id": "Part2",
			"Segments": [
				0,
				1,
				0,
				8.5,
				1
			]
		},
		{
			"Target": "PartOpacity",
			"Id": "Part3",
			"Segments": [
				0,
				1,
				0,
				8.5,
				1
			]
		},
		{
			"Target": "PartOpacity",
			"Id": "Part4",
			"Segments": [
				0,
				1,
				0,
				8.5,
				1
			]
		},
		{
			"Target": "PartOpacity",
			"Id": "Part5",
			"Segments": [
				0,
				1,
				0,
				8.5,
				1
			]
		},
		{
			"Target": "PartOpacity",
			"Id": "Part27",
			"Segments": [
				0,
				1,
				0,
				8.5,
				1
			]
		},
		{
			"Target": "PartOpacity",
			"Id": "Part6",
			"Segments": [
				0,
				1,
				0,
				8.5,
				1
			]
		},
		{
			"Target": "PartOpacity",
			"Id": "Part11",
			"Segments": [
				0,
				1,
				0,
				8.5,
				1
			]
		},
		{
			"Target": "PartOpacity",
			"Id": "Part12",
			"Segments": [
				0,
				1,
				0,
				8.5,
				1
			]
		},
		{
			"Target": "PartOpacity",
			"Id": "Part13",
			"Segments": [
				0,
				1,
				0,
				8.5,
				1
			]
		},
		{
			"Target": "PartOpacity",
			"Id": "Part14",
			"Segments": [
				0,
				1,
				0,
				8.5,
				1
			]
		},
		{
			"Target": "PartOpacity",
			"Id": "Part15",
			"Segments": [
				0,
				1,
				0,
				8.5,
				1
			]
		},
		{
			"Target": "PartOpacity",
			"Id": "Part16",
			"Segments": [
				0,
				1,
				0,
				8.5,
				1
			]
		},
		{
			"Target": "PartOpacity",
			"Id": "Part17",
			"Segments": [
				0,
				1,
				0,
				8.5,
				1
			]
		},
		{
			"Target": "PartOpacity",
			"Id": "Part18",
			"Segments": [
				0,
				1,
				0,
				8.5,
				1
			]
		},
		{
			"Target": "PartOpacity",
			"Id": "Part19",
			"Segments": [
				0,
				1,
				0,
				8.5,
				1
			]
		},
		{
			"Target": "PartOpacity",
			"Id": "Part20",
			"Segments": [
				0,
				1,
				0,
				8.5,
				1
			]
		},
		{
			"Target": "PartOpacity",
			"Id": "Part21",
			"Segments": [
				0,
				1,
				0,
				8.5,
				1
			]
		},
		{
			"Target": "PartOpacity",
			"Id": "Part22",
			"Segments": [
				0,
				1,
				0,
				8.5,
				1
			]
		},
		{
			"Target": "PartOpacity",
			"Id": "Part23",
			"Segments": [
				0,
				1,
				0,
				8.5,
				1
			]
		},
		{
			"Target": "PartOpacity",
			"Id": "Part24",
			"Segments": [
				0,
				1,
				0,
				8.5,
				1
			]
		},
		{
			"Target": "PartOpacity",
			"Id": "Part25",
			"Segments": [
				0,
				1,
				0,
				8.5,
				1
			]
		},
		{
			"Target": "PartOpacity",
			"Id": "Part26",
			"Segments": [
				0,
				1,
				0,
				8.5,
				1
			]
		},
		{
			"Target": "PartOpacity",
			"Id": "Part50",
			"Segments": [
				0,
				1,
				0,
				8.5,
				1
			]
		}
	]
}