{
	"Version": 3,
	"Meta": {
		"Duration": 4,
		"Fps": 30.0,
		"FadeInTime": 0.2,
		"Loop": true,
		"AreBeziersRestricted": true,
		"CurveCount": 72,
		"TotalSegmentCount": 211,
		"TotalPointCount": 587,
		"UserDataCount": 0,
		"TotalUserDataSize": 0
	},
	"Curves": [
		{
			"Target": "Model",
			"Id": "Opacity",
			"Segments": [
				0,
				1,
				0,
				4,
				1
			]
		},
		{
			"Target": "Parameter",
			"Id": "Param2",
			"Segments": [
				0,
				0,
				0,
				4,
				0
			]
		},
		{
			"Target": "Parameter",
			"Id": "Param3",
			"Segments": [
				0,
				0,
				0,
				4,
				0
			]
		},
		{
			"Target": "Parameter",
			"Id": "Param4",
			"Segments": [
				0,
				0,
				0,
				4,
				0
			]
		},
		{
			"Target": "Parameter",
			"Id": "ParamAngleX",
			"Segments": [
				0,
				0,
				1,
				0.211,
				0,
				0.422,
				-21,
				0.633,
				-21,
				1,
				0.933,
				-21,
				1.233,
				30,
				1.533,
				30,
				1,
				1.722,
				30,
				1.911,
				30,
				2.1,
				30,
				1,
				2.3,
				30,
				2.5,
				30,
				2.7,
				30,
				1,
				2.778,
				30,
				2.856,
				30,
				2.933,
				30,
				1,
				3.067,
				30,
				3.2,
				30,
				3.333,
				30,
				1,
				3.411,
				30,
				3.489,
				30,
				3.567,
				30,
				0,
				4,
				30
			]
		},
		{
			"Target": "Parameter",
			"Id": "ParamAngleY",
			"Segments": [
				0,
				0,
				1,
				0.211,
				0,
				0.422,
				9,
				0.633,
				9,
				1,
				0.933,
				9,
				1.233,
				7.903,
				1.533,
				-2,
				1,
				1.722,
				-8.235,
				1.911,
				-30,
				2.1,
				-30,
				1,
				2.3,
				-30,
				2.5,
				22,
				2.7,
				22,
				1,
				2.778,
				22,
				2.856,
				0,
				2.933,
				0,
				1,
				3.067,
				0,
				3.2,
				22,
				3.333,
				22,
				1,
				3.411,
				22,
				3.489,
				0,
				3.567,
				0,
				0,
				4,
				0
			]
		},
		{
			"Target": "Parameter",
			"Id": "ParamAngleZ",
			"Segments": [
				0,
				0,
				1,
				0.167,
				0,
				0.333,
				5.991,
				0.5,
				5.991,
				1,
				0.778,
				5.991,
				1.056,
				0.481,
				1.333,
				-4.437,
				1,
				1.522,
				-7.781,
				1.711,
				-8,
				1.9,
				-8,
				1,
				2.133,
				-8,
				2.367,
				7.094,
				2.6,
				7.094,
				1,
				3.022,
				7.094,
				3.444,
				0,
				3.867,
				0,
				0,
				4,
				0
			]
		},
		{
			"Target": "Parameter",
			"Id": "ParamEyeLOpen",
			"Segments": [
				0,
				1,
				1,
				0.3,
				1,
				0.6,
				1,
				0.9,
				1,
				1,
				1.2,
				1,
				1.5,
				0,
				1.8,
				0,
				0,
				4,
				0
			]
		},
		{
			"Target": "Parameter",
			"Id": "ParamEyeLSmile",
			"Segments": [
				0,
				0,
				1,
				0.6,
				0,
				1.2,
				1,
				1.8,
				1,
				0,
				4,
				1
			]
		},
		{
			"Target": "Parameter",
			"Id": "Param23",
			"Segments": [
				0,
				0,
				0,
				4,
				0
			]
		},
		{
			"Target": "Parameter",
			"Id": "Param24",
			"Segments": [
				0,
				0,
				0,
				4,
				0
			]
		},
		{
			"Target": "Parameter",
			"Id": "Param25",
			"Segments": [
				0,
				0,
				0,
				4,
				0
			]
		},
		{
			"Target": "Parameter",
			"Id": "ParamBodyAngleX",
			"Segments": [
				0,
				0,
				1,
				0.333,
				0,
				0.667,
				4,
				1,
				4,
				1,
				1.367,
				4,
				1.733,
				-5,
				2.1,
				-5,
				1,
				2.4,
				-5,
				2.7,
				2,
				3,
				2,
				0,
				4,
				2
			]
		},
		{
			"Target": "Parameter",
			"Id": "ParamBodyAngleY",
			"Segments": [
				0,
				0,
				1,
				0.333,
				0,
				0.667,
				4,
				1,
				4,
				1,
				1.367,
				4,
				1.733,
				0,
				2.1,
				0,
				1,
				2.4,
				0,
				2.7,
				0,
				3,
				0,
				0,
				4,
				0
			]
		},
		{
			"Target": "Parameter",
			"Id": "ParamBodyAngleZ",
			"Segments": [
				0,
				0,
				0,
				4,
				0
			]
		},
		{
			"Target": "Parameter",
			"Id": "ParamBreath",
			"Segments": [
				0,
				1,
				1,
				0.3,
				1,
				0.6,
				0,
				0.9,
				0,
				1,
				1.933,
				0,
				2.967,
				1,
				4,
				1
			]
		},
		{
			"Target": "Parameter",
			"Id": "ParamEyeBallX",
			"Segments": [
				0,
				0,
				0,
				4,
				0
			]
		},
		{
			"Target": "Parameter",
			"Id": "ParamEyeBallY",
			"Segments": [
				0,
				0,
				0,
				4,
				0
			]
		},
		{
			"Target": "Parameter",
			"Id": "ParamHairFront",
			"Segments": [
				0,
				0,
				1,
				0.389,
				0,
				0.778,
				-0.4,
				1.167,
				-0.4,
				1,
				1.422,
				-0.4,
				1.678,
				0,
				1.933,
				0,
				1,
				2.178,
				0,
				2.422,
				-0.5,
				2.667,
				-0.5,
				1,
				2.8,
				-0.5,
				2.933,
				0.7,
				3.067,
				0.7,
				1,
				3.189,
				0.7,
				3.311,
				-0.4,
				3.433,
				-0.4,
				1,
				3.556,
				-0.4,
				3.678,
				0.6,
				3.8,
				0.6,
				0,
				4,
				0.6
			]
		},
		{
			"Target": "Parameter",
			"Id": "ParamHairSide",
			"Segments": [
				0,
				0,
				1,
				0.267,
				0,
				0.533,
				-0.6,
				0.8,
				-0.6,
				1,
				1.244,
				-0.6,
				1.689,
				0.7,
				2.133,
				0.7,
				1,
				2.511,
				0.7,
				2.889,
				-0.6,
				3.267,
				-0.6,
				1,
				3.511,
				-0.6,
				3.756,
				0.7,
				4,
				0.7
			]
		},
		{
			"Target": "Parameter",
			"Id": "Param36",
			"Segments": [
				0,
				0,
				1,
				0.267,
				0,
				0.533,
				-30,
				0.8,
				-30,
				1,
				1.244,
				-30,
				1.689,
				30,
				2.133,
				30,
				1,
				2.511,
				30,
				2.889,
				-30,
				3.267,
				-30,
				1,
				3.511,
				-30,
				3.756,
				30,
				4,
				30
			]
		},
		{
			"Target": "Parameter",
			"Id": "Param",
			"Segments": [
				0,
				0,
				1,
				0.167,
				0,
				0.333,
				0.526,
				0.5,
				-2,
				1,
				0.8,
				-6.547,
				1.1,
				-17,
				1.4,
				-17,
				1,
				1.767,
				-17,
				2.133,
				-11.874,
				2.5,
				-2,
				1,
				2.678,
				2.787,
				2.856,
				5,
				3.033,
				5,
				1,
				3.356,
				5,
				3.678,
				-2,
				4,
				-2
			]
		},
		{
			"Target": "Parameter",
			"Id": "Param37",
			"Segments": [
				0,
				0,
				1,
				0.167,
				0,
				0.333,
				-11.579,
				0.5,
				-15,
				1,
				0.8,
				-21.158,
				1.1,
				-22,
				1.4,
				-22,
				1,
				1.767,
				-22,
				2.133,
				-21.222,
				2.5,
				-15,
				1,
				2.678,
				-11.983,
				2.856,
				8,
				3.033,
				8,
				1,
				3.356,
				8,
				3.678,
				-15,
				4,
				-15
			]
		},
		{
			"Target": "Parameter",
			"Id": "ParamHairBack",
			"Segments": [
				0,
				0,
				1,
				0.244,
				0,
				0.411,
				-0.8,
				0.733,
				-0.8,
				1,
				1.111,
				-0.8,
				1.622,
				1,
				2.067,
				1,
				1,
				2.444,
				1,
				2.822,
				-0.8,
				3.2,
				-0.8,
				1,
				3.467,
				-0.8,
				3.733,
				1,
				4,
				1
			]
		},
		{
			"Target": "Parameter",
			"Id": "Param35",
			"Segments": [
				0,
				0,
				1,
				0.244,
				0,
				0.489,
				20,
				0.733,
				20,
				1,
				1.178,
				20,
				1.622,
				-12,
				2.067,
				-12,
				1,
				2.444,
				-12,
				2.822,
				20,
				3.2,
				20,
				1,
				3.467,
				20,
				3.733,
				-12,
				4,
				-12
			]
		},
		{
			"Target": "Parameter",
			"Id": "Param29",
			"Segments": [
				0,
				0,
				1,
				0.4,
				0,
				0.8,
				0,
				1.2,
				0,
				1,
				1.589,
				0,
				1.978,
				19,
				2.367,
				19,
				1,
				2.911,
				19,
				3.456,
				0,
				4,
				0
			]
		},
		{
			"Target": "Parameter",
			"Id": "Param30",
			"Segments": [
				0,
				0,
				1,
				0.4,
				0,
				0.8,
				0.062,
				1.2,
				-1,
				1,
				1.589,
				-2.032,
				1.978,
				-5,
				2.367,
				-5,
				1,
				2.911,
				-5,
				3.456,
				-1,
				4,
				-1
			]
		},
		{
			"Target": "Parameter",
			"Id": "Param31",
			"Segments": [
				0,
				0,
				1,
				0.4,
				0,
				0.8,
				0,
				1.2,
				0,
				1,
				1.589,
				0,
				1.978,
				15,
				2.367,
				15,
				1,
				2.911,
				15,
				3.456,
				0,
				4,
				0
			]
		},
		{
			"Target": "Parameter",
			"Id": "Param32",
			"Segments": [
				0,
				0,
				1,
				0.4,
				0,
				0.8,
				-1,
				1.2,
				-1,
				1,
				1.589,
				-1,
				1.978,
				4,
				2.367,
				4,
				1,
				2.911,
				4,
				3.456,
				-1,
				4,
				-1
			]
		},
		{
			"Target": "Parameter",
			"Id": "Param7",
			"Segments": [
				0,
				0,
				1,
				0.244,
				0,
				0.489,
				10.591,
				0.733,
				10.591,
				1,
				1.056,
				10.591,
				1.378,
				6.179,
				1.7,
				0,
				1,
				1.978,
				-5.327,
				2.256,
				-7,
				2.533,
				-7,
				1,
				2.856,
				-7,
				3.178,
				-5.944,
				3.5,
				0,
				1,
				3.667,
				3.074,
				3.833,
				8.38,
				4,
				10.063
			]
		},
		{
			"Target": "Parameter",
			"Id": "Param6",
			"Segments": [
				0,
				0,
				0,
				4,
				0
			]
		},
		{
			"Target": "Parameter",
			"Id": "Param5",
			"Segments": [
				0,
				0,
				0,
				4,
				0
			]
		},
		{
			"Target": "Parameter",
			"Id": "Param8",
			"Segments": [
				0,
				0,
				1,
				0.256,
				0,
				0.511,
				-4,
				0.767,
				-4,
				1,
				1.078,
				-4,
				1.389,
				-2.762,
				1.7,
				0,
				1,
				1.989,
				2.564,
				2.278,
				4,
				2.567,
				4,
				1,
				2.878,
				4,
				3.189,
				0,
				3.5,
				0,
				0,
				4,
				0
			]
		},
		{
			"Target": "Parameter",
			"Id": "Param9",
			"Segments": [
				0,
				0,
				1,
				0.289,
				0,
				0.578,
				-6,
				0.867,
				-6,
				1,
				1.156,
				-6,
				1.444,
				-3.797,
				1.733,
				0,
				1,
				2.044,
				4.089,
				2.356,
				5.858,
				2.667,
				5.858,
				1,
				2.956,
				5.858,
				3.244,
				0,
				3.533,
				0,
				0,
				4,
				0
			]
		},
		{
			"Target": "Parameter",
			"Id": "Param10",
			"Segments": [
				0,
				0,
				1,
				0.267,
				0,
				0.533,
				-11,
				0.8,
				-11,
				1,
				1.1,
				-11,
				1.4,
				2.68,
				1.7,
				16,
				1,
				1.967,
				27.84,
				2.233,
				30,
				2.5,
				30,
				1,
				2.833,
				30,
				3.167,
				16,
				3.5,
				16,
				0,
				4,
				16
			]
		},
		{
			"Target": "Parameter",
			"Id": "Param13",
			"Segments": [
				0,
				0,
				1,
				0.278,
				0,
				0.556,
				-30,
				0.833,
				-30,
				1,
				1.122,
				-30,
				1.411,
				17,
				1.7,
				17,
				1,
				2.067,
				17,
				2.433,
				-30,
				2.8,
				-30,
				1,
				3.033,
				-30,
				3.267,
				17,
				3.5,
				17,
				0,
				4,
				17
			]
		},
		{
			"Target": "Parameter",
			"Id": "Param14",
			"Segments": [
				0,
				0,
				1,
				0.289,
				0,
				0.578,
				-30,
				0.867,
				-30,
				1,
				1.156,
				-30,
				1.444,
				16,
				1.733,
				16,
				1,
				2.1,
				16,
				2.467,
				-30,
				2.833,
				-30,
				1,
				3.067,
				-30,
				3.3,
				16,
				3.533,
				16,
				0,
				4,
				16
			]
		},
		{
			"Target": "Parameter",
			"Id": "Param12",
			"Segments": [
				0,
				0,
				1,
				0.256,
				0,
				0.511,
				-16,
				0.767,
				-16,
				1,
				1.078,
				-16,
				1.389,
				-13.052,
				1.7,
				0,
				1,
				1.978,
				11.654,
				2.256,
				24,
				2.533,
				24,
				1,
				2.856,
				24,
				3.178,
				0,
				3.5,
				0,
				0,
				4,
				0
			]
		},
		{
			"Target": "Parameter",
			"Id": "Param11",
			"Segments": [
				0,
				0,
				1,
				0.256,
				0,
				0.511,
				-18,
				0.767,
				-18,
				1,
				1.078,
				-18,
				1.389,
				-14.58,
				1.7,
				1,
				1,
				1.978,
				14.911,
				2.256,
				30,
				2.533,
				30,
				1,
				2.856,
				30,
				3.178,
				1,
				3.5,
				1,
				0,
				4,
				1
			]
		},
		{
			"Target": "Parameter",
			"Id": "Param27",
			"Segments": [
				0,
				0,
				1,
				0.267,
				0,
				0.533,
				-14,
				0.8,
				-14,
				1,
				1.089,
				-14,
				1.378,
				-9.657,
				1.667,
				2,
				1,
				1.967,
				14.106,
				2.267,
				22,
				2.567,
				22,
				1,
				2.867,
				22,
				3.167,
				2,
				3.467,
				2,
				0,
				4,
				2
			]
		},
		{
			"Target": "Parameter",
			"Id": "Param28",
			"Segments": [
				0,
				0,
				1,
				0.289,
				0,
				0.578,
				-22,
				0.867,
				-22,
				1,
				1.156,
				-22,
				1.444,
				-10.437,
				1.733,
				1,
				1,
				1.989,
				11.118,
				2.244,
				13,
				2.5,
				13,
				1,
				2.844,
				13,
				3.189,
				1,
				3.533,
				1,
				0,
				4,
				1
			]
		},
		{
			"Target": "Parameter",
			"Id": "Param15",
			"Segments": [
				0,
				0,
				1,
				0.244,
				0,
				0.489,
				-1,
				0.733,
				-1,
				1,
				1.056,
				-1,
				1.378,
				-0.901,
				1.7,
				0,
				1,
				1.989,
				0.808,
				2.278,
				2,
				2.567,
				2,
				1,
				2.878,
				2,
				3.189,
				1.199,
				3.5,
				0,
				1,
				3.667,
				-0.642,
				3.833,
				-0.909,
				4,
				-0.979
			]
		},
		{
			"Target": "Parameter",
			"Id": "Param16",
			"Segments": [
				0,
				0,
				1,
				0.289,
				0,
				0.578,
				-30,
				0.867,
				-30,
				1,
				1.144,
				-30,
				1.422,
				-21.364,
				1.7,
				-5,
				1,
				2.044,
				15.291,
				2.389,
				25,
				2.733,
				25,
				1,
				2.989,
				25,
				3.244,
				-5,
				3.5,
				-5,
				0,
				4,
				-5
			]
		},
		{
			"Target": "Parameter",
			"Id": "Param17",
			"Segments": [
				0,
				0,
				1,
				0.267,
				0,
				0.533,
				-30,
				0.8,
				-30,
				1,
				1.1,
				-30,
				1.4,
				-17.407,
				1.7,
				1,
				1,
				2.033,
				21.452,
				2.367,
				29.011,
				2.7,
				29.011,
				1,
				2.967,
				29.011,
				3.233,
				1,
				3.5,
				1,
				0,
				4,
				1
			]
		},
		{
			"Target": "Parameter",
			"Id": "Param18",
			"Segments": [
				0,
				0,
				1,
				0.289,
				0,
				0.578,
				30,
				0.867,
				30,
				1,
				1.133,
				30,
				1.4,
				-30,
				1.667,
				-30,
				1,
				1.967,
				-30,
				2.267,
				30,
				2.567,
				30,
				1,
				2.867,
				30,
				3.167,
				-30,
				3.467,
				-30,
				0,
				4,
				-30
			]
		},
		{
			"Target": "Parameter",
			"Id": "Param19",
			"Segments": [
				0,
				0,
				1,
				0.311,
				0,
				0.622,
				-30,
				0.933,
				-30,
				1,
				1.444,
				-30,
				1.956,
				30,
				2.467,
				30,
				0,
				4,
				30
			]
		},
		{
			"Target": "Parameter",
			"Id": "Param20",
			"Segments": [
				0,
				0,
				1,
				0.278,
				0,
				0.556,
				-30,
				0.833,
				-30,
				1,
				1.122,
				-30,
				1.411,
				-21.844,
				1.7,
				0,
				1,
				1.933,
				17.643,
				2.167,
				30,
				2.4,
				30,
				1,
				2.767,
				30,
				3.133,
				0,
				3.5,
				0,
				0,
				4,
				0
			]
		},
		{
			"Target": "Parameter",
			"Id": "Param21",
			"Segments": [
				0,
				0,
				1,
				0.289,
				0,
				0.578,
				-30,
				0.867,
				-30,
				1,
				1.144,
				-30,
				1.422,
				-20,
				1.7,
				0,
				1,
				1.978,
				20,
				2.256,
				30,
				2.533,
				30,
				1,
				2.856,
				30,
				3.178,
				0,
				3.5,
				0,
				0,
				4,
				0
			]
		},
		{
			"Target": "Parameter",
			"Id": "Param26",
			"Segments": [
				0,
				0,
				1,
				0.389,
				0,
				0.778,
				-30,
				1.167,
				-30,
				1,
				1.511,
				-30,
				1.856,
				-15.567,
				2.2,
				1,
				1,
				2.444,
				12.757,
				2.689,
				15,
				2.933,
				15,
				0,
				4,
				15
			]
		},
		{
			"Target": "Parameter",
			"Id": "Param22",
			"Segments": [
				0,
				0,
				1,
				0.378,
				0,
				0.756,
				-30,
				1.133,
				-30,
				1,
				1.433,
				-30,
				1.733,
				-21.646,
				2.033,
				-1,
				1,
				2.311,
				18.117,
				2.589,
				30,
				2.867,
				30,
				0,
				4,
				30
			]
		},
		{
			"Target": "Parameter",
			"Id": "Param33",
			"Segments": [
				0,
				0,
				1,
				0.567,
				0,
				1.133,
				-12,
				1.7,
				-12,
				1,
				2.3,
				-12,
				2.9,
				-12,
				3.5,
				-12,
				0,
				4,
				-12
			]
		},
		{
			"Target": "Parameter",
			"Id": "Param34",
			"Segments": [
				0,
				0,
				1,
				0.567,
				0,
				1.133,
				19,
				1.7,
				19,
				1,
				2.3,
				19,
				2.9,
				19,
				3.5,
				19,
				0,
				4,
				19
			]
		},
		{
			"Target": "PartOpacity",
			"Id": "Part2",
			"Segments": [
				0,
				1,
				0,
				4,
				1
			]
		},
		{
			"Target": "PartOpacity",
			"Id": "Part3",
			"Segments": [
				0,
				1,
				0,
				4,
				1
			]
		},
		{
			"Target": "PartOpacity",
			"Id": "Part",
			"Segments": [
				0,
				1,
				0,
				4,
				1
			]
		},
		{
			"Target": "PartOpacity",
			"Id": "Part4",
			"Segments": [
				0,
				1,
				0,
				4,
				1
			]
		},
		{
			"Target": "PartOpacity",
			"Id": "Part5",
			"Segments": [
				0,
				1,
				0,
				4,
				1
			]
		},
		{
			"Target": "PartOpacity",
			"Id": "Part6",
			"Segments": [
				0,
				1,
				0,
				4,
				1
			]
		},
		{
			"Target": "PartOpacity",
			"Id": "Part7",
			"Segments": [
				0,
				1,
				0,
				4,
				1
			]
		},
		{
			"Target": "PartOpacity",
			"Id": "Part8",
			"Segments": [
				0,
				1,
				0,
				4,
				1
			]
		},
		{
			"Target": "PartOpacity",
			"Id": "Part9",
			"Segments": [
				0,
				1,
				0,
				4,
				1
			]
		},
		{
			"Target": "PartOpacity",
			"Id": "Part10",
			"Segments": [
				0,
				1,
				0,
				4,
				1
			]
		},
		{
			"Target": "PartOpacity",
			"Id": "Part11",
			"Segments": [
				0,
				1,
				0,
				4,
				1
			]
		},
		{
			"Target": "PartOpacity",
			"Id": "Part12",
			"Segments": [
				0,
				1,
				0,
				4,
				1
			]
		},
		{
			"Target": "PartOpacity",
			"Id": "Part13",
			"Segments": [
				0,
				1,
				0,
				4,
				1
			]
		},
		{
			"Target": "PartOpacity",
			"Id": "Part14",
			"Segments": [
				0,
				1,
				0,
				4,
				1
			]
		},
		{
			"Target": "PartOpacity",
			"Id": "Part15",
			"Segments": [
				0,
				1,
				0,
				4,
				1
			]
		},
		{
			"Target": "PartOpacity",
			"Id": "Part16",
			"Segments": [
				0,
				1,
				0,
				4,
				1
			]
		},
		{
			"Target": "PartOpacity",
			"Id": "Part17",
			"Segments": [
				0,
				1,
				0,
				4,
				1
			]
		},
		{
			"Target": "PartOpacity",
			"Id": "Part18",
			"Segments": [
				0,
				1,
				0,
				4,
				1
			]
		},
		{
			"Target": "PartOpacity",
			"Id": "Part19",
			"Segments": [
				0,
				1,
				0,
				4,
				1
			]
		},
		{
			"Target": "PartOpacity",
			"Id": "Part20",
			"Segments": [
				0,
				1,
				0,
				4,
				1
			]
		}
	]
}